specialty,date,year,wait_type,total_waiting
Anaesthetics,2022-01-27,2022,Inpatient/Day Case,288.0
Breast Surgery,2022-01-27,2022,Inpatient/Day Case,169.0
Cardio-Thoracic Surgery,2022-01-27,2022,Inpatient/Day Case,376.0
Cardiology,2022-01-27,2022,Inpatient/Day Case,3523.0
Clinical Immunology,2022-01-27,2022,Inpatient/Day Case,150.0
Dental Surgery,2022-01-27,2022,Inpatient/Day Case,74.0
Dermatology,2022-01-27,2022,Inpatient/Day Case,1194.0
Endocrinology,2022-01-27,2022,Inpatient/Day Case,39.0
Gastro-Enterology,2022-01-27,2022,Inpatient/Day Case,518.0
Gastro-Intestinal Surgery,2022-01-27,2022,Inpatient/Day Case,476.0
General Medicine,2022-01-27,2022,Inpatient/Day Case,387.0
General Surgery,2022-01-27,2022,Inpatient/Day Case,12922.0
Gynaecology,2022-01-27,2022,Inpatient/Day Case,5568.0
Haematology,2022-01-27,2022,Inpatient/Day Case,22.0
Hepato-Biliary Surgery,2022-01-27,2022,Inpatient/Day Case,71.0
Maxillo-Facial,2022-01-27,2022,Inpatient/Day Case,724.0
Nephrology,2022-01-27,2022,Inpatient/Day Case,55.0
Neurology,2022-01-27,2022,Inpatient/Day Case,360.0
Neurosurgery,2022-01-27,2022,Inpatient/Day Case,518.0
Oncology,2022-01-27,2022,Inpatient/Day Case,48.0
Ophthalmology,2022-01-27,2022,Inpatient/Day Case,7841.0
Oral Surgery,2022-01-27,2022,Inpatient/Day Case,474.0
Orthopaedics,2022-01-27,2022,Inpatient/Day Case,10246.0
Otolaryngology (ENT),2022-01-27,2022,Inpatient/Day Case,3695.0
Pain Relief,2022-01-27,2022,Inpatient/Day Case,4951.0
Plastic Surgery,2022-01-27,2022,Inpatient/Day Case,4463.0
Radiology,2022-01-27,2022,Inpatient/Day Case,43.0
Respiratory Medicine,2022-01-27,2022,Inpatient/Day Case,547.0
Rheumatology,2022-01-27,2022,Inpatient/Day Case,309.0
Small Volume Specialties,2022-01-27,2022,Inpatient/Day Case,33.0
Urology,2022-01-27,2022,Inpatient/Day Case,8240.0
Vascular Surgery,2022-01-27,2022,Inpatient/Day Case,1449.0
Cardio-Thoracic Surgery,2022-01-27,2022,Inpatient/Day Case,73.0
Clinical Immunology,2022-01-27,2022,Inpatient/Day Case,224.0
Dental Surgery,2022-01-27,2022,Inpatient/Day Case,269.0
General Surgery,2022-01-27,2022,Inpatient/Day Case,296.0
Immunology,2022-01-27,2022,Inpatient/Day Case,110.0
Maxillo-Facial,2022-01-27,2022,Inpatient/Day Case,103.0
Ophthalmology,2022-01-27,2022,Inpatient/Day Case,654.0
Oral Surgery,2022-01-27,2022,Inpatient/Day Case,28.0
Orthopaedics,2022-01-27,2022,Inpatient/Day Case,381.0
Otolaryngology (ENT),2022-01-27,2022,Inpatient/Day Case,574.0
Paed Cardiology,2022-01-27,2022,Inpatient/Day Case,198.0
Paed Endocrinology,2022-01-27,2022,Inpatient/Day Case,45.0
Paed Orthopaedic,2022-01-27,2022,Inpatient/Day Case,1142.0
Paediatric Dermatology,2022-01-27,2022,Inpatient/Day Case,68.0
Paediatric ENT,2022-01-27,2022,Inpatient/Day Case,617.0
Paediatric Neurology,2022-01-27,2022,Inpatient/Day Case,33.0
Paediatric Radiology,2022-01-27,2022,Inpatient/Day Case,63.0
Paediatric Respiratory Medicine,2022-01-27,2022,Inpatient/Day Case,1287.0
Paediatric Surgery,2022-01-27,2022,Inpatient/Day Case,521.0
Paediatric Urology,2022-01-27,2022,Inpatient/Day Case,374.0
Paediatrics,2022-01-27,2022,Inpatient/Day Case,152.0
Plastic Surgery,2022-01-27,2022,Inpatient/Day Case,399.0
Rheumatology,2022-01-27,2022,Inpatient/Day Case,62.0
Small Volume Specialties,2022-01-27,2022,Inpatient/Day Case,115.0
Urology,2022-01-27,2022,Inpatient/Day Case,255.0
Anaesthetics,2022-02-24,2022,Inpatient/Day Case,279.0
Breast Surgery,2022-02-24,2022,Inpatient/Day Case,173.0
Cardio-Thoracic Surgery,2022-02-24,2022,Inpatient/Day Case,405.0
Cardiology,2022-02-24,2022,Inpatient/Day Case,3384.0
Clinical Immunology,2022-02-24,2022,Inpatient/Day Case,151.0
Dental Surgery,2022-02-24,2022,Inpatient/Day Case,62.0
Dermatology,2022-02-24,2022,Inpatient/Day Case,1177.0
Endocrinology,2022-02-24,2022,Inpatient/Day Case,55.0
Gastro-Enterology,2022-02-24,2022,Inpatient/Day Case,528.0
Gastro-Intestinal Surgery,2022-02-24,2022,Inpatient/Day Case,507.0
General Medicine,2022-02-24,2022,Inpatient/Day Case,341.0
General Surgery,2022-02-24,2022,Inpatient/Day Case,12896.0
Gynaecology,2022-02-24,2022,Inpatient/Day Case,5668.0
Haematology,2022-02-24,2022,Inpatient/Day Case,33.0
Hepato-Biliary Surgery,2022-02-24,2022,Inpatient/Day Case,81.0
Maxillo-Facial,2022-02-24,2022,Inpatient/Day Case,727.0
Nephrology,2022-02-24,2022,Inpatient/Day Case,54.0
Neurology,2022-02-24,2022,Inpatient/Day Case,347.0
Neurosurgery,2022-02-24,2022,Inpatient/Day Case,560.0
Oncology,2022-02-24,2022,Inpatient/Day Case,60.0
Ophthalmology,2022-02-24,2022,Inpatient/Day Case,7935.0
Oral Surgery,2022-02-24,2022,Inpatient/Day Case,509.0
Orthopaedics,2022-02-24,2022,Inpatient/Day Case,10473.0
Otolaryngology (ENT),2022-02-24,2022,Inpatient/Day Case,3623.0
Pain Relief,2022-02-24,2022,Inpatient/Day Case,4881.0
Plastic Surgery,2022-02-24,2022,Inpatient/Day Case,4625.0
Radiology,2022-02-24,2022,Inpatient/Day Case,44.0
Respiratory Medicine,2022-02-24,2022,Inpatient/Day Case,791.0
Rheumatology,2022-02-24,2022,Inpatient/Day Case,314.0
Small Volume Specialties,2022-02-24,2022,Inpatient/Day Case,20.0
Urology,2022-02-24,2022,Inpatient/Day Case,8197.0
Vascular Surgery,2022-02-24,2022,Inpatient/Day Case,1515.0
Cardio-Thoracic Surgery,2022-02-24,2022,Inpatient/Day Case,78.0
Clinical Immunology,2022-02-24,2022,Inpatient/Day Case,254.0
Dental Surgery,2022-02-24,2022,Inpatient/Day Case,269.0
General Surgery,2022-02-24,2022,Inpatient/Day Case,267.0
Immunology,2022-02-24,2022,Inpatient/Day Case,100.0
Maxillo-Facial,2022-02-24,2022,Inpatient/Day Case,103.0
Ophthalmology,2022-02-24,2022,Inpatient/Day Case,600.0
Oral Surgery,2022-02-24,2022,Inpatient/Day Case,34.0
Orthopaedics,2022-02-24,2022,Inpatient/Day Case,390.0
Otolaryngology (ENT),2022-02-24,2022,Inpatient/Day Case,469.0
Paed Cardiology,2022-02-24,2022,Inpatient/Day Case,220.0
Paed Endocrinology,2022-02-24,2022,Inpatient/Day Case,48.0
Paed Gastro-Enterol,2022-02-24,2022,Inpatient/Day Case,49.0
Paed Orthopaedic,2022-02-24,2022,Inpatient/Day Case,1128.0
Paediatric Dermatology,2022-02-24,2022,Inpatient/Day Case,59.0
Paediatric ENT,2022-02-24,2022,Inpatient/Day Case,546.0
Paediatric Neurology,2022-02-24,2022,Inpatient/Day Case,33.0
Paediatric Neurosurgery,2022-02-24,2022,Inpatient/Day Case,25.0
Paediatric Radiology,2022-02-24,2022,Inpatient/Day Case,73.0
Paediatric Respiratory Medicine,2022-02-24,2022,Inpatient/Day Case,1321.0
Paediatric Surgery,2022-02-24,2022,Inpatient/Day Case,510.0
Paediatric Urology,2022-02-24,2022,Inpatient/Day Case,380.0
Paediatrics,2022-02-24,2022,Inpatient/Day Case,173.0
Plastic Surgery,2022-02-24,2022,Inpatient/Day Case,390.0
Rheumatology,2022-02-24,2022,Inpatient/Day Case,60.0
Small Volume Specialties,2022-02-24,2022,Inpatient/Day Case,82.0
Urology,2022-02-24,2022,Inpatient/Day Case,296.0
Anaesthetics,2022-03-31,2022,Inpatient/Day Case,246.0
Breast Surgery,2022-03-31,2022,Inpatient/Day Case,189.0
Cardio-Thoracic Surgery,2022-03-31,2022,Inpatient/Day Case,367.0
Cardiology,2022-03-31,2022,Inpatient/Day Case,3423.0
Clinical Immunology,2022-03-31,2022,Inpatient/Day Case,153.0
Dental Surgery,2022-03-31,2022,Inpatient/Day Case,63.0
Dermatology,2022-03-31,2022,Inpatient/Day Case,1113.0
Endocrinology,2022-03-31,2022,Inpatient/Day Case,62.0
Gastro-Enterology,2022-03-31,2022,Inpatient/Day Case,543.0
Gastro-Intestinal Surgery,2022-03-31,2022,Inpatient/Day Case,487.0
General Medicine,2022-03-31,2022,Inpatient/Day Case,327.0
General Surgery,2022-03-31,2022,Inpatient/Day Case,13250.0
Gynaecology,2022-03-31,2022,Inpatient/Day Case,5774.0
Haematology,2022-03-31,2022,Inpatient/Day Case,25.0
Hepato-Biliary Surgery,2022-03-31,2022,Inpatient/Day Case,70.0
Maxillo-Facial,2022-03-31,2022,Inpatient/Day Case,834.0
Nephrology,2022-03-31,2022,Inpatient/Day Case,53.0
Neurology,2022-03-31,2022,Inpatient/Day Case,367.0
Neurosurgery,2022-03-31,2022,Inpatient/Day Case,596.0
Oncology,2022-03-31,2022,Inpatient/Day Case,38.0
Ophthalmology,2022-03-31,2022,Inpatient/Day Case,8538.0
Oral Surgery,2022-03-31,2022,Inpatient/Day Case,556.0
Orthopaedics,2022-03-31,2022,Inpatient/Day Case,10783.0
Otolaryngology (ENT),2022-03-31,2022,Inpatient/Day Case,3923.0
Pain Relief,2022-03-31,2022,Inpatient/Day Case,4829.0
Plastic Surgery,2022-03-31,2022,Inpatient/Day Case,4871.0
Radiology,2022-03-31,2022,Inpatient/Day Case,69.0
Respiratory Medicine,2022-03-31,2022,Inpatient/Day Case,622.0
Rheumatology,2022-03-31,2022,Inpatient/Day Case,348.0
Small Volume Specialties,2022-03-31,2022,Inpatient/Day Case,23.0
Urology,2022-03-31,2022,Inpatient/Day Case,8434.0
Vascular Surgery,2022-03-31,2022,Inpatient/Day Case,1481.0
Cardio-Thoracic Surgery,2022-03-31,2022,Inpatient/Day Case,79.0
Clinical Immunology,2022-03-31,2022,Inpatient/Day Case,245.0
Dental Surgery,2022-03-31,2022,Inpatient/Day Case,264.0
General Surgery,2022-03-31,2022,Inpatient/Day Case,300.0
Immunology,2022-03-31,2022,Inpatient/Day Case,88.0
Maxillo-Facial,2022-03-31,2022,Inpatient/Day Case,108.0
Ophthalmology,2022-03-31,2022,Inpatient/Day Case,637.0
Oral Surgery,2022-03-31,2022,Inpatient/Day Case,42.0
Orthopaedics,2022-03-31,2022,Inpatient/Day Case,463.0
Otolaryngology (ENT),2022-03-31,2022,Inpatient/Day Case,520.0
Paed Cardiology,2022-03-31,2022,Inpatient/Day Case,210.0
Paed Endocrinology,2022-03-31,2022,Inpatient/Day Case,51.0
Paed Gastro-Enterol,2022-03-31,2022,Inpatient/Day Case,43.0
Paed Metabolic Medicine,2022-03-31,2022,Inpatient/Day Case,20.0
Paed Orthopaedic,2022-03-31,2022,Inpatient/Day Case,995.0
Paediatric Dermatology,2022-03-31,2022,Inpatient/Day Case,58.0
Paediatric ENT,2022-03-31,2022,Inpatient/Day Case,548.0
Paediatric Neurology,2022-03-31,2022,Inpatient/Day Case,21.0
Paediatric Radiology,2022-03-31,2022,Inpatient/Day Case,75.0
Paediatric Respiratory Medicine,2022-03-31,2022,Inpatient/Day Case,1308.0
Paediatric Surgery,2022-03-31,2022,Inpatient/Day Case,516.0
Paediatric Urology,2022-03-31,2022,Inpatient/Day Case,422.0
Paediatrics,2022-03-31,2022,Inpatient/Day Case,196.0
Plastic Surgery,2022-03-31,2022,Inpatient/Day Case,376.0
Rheumatology,2022-03-31,2022,Inpatient/Day Case,64.0
Small Volume Specialties,2022-03-31,2022,Inpatient/Day Case,86.0
Urology,2022-03-31,2022,Inpatient/Day Case,277.0
Anaesthetics,2022-04-28,2022,Inpatient/Day Case,251.0
Breast Surgery,2022-04-28,2022,Inpatient/Day Case,191.0
Cardio-Thoracic Surgery,2022-04-28,2022,Inpatient/Day Case,342.0
Cardiology,2022-04-28,2022,Inpatient/Day Case,3252.0
Clinical Immunology,2022-04-28,2022,Inpatient/Day Case,178.0
Dental Surgery,2022-04-28,2022,Inpatient/Day Case,59.0
Dermatology,2022-04-28,2022,Inpatient/Day Case,1040.0
Endocrinology,2022-04-28,2022,Inpatient/Day Case,43.0
Gastro-Enterology,2022-04-28,2022,Inpatient/Day Case,540.0
Gastro-Intestinal Surgery,2022-04-28,2022,Inpatient/Day Case,461.0
General Medicine,2022-04-28,2022,Inpatient/Day Case,298.0
General Surgery,2022-04-28,2022,Inpatient/Day Case,13029.0
Gynaecology,2022-04-28,2022,Inpatient/Day Case,5775.0
Haematology,2022-04-28,2022,Inpatient/Day Case,30.0
Hepato-Biliary Surgery,2022-04-28,2022,Inpatient/Day Case,65.0
Maxillo-Facial,2022-04-28,2022,Inpatient/Day Case,836.0
Nephrology,2022-04-28,2022,Inpatient/Day Case,50.0
Neurology,2022-04-28,2022,Inpatient/Day Case,328.0
Neurosurgery,2022-04-28,2022,Inpatient/Day Case,587.0
Oncology,2022-04-28,2022,Inpatient/Day Case,32.0
Ophthalmology,2022-04-28,2022,Inpatient/Day Case,8555.0
Oral Surgery,2022-04-28,2022,Inpatient/Day Case,534.0
Orthopaedics,2022-04-28,2022,Inpatient/Day Case,11017.0
Otolaryngology (ENT),2022-04-28,2022,Inpatient/Day Case,3972.0
Pain Relief,2022-04-28,2022,Inpatient/Day Case,4840.0
Plastic Surgery,2022-04-28,2022,Inpatient/Day Case,4750.0
Radiology,2022-04-28,2022,Inpatient/Day Case,48.0
Respiratory Medicine,2022-04-28,2022,Inpatient/Day Case,576.0
Rheumatology,2022-04-28,2022,Inpatient/Day Case,327.0
Small Volume Specialties,2022-04-28,2022,Inpatient/Day Case,25.0
Urology,2022-04-28,2022,Inpatient/Day Case,8503.0
Vascular Surgery,2022-04-28,2022,Inpatient/Day Case,1417.0
Cardio-Thoracic Surgery,2022-04-28,2022,Inpatient/Day Case,72.0
Clinical Immunology,2022-04-28,2022,Inpatient/Day Case,280.0
Dental Surgery,2022-04-28,2022,Inpatient/Day Case,262.0
General Surgery,2022-04-28,2022,Inpatient/Day Case,270.0
Immunology,2022-04-28,2022,Inpatient/Day Case,95.0
Maxillo-Facial,2022-04-28,2022,Inpatient/Day Case,104.0
Ophthalmology,2022-04-28,2022,Inpatient/Day Case,638.0
Oral Surgery,2022-04-28,2022,Inpatient/Day Case,37.0
Orthopaedics,2022-04-28,2022,Inpatient/Day Case,475.0
Otolaryngology (ENT),2022-04-28,2022,Inpatient/Day Case,539.0
Paed Cardiology,2022-04-28,2022,Inpatient/Day Case,232.0
Paed Endocrinology,2022-04-28,2022,Inpatient/Day Case,56.0
Paed Gastro-Enterol,2022-04-28,2022,Inpatient/Day Case,41.0
Paed Metabolic Medicine,2022-04-28,2022,Inpatient/Day Case,28.0
Paed Orthopaedic,2022-04-28,2022,Inpatient/Day Case,935.0
Paediatric Dermatology,2022-04-28,2022,Inpatient/Day Case,62.0
Paediatric ENT,2022-04-28,2022,Inpatient/Day Case,533.0
Paediatric Neurology,2022-04-28,2022,Inpatient/Day Case,30.0
Paediatric Neurosurgery,2022-04-28,2022,Inpatient/Day Case,21.0
Paediatric Radiology,2022-04-28,2022,Inpatient/Day Case,80.0
Paediatric Respiratory Medicine,2022-04-28,2022,Inpatient/Day Case,1336.0
Paediatric Surgery,2022-04-28,2022,Inpatient/Day Case,470.0
Paediatric Urology,2022-04-28,2022,Inpatient/Day Case,419.0
Paediatrics,2022-04-28,2022,Inpatient/Day Case,215.0
Plastic Surgery,2022-04-28,2022,Inpatient/Day Case,377.0
Rheumatology,2022-04-28,2022,Inpatient/Day Case,65.0
Small Volume Specialties,2022-04-28,2022,Inpatient/Day Case,69.0
Urology,2022-04-28,2022,Inpatient/Day Case,254.0
Anaesthetics,2022-05-26,2022,Inpatient/Day Case,94.0
Breast Surgery,2022-05-26,2022,Inpatient/Day Case,181.0
Cardio-Thoracic Surgery,2022-05-26,2022,Inpatient/Day Case,340.0
Cardiology,2022-05-26,2022,Inpatient/Day Case,3238.0
Clinical Immunology,2022-05-26,2022,Inpatient/Day Case,197.0
Dental Surgery,2022-05-26,2022,Inpatient/Day Case,61.0
Dermatology,2022-05-26,2022,Inpatient/Day Case,1113.0
Endocrinology,2022-05-26,2022,Inpatient/Day Case,59.0
Gastro-Enterology,2022-05-26,2022,Inpatient/Day Case,538.0
Gastro-Intestinal Surgery,2022-05-26,2022,Inpatient/Day Case,462.0
General Medicine,2022-05-26,2022,Inpatient/Day Case,278.0
General Surgery,2022-05-26,2022,Inpatient/Day Case,12750.0
Gynaecology,2022-05-26,2022,Inpatient/Day Case,5762.0
Haematology,2022-05-26,2022,Inpatient/Day Case,36.0
Hepato-Biliary Surgery,2022-05-26,2022,Inpatient/Day Case,59.0
Maxillo-Facial,2022-05-26,2022,Inpatient/Day Case,882.0
Nephrology,2022-05-26,2022,Inpatient/Day Case,41.0
Neurology,2022-05-26,2022,Inpatient/Day Case,303.0
Neurosurgery,2022-05-26,2022,Inpatient/Day Case,618.0
Oncology,2022-05-26,2022,Inpatient/Day Case,36.0
Ophthalmology,2022-05-26,2022,Inpatient/Day Case,8545.0
Oral Surgery,2022-05-26,2022,Inpatient/Day Case,554.0
Orthopaedics,2022-05-26,2022,Inpatient/Day Case,10693.0
Otolaryngology (ENT),2022-05-26,2022,Inpatient/Day Case,4164.0
Pain Relief,2022-05-26,2022,Inpatient/Day Case,4733.0
Plastic Surgery,2022-05-26,2022,Inpatient/Day Case,4938.0
Radiology,2022-05-26,2022,Inpatient/Day Case,42.0
Respiratory Medicine,2022-05-26,2022,Inpatient/Day Case,619.0
Rheumatology,2022-05-26,2022,Inpatient/Day Case,357.0
Small Volume Specialties,2022-05-26,2022,Inpatient/Day Case,19.0
Urology,2022-05-26,2022,Inpatient/Day Case,8628.0
Vascular Surgery,2022-05-26,2022,Inpatient/Day Case,1439.0
Cardio-Thoracic Surgery,2022-05-26,2022,Inpatient/Day Case,86.0
Clinical Immunology,2022-05-26,2022,Inpatient/Day Case,264.0
Dental Surgery,2022-05-26,2022,Inpatient/Day Case,280.0
General Surgery,2022-05-26,2022,Inpatient/Day Case,262.0
Immunology,2022-05-26,2022,Inpatient/Day Case,96.0
Maxillo-Facial,2022-05-26,2022,Inpatient/Day Case,112.0
Ophthalmology,2022-05-26,2022,Inpatient/Day Case,681.0
Oral Surgery,2022-05-26,2022,Inpatient/Day Case,50.0
Orthopaedics,2022-05-26,2022,Inpatient/Day Case,478.0
Otolaryngology (ENT),2022-05-26,2022,Inpatient/Day Case,596.0
Paed Cardiology,2022-05-26,2022,Inpatient/Day Case,229.0
Paed Orthopaedic,2022-05-26,2022,Inpatient/Day Case,892.0
Paediatric Dermatology,2022-05-26,2022,Inpatient/Day Case,37.0
Paediatric ENT,2022-05-26,2022,Inpatient/Day Case,471.0
Paediatric Infectious Diseases,2022-05-26,2022,Inpatient/Day Case,21.0
Paediatric Neurology,2022-05-26,2022,Inpatient/Day Case,21.0
Paediatric Neurosurgery,2022-05-26,2022,Inpatient/Day Case,30.0
Paediatric Radiology,2022-05-26,2022,Inpatient/Day Case,46.0
Paediatric Respiratory Medicine,2022-05-26,2022,Inpatient/Day Case,1417.0
Paediatric Surgery,2022-05-26,2022,Inpatient/Day Case,406.0
Paediatric Urology,2022-05-26,2022,Inpatient/Day Case,415.0
Paediatrics,2022-05-26,2022,Inpatient/Day Case,213.0
Plastic Surgery,2022-05-26,2022,Inpatient/Day Case,399.0
Rheumatology,2022-05-26,2022,Inpatient/Day Case,70.0
Small Volume Specialties,2022-05-26,2022,Inpatient/Day Case,91.0
Urology,2022-05-26,2022,Inpatient/Day Case,247.0
Anaesthetics,2022-06-30,2022,Inpatient/Day Case,75.0
Breast Surgery,2022-06-30,2022,Inpatient/Day Case,181.0
Cardio-Thoracic Surgery,2022-06-30,2022,Inpatient/Day Case,322.0
Cardiology,2022-06-30,2022,Inpatient/Day Case,2893.0
Clinical Immunology,2022-06-30,2022,Inpatient/Day Case,195.0
Dental Surgery,2022-06-30,2022,Inpatient/Day Case,63.0
Dermatology,2022-06-30,2022,Inpatient/Day Case,1174.0
Endocrinology,2022-06-30,2022,Inpatient/Day Case,62.0
Gastro-Enterology,2022-06-30,2022,Inpatient/Day Case,527.0
Gastro-Intestinal Surgery,2022-06-30,2022,Inpatient/Day Case,501.0
General Medicine,2022-06-30,2022,Inpatient/Day Case,264.0
General Surgery,2022-06-30,2022,Inpatient/Day Case,12733.0
Gynaecology,2022-06-30,2022,Inpatient/Day Case,5747.0
Haematology,2022-06-30,2022,Inpatient/Day Case,28.0
Hepato-Biliary Surgery,2022-06-30,2022,Inpatient/Day Case,47.0
Maxillo-Facial,2022-06-30,2022,Inpatient/Day Case,994.0
Nephrology,2022-06-30,2022,Inpatient/Day Case,40.0
Neurology,2022-06-30,2022,Inpatient/Day Case,326.0
Neurosurgery,2022-06-30,2022,Inpatient/Day Case,652.0
Oncology,2022-06-30,2022,Inpatient/Day Case,27.0
Ophthalmology,2022-06-30,2022,Inpatient/Day Case,8989.0
Oral Surgery,2022-06-30,2022,Inpatient/Day Case,575.0
Orthopaedics,2022-06-30,2022,Inpatient/Day Case,10523.0
Otolaryngology (ENT),2022-06-30,2022,Inpatient/Day Case,4182.0
Pain Relief,2022-06-30,2022,Inpatient/Day Case,4781.0
Plastic Surgery,2022-06-30,2022,Inpatient/Day Case,4969.0
Radiology,2022-06-30,2022,Inpatient/Day Case,49.0
Respiratory Medicine,2022-06-30,2022,Inpatient/Day Case,715.0
Rheumatology,2022-06-30,2022,Inpatient/Day Case,276.0
Small Volume Specialties,2022-06-30,2022,Inpatient/Day Case,15.0
Urology,2022-06-30,2022,Inpatient/Day Case,8884.0
Vascular Surgery,2022-06-30,2022,Inpatient/Day Case,1497.0
Cardio-Thoracic Surgery,2022-06-30,2022,Inpatient/Day Case,90.0
Clinical Immunology,2022-06-30,2022,Inpatient/Day Case,289.0
Dental Surgery,2022-06-30,2022,Inpatient/Day Case,267.0
General Surgery,2022-06-30,2022,Inpatient/Day Case,264.0
Immunology,2022-06-30,2022,Inpatient/Day Case,104.0
Maxillo-Facial,2022-06-30,2022,Inpatient/Day Case,111.0
Ophthalmology,2022-06-30,2022,Inpatient/Day Case,691.0
Oral Surgery,2022-06-30,2022,Inpatient/Day Case,58.0
Orthopaedics,2022-06-30,2022,Inpatient/Day Case,523.0
Otolaryngology (ENT),2022-06-30,2022,Inpatient/Day Case,707.0
Paed Cardiology,2022-06-30,2022,Inpatient/Day Case,238.0
Paed Endocrinology,2022-06-30,2022,Inpatient/Day Case,21.0
Paed Orthopaedic,2022-06-30,2022,Inpatient/Day Case,808.0
Paediatric Dermatology,2022-06-30,2022,Inpatient/Day Case,27.0
Paediatric ENT,2022-06-30,2022,Inpatient/Day Case,467.0
Paediatric Infectious Diseases,2022-06-30,2022,Inpatient/Day Case,22.0
Paediatric Neurology,2022-06-30,2022,Inpatient/Day Case,23.0
Paediatric Neurosurgery,2022-06-30,2022,Inpatient/Day Case,31.0
Paediatric Radiology,2022-06-30,2022,Inpatient/Day Case,41.0
Paediatric Respiratory Medicine,2022-06-30,2022,Inpatient/Day Case,1419.0
Paediatric Surgery,2022-06-30,2022,Inpatient/Day Case,390.0
Paediatric Urology,2022-06-30,2022,Inpatient/Day Case,367.0
Paediatrics,2022-06-30,2022,Inpatient/Day Case,194.0
Plastic Surgery,2022-06-30,2022,Inpatient/Day Case,411.0
Rheumatology,2022-06-30,2022,Inpatient/Day Case,71.0
Small Volume Specialties,2022-06-30,2022,Inpatient/Day Case,85.0
Urology,2022-06-30,2022,Inpatient/Day Case,244.0
Anaesthetics,2022-07-28,2022,Inpatient/Day Case,60.0
Breast Surgery,2022-07-28,2022,Inpatient/Day Case,189.0
Cardio-Thoracic Surgery,2022-07-28,2022,Inpatient/Day Case,347.0
Cardiology,2022-07-28,2022,Inpatient/Day Case,2632.0
Clinical Immunology,2022-07-28,2022,Inpatient/Day Case,207.0
Dental Surgery,2022-07-28,2022,Inpatient/Day Case,51.0
Dermatology,2022-07-28,2022,Inpatient/Day Case,1094.0
Endocrinology,2022-07-28,2022,Inpatient/Day Case,61.0
Gastro-Enterology,2022-07-28,2022,Inpatient/Day Case,496.0
Gastro-Intestinal Surgery,2022-07-28,2022,Inpatient/Day Case,511.0
General Medicine,2022-07-28,2022,Inpatient/Day Case,237.0
General Surgery,2022-07-28,2022,Inpatient/Day Case,12804.0
Gynaecology,2022-07-28,2022,Inpatient/Day Case,5691.0
Haematology,2022-07-28,2022,Inpatient/Day Case,31.0
Hepato-Biliary Surgery,2022-07-28,2022,Inpatient/Day Case,53.0
Maxillo-Facial,2022-07-28,2022,Inpatient/Day Case,1105.0
Nephrology,2022-07-28,2022,Inpatient/Day Case,38.0
Neurology,2022-07-28,2022,Inpatient/Day Case,320.0
Neurosurgery,2022-07-28,2022,Inpatient/Day Case,689.0
Oncology,2022-07-28,2022,Inpatient/Day Case,32.0
Ophthalmology,2022-07-28,2022,Inpatient/Day Case,9053.0
Oral Surgery,2022-07-28,2022,Inpatient/Day Case,599.0
Orthopaedics,2022-07-28,2022,Inpatient/Day Case,10651.0
Otolaryngology (ENT),2022-07-28,2022,Inpatient/Day Case,4233.0
Pain Relief,2022-07-28,2022,Inpatient/Day Case,4555.0
Plastic Surgery,2022-07-28,2022,Inpatient/Day Case,4930.0
Radiology,2022-07-28,2022,Inpatient/Day Case,26.0
Respiratory Medicine,2022-07-28,2022,Inpatient/Day Case,649.0
Rheumatology,2022-07-28,2022,Inpatient/Day Case,294.0
Small Volume Specialties,2022-07-28,2022,Inpatient/Day Case,21.0
Urology,2022-07-28,2022,Inpatient/Day Case,8599.0
Vascular Surgery,2022-07-28,2022,Inpatient/Day Case,1414.0
Cardio-Thoracic Surgery,2022-07-28,2022,Inpatient/Day Case,85.0
Clinical Immunology,2022-07-28,2022,Inpatient/Day Case,300.0
Dental Surgery,2022-07-28,2022,Inpatient/Day Case,243.0
General Surgery,2022-07-28,2022,Inpatient/Day Case,259.0
Immunology,2022-07-28,2022,Inpatient/Day Case,107.0
Maxillo-Facial,2022-07-28,2022,Inpatient/Day Case,105.0
Ophthalmology,2022-07-28,2022,Inpatient/Day Case,682.0
Oral Surgery,2022-07-28,2022,Inpatient/Day Case,67.0
Orthopaedics,2022-07-28,2022,Inpatient/Day Case,515.0
Otolaryngology (ENT),2022-07-28,2022,Inpatient/Day Case,735.0
Paed Cardiology,2022-07-28,2022,Inpatient/Day Case,243.0
Paed Endocrinology,2022-07-28,2022,Inpatient/Day Case,22.0
Paed Orthopaedic,2022-07-28,2022,Inpatient/Day Case,793.0
Paediatric Dermatology,2022-07-28,2022,Inpatient/Day Case,30.0
Paediatric ENT,2022-07-28,2022,Inpatient/Day Case,506.0
Paediatric Infectious Diseases,2022-07-28,2022,Inpatient/Day Case,22.0
Paediatric Neurosurgery,2022-07-28,2022,Inpatient/Day Case,32.0
Paediatric Radiology,2022-07-28,2022,Inpatient/Day Case,38.0
Paediatric Respiratory Medicine,2022-07-28,2022,Inpatient/Day Case,1334.0
Paediatric Surgery,2022-07-28,2022,Inpatient/Day Case,418.0
Paediatric Urology,2022-07-28,2022,Inpatient/Day Case,364.0
Paediatrics,2022-07-28,2022,Inpatient/Day Case,204.0
Plastic Surgery,2022-07-28,2022,Inpatient/Day Case,404.0
Rheumatology,2022-07-28,2022,Inpatient/Day Case,77.0
Small Volume Specialties,2022-07-28,2022,Inpatient/Day Case,97.0
Urology,2022-07-28,2022,Inpatient/Day Case,236.0
Anaesthetics,2022-08-25,2022,Inpatient/Day Case,66.0
Breast Surgery,2022-08-25,2022,Inpatient/Day Case,204.0
Cardio-Thoracic Surgery,2022-08-25,2022,Inpatient/Day Case,343.0
Cardiology,2022-08-25,2022,Inpatient/Day Case,2689.0
Clinical Immunology,2022-08-25,2022,Inpatient/Day Case,216.0
Dental Surgery,2022-08-25,2022,Inpatient/Day Case,53.0
Dermatology,2022-08-25,2022,Inpatient/Day Case,979.0
Endocrinology,2022-08-25,2022,Inpatient/Day Case,59.0
Gastro-Enterology,2022-08-25,2022,Inpatient/Day Case,480.0
Gastro-Intestinal Surgery,2022-08-25,2022,Inpatient/Day Case,533.0
General Medicine,2022-08-25,2022,Inpatient/Day Case,249.0
General Surgery,2022-08-25,2022,Inpatient/Day Case,12920.0
Gynaecology,2022-08-25,2022,Inpatient/Day Case,5425.0
Haematology,2022-08-25,2022,Inpatient/Day Case,37.0
Hepato-Biliary Surgery,2022-08-25,2022,Inpatient/Day Case,42.0
Maxillo-Facial,2022-08-25,2022,Inpatient/Day Case,1152.0
Neurology,2022-08-25,2022,Inpatient/Day Case,295.0
Neurosurgery,2022-08-25,2022,Inpatient/Day Case,696.0
Oncology,2022-08-25,2022,Inpatient/Day Case,22.0
Ophthalmology,2022-08-25,2022,Inpatient/Day Case,8861.0
Oral Surgery,2022-08-25,2022,Inpatient/Day Case,599.0
Orthopaedics,2022-08-25,2022,Inpatient/Day Case,10783.0
Otolaryngology (ENT),2022-08-25,2022,Inpatient/Day Case,4476.0
Pain Relief,2022-08-25,2022,Inpatient/Day Case,4294.0
Plastic Surgery,2022-08-25,2022,Inpatient/Day Case,4837.0
Radiology,2022-08-25,2022,Inpatient/Day Case,34.0
Respiratory Medicine,2022-08-25,2022,Inpatient/Day Case,657.0
Rheumatology,2022-08-25,2022,Inpatient/Day Case,290.0
Small Volume Specialties,2022-08-25,2022,Inpatient/Day Case,43.0
Urology,2022-08-25,2022,Inpatient/Day Case,8512.0
Vascular Surgery,2022-08-25,2022,Inpatient/Day Case,1571.0
Cardio-Thoracic Surgery,2022-08-25,2022,Inpatient/Day Case,68.0
Clinical Immunology,2022-08-25,2022,Inpatient/Day Case,306.0
Dental Surgery,2022-08-25,2022,Inpatient/Day Case,255.0
General Surgery,2022-08-25,2022,Inpatient/Day Case,288.0
Immunology,2022-08-25,2022,Inpatient/Day Case,108.0
Maxillo-Facial,2022-08-25,2022,Inpatient/Day Case,111.0
Ophthalmology,2022-08-25,2022,Inpatient/Day Case,618.0
Oral Surgery,2022-08-25,2022,Inpatient/Day Case,71.0
Orthopaedics,2022-08-25,2022,Inpatient/Day Case,503.0
Otolaryngology (ENT),2022-08-25,2022,Inpatient/Day Case,767.0
Paed Cardiology,2022-08-25,2022,Inpatient/Day Case,223.0
Paed Gastro-Enterol,2022-08-25,2022,Inpatient/Day Case,21.0
Paed Orthopaedic,2022-08-25,2022,Inpatient/Day Case,808.0
Paediatric Dermatology,2022-08-25,2022,Inpatient/Day Case,38.0
Paediatric ENT,2022-08-25,2022,Inpatient/Day Case,472.0
Paediatric Neurosurgery,2022-08-25,2022,Inpatient/Day Case,30.0
Paediatric Radiology,2022-08-25,2022,Inpatient/Day Case,40.0
Paediatric Respiratory Medicine,2022-08-25,2022,Inpatient/Day Case,1349.0
Paediatric Surgery,2022-08-25,2022,Inpatient/Day Case,439.0
Paediatric Urology,2022-08-25,2022,Inpatient/Day Case,331.0
Paediatrics,2022-08-25,2022,Inpatient/Day Case,199.0
Plastic Surgery,2022-08-25,2022,Inpatient/Day Case,398.0
Rheumatology,2022-08-25,2022,Inpatient/Day Case,79.0
Small Volume Specialties,2022-08-25,2022,Inpatient/Day Case,113.0
Urology,2022-08-25,2022,Inpatient/Day Case,225.0
Anaesthetics,2022-09-29,2022,Inpatient/Day Case,39.0
Breast Surgery,2022-09-29,2022,Inpatient/Day Case,205.0
Cardio-Thoracic Surgery,2022-09-29,2022,Inpatient/Day Case,335.0
Cardiology,2022-09-29,2022,Inpatient/Day Case,2717.0
Clinical Immunology,2022-09-29,2022,Inpatient/Day Case,212.0
Dental Surgery,2022-09-29,2022,Inpatient/Day Case,52.0
Dermatology,2022-09-29,2022,Inpatient/Day Case,1015.0
Endocrinology,2022-09-29,2022,Inpatient/Day Case,36.0
Gastro-Enterology,2022-09-29,2022,Inpatient/Day Case,514.0
Gastro-Intestinal Surgery,2022-09-29,2022,Inpatient/Day Case,537.0
General Medicine,2022-09-29,2022,Inpatient/Day Case,254.0
General Surgery,2022-09-29,2022,Inpatient/Day Case,12882.0
Gynaecology,2022-09-29,2022,Inpatient/Day Case,5613.0
Haematology,2022-09-29,2022,Inpatient/Day Case,37.0
Hepato-Biliary Surgery,2022-09-29,2022,Inpatient/Day Case,37.0
Maxillo-Facial,2022-09-29,2022,Inpatient/Day Case,1311.0
Nephrology,2022-09-29,2022,Inpatient/Day Case,30.0
Neurology,2022-09-29,2022,Inpatient/Day Case,283.0
Neurosurgery,2022-09-29,2022,Inpatient/Day Case,715.0
Oncology,2022-09-29,2022,Inpatient/Day Case,25.0
Ophthalmology,2022-09-29,2022,Inpatient/Day Case,8659.0
Oral Surgery,2022-09-29,2022,Inpatient/Day Case,580.0
Orthopaedics,2022-09-29,2022,Inpatient/Day Case,10705.0
Otolaryngology (ENT),2022-09-29,2022,Inpatient/Day Case,4470.0
Pain Relief,2022-09-29,2022,Inpatient/Day Case,4453.0
Plastic Surgery,2022-09-29,2022,Inpatient/Day Case,5004.0
Radiology,2022-09-29,2022,Inpatient/Day Case,27.0
Respiratory Medicine,2022-09-29,2022,Inpatient/Day Case,786.0
Rheumatology,2022-09-29,2022,Inpatient/Day Case,361.0
Small Volume Specialties,2022-09-29,2022,Inpatient/Day Case,14.0
Urology,2022-09-29,2022,Inpatient/Day Case,8370.0
Vascular Surgery,2022-09-29,2022,Inpatient/Day Case,1587.0
Cardio-Thoracic Surgery,2022-09-29,2022,Inpatient/Day Case,61.0
Clinical Immunology,2022-09-29,2022,Inpatient/Day Case,345.0
Dental Surgery,2022-09-29,2022,Inpatient/Day Case,260.0
General Surgery,2022-09-29,2022,Inpatient/Day Case,277.0
Immunology,2022-09-29,2022,Inpatient/Day Case,91.0
Maxillo-Facial,2022-09-29,2022,Inpatient/Day Case,116.0
Ophthalmology,2022-09-29,2022,Inpatient/Day Case,597.0
Oral Surgery,2022-09-29,2022,Inpatient/Day Case,68.0
Orthopaedics,2022-09-29,2022,Inpatient/Day Case,452.0
Otolaryngology (ENT),2022-09-29,2022,Inpatient/Day Case,757.0
Paed Cardiology,2022-09-29,2022,Inpatient/Day Case,213.0
Paed Orthopaedic,2022-09-29,2022,Inpatient/Day Case,793.0
Paediatric Dermatology,2022-09-29,2022,Inpatient/Day Case,25.0
Paediatric ENT,2022-09-29,2022,Inpatient/Day Case,449.0
Paediatric Infectious Diseases,2022-09-29,2022,Inpatient/Day Case,26.0
Paediatric Neurology,2022-09-29,2022,Inpatient/Day Case,23.0
Paediatric Neurosurgery,2022-09-29,2022,Inpatient/Day Case,28.0
Paediatric Radiology,2022-09-29,2022,Inpatient/Day Case,35.0
Paediatric Respiratory Medicine,2022-09-29,2022,Inpatient/Day Case,1262.0
Paediatric Surgery,2022-09-29,2022,Inpatient/Day Case,421.0
Paediatric Urology,2022-09-29,2022,Inpatient/Day Case,270.0
Paediatrics,2022-09-29,2022,Inpatient/Day Case,159.0
Plastic Surgery,2022-09-29,2022,Inpatient/Day Case,398.0
Rheumatology,2022-09-29,2022,Inpatient/Day Case,26.0
Small Volume Specialties,2022-09-29,2022,Inpatient/Day Case,76.0
Urology,2022-09-29,2022,Inpatient/Day Case,269.0
Anaesthetics,2022-10-27,2022,Inpatient/Day Case,40.0
Breast Surgery,2022-10-27,2022,Inpatient/Day Case,193.0
Cardio-Thoracic Surgery,2022-10-27,2022,Inpatient/Day Case,339.0
Cardiology,2022-10-27,2022,Inpatient/Day Case,2814.0
Clinical Immunology,2022-10-27,2022,Inpatient/Day Case,218.0
Dental Surgery,2022-10-27,2022,Inpatient/Day Case,40.0
Dermatology,2022-10-27,2022,Inpatient/Day Case,1014.0
Endocrinology,2022-10-27,2022,Inpatient/Day Case,36.0
Gastro-Enterology,2022-10-27,2022,Inpatient/Day Case,506.0
Gastro-Intestinal Surgery,2022-10-27,2022,Inpatient/Day Case,561.0
General Medicine,2022-10-27,2022,Inpatient/Day Case,267.0
General Surgery,2022-10-27,2022,Inpatient/Day Case,12716.0
Gynaecology,2022-10-27,2022,Inpatient/Day Case,5817.0
Haematology,2022-10-27,2022,Inpatient/Day Case,27.0
Hepato-Biliary Surgery,2022-10-27,2022,Inpatient/Day Case,41.0
Maxillo-Facial,2022-10-27,2022,Inpatient/Day Case,1417.0
Nephrology,2022-10-27,2022,Inpatient/Day Case,23.0
Neurology,2022-10-27,2022,Inpatient/Day Case,288.0
Neurosurgery,2022-10-27,2022,Inpatient/Day Case,695.0
Oncology,2022-10-27,2022,Inpatient/Day Case,30.0
Ophthalmology,2022-10-27,2022,Inpatient/Day Case,8852.0
Oral Surgery,2022-10-27,2022,Inpatient/Day Case,572.0
Orthopaedics,2022-10-27,2022,Inpatient/Day Case,10621.0
Otolaryngology (ENT),2022-10-27,2022,Inpatient/Day Case,4397.0
Pain Relief,2022-10-27,2022,Inpatient/Day Case,4648.0
Plastic Surgery,2022-10-27,2022,Inpatient/Day Case,4986.0
Radiology,2022-10-27,2022,Inpatient/Day Case,30.0
Respiratory Medicine,2022-10-27,2022,Inpatient/Day Case,632.0
Rheumatology,2022-10-27,2022,Inpatient/Day Case,497.0
Small Volume Specialties,2022-10-27,2022,Inpatient/Day Case,12.0
Urology,2022-10-27,2022,Inpatient/Day Case,8301.0
Vascular Surgery,2022-10-27,2022,Inpatient/Day Case,1498.0
Cardio-Thoracic Surgery,2022-10-27,2022,Inpatient/Day Case,64.0
Clinical Immunology,2022-10-27,2022,Inpatient/Day Case,376.0
Dental Surgery,2022-10-27,2022,Inpatient/Day Case,271.0
General Surgery,2022-10-27,2022,Inpatient/Day Case,258.0
Immunology,2022-10-27,2022,Inpatient/Day Case,92.0
Maxillo-Facial,2022-10-27,2022,Inpatient/Day Case,119.0
Ophthalmology,2022-10-27,2022,Inpatient/Day Case,612.0
Oral Surgery,2022-10-27,2022,Inpatient/Day Case,62.0
Orthopaedics,2022-10-27,2022,Inpatient/Day Case,424.0
Otolaryngology (ENT),2022-10-27,2022,Inpatient/Day Case,851.0
Paed Cardiology,2022-10-27,2022,Inpatient/Day Case,195.0
Paed Orthopaedic,2022-10-27,2022,Inpatient/Day Case,803.0
Paediatric Dermatology,2022-10-27,2022,Inpatient/Day Case,25.0
Paediatric ENT,2022-10-27,2022,Inpatient/Day Case,461.0
Paediatric Neurology,2022-10-27,2022,Inpatient/Day Case,20.0
Paediatric Neurosurgery,2022-10-27,2022,Inpatient/Day Case,29.0
Paediatric Radiology,2022-10-27,2022,Inpatient/Day Case,45.0
Paediatric Respiratory Medicine,2022-10-27,2022,Inpatient/Day Case,1327.0
Paediatric Surgery,2022-10-27,2022,Inpatient/Day Case,426.0
Paediatric Urology,2022-10-27,2022,Inpatient/Day Case,330.0
Paediatrics,2022-10-27,2022,Inpatient/Day Case,167.0
Plastic Surgery,2022-10-27,2022,Inpatient/Day Case,402.0
Rheumatology,2022-10-27,2022,Inpatient/Day Case,36.0
Small Volume Specialties,2022-10-27,2022,Inpatient/Day Case,77.0
Urology,2022-10-27,2022,Inpatient/Day Case,280.0
Anaesthetics,2022-11-24,2022,Inpatient/Day Case,37.0
Breast Surgery,2022-11-24,2022,Inpatient/Day Case,202.0
Cardio-Thoracic Surgery,2022-11-24,2022,Inpatient/Day Case,358.0
Cardiology,2022-11-24,2022,Inpatient/Day Case,2967.0
Clinical Immunology,2022-11-24,2022,Inpatient/Day Case,235.0
Dental Surgery,2022-11-24,2022,Inpatient/Day Case,49.0
Dermatology,2022-11-24,2022,Inpatient/Day Case,984.0
Endocrinology,2022-11-24,2022,Inpatient/Day Case,21.0
Gastro-Enterology,2022-11-24,2022,Inpatient/Day Case,499.0
Gastro-Intestinal Surgery,2022-11-24,2022,Inpatient/Day Case,562.0
General Medicine,2022-11-24,2022,Inpatient/Day Case,232.0
General Surgery,2022-11-24,2022,Inpatient/Day Case,12479.0
Gynaecology,2022-11-24,2022,Inpatient/Day Case,5796.0
Hepato-Biliary Surgery,2022-11-24,2022,Inpatient/Day Case,45.0
Maxillo-Facial,2022-11-24,2022,Inpatient/Day Case,1439.0
Nephrology,2022-11-24,2022,Inpatient/Day Case,31.0
Neurology,2022-11-24,2022,Inpatient/Day Case,263.0
Neurosurgery,2022-11-24,2022,Inpatient/Day Case,673.0
Oncology,2022-11-24,2022,Inpatient/Day Case,31.0
Ophthalmology,2022-11-24,2022,Inpatient/Day Case,9013.0
Oral Surgery,2022-11-24,2022,Inpatient/Day Case,568.0
Orthopaedics,2022-11-24,2022,Inpatient/Day Case,10369.0
Otolaryngology (ENT),2022-11-24,2022,Inpatient/Day Case,4437.0
Pain Relief,2022-11-24,2022,Inpatient/Day Case,4814.0
Plastic Surgery,2022-11-24,2022,Inpatient/Day Case,5075.0
Radiology,2022-11-24,2022,Inpatient/Day Case,21.0
Respiratory Medicine,2022-11-24,2022,Inpatient/Day Case,666.0
Rheumatology,2022-11-24,2022,Inpatient/Day Case,505.0
Small Volume Specialties,2022-11-24,2022,Inpatient/Day Case,30.0
Urology,2022-11-24,2022,Inpatient/Day Case,8151.0
Vascular Surgery,2022-11-24,2022,Inpatient/Day Case,1539.0
Cardio-Thoracic Surgery,2022-11-24,2022,Inpatient/Day Case,76.0
Clinical Immunology,2022-11-24,2022,Inpatient/Day Case,379.0
Dental Surgery,2022-11-24,2022,Inpatient/Day Case,278.0
General Surgery,2022-11-24,2022,Inpatient/Day Case,287.0
Immunology,2022-11-24,2022,Inpatient/Day Case,90.0
Maxillo-Facial,2022-11-24,2022,Inpatient/Day Case,139.0
Ophthalmology,2022-11-24,2022,Inpatient/Day Case,678.0
Oral Surgery,2022-11-24,2022,Inpatient/Day Case,74.0
Orthopaedics,2022-11-24,2022,Inpatient/Day Case,411.0
Otolaryngology (ENT),2022-11-24,2022,Inpatient/Day Case,828.0
Paed Cardiology,2022-11-24,2022,Inpatient/Day Case,215.0
Paed Orthopaedic,2022-11-24,2022,Inpatient/Day Case,799.0
Paediatric Dermatology,2022-11-24,2022,Inpatient/Day Case,29.0
Paediatric ENT,2022-11-24,2022,Inpatient/Day Case,614.0
Paediatric Neurology,2022-11-24,2022,Inpatient/Day Case,20.0
Paediatric Neurosurgery,2022-11-24,2022,Inpatient/Day Case,29.0
Paediatric Radiology,2022-11-24,2022,Inpatient/Day Case,46.0
Paediatric Respiratory Medicine,2022-11-24,2022,Inpatient/Day Case,1273.0
Paediatric Surgery,2022-11-24,2022,Inpatient/Day Case,508.0
Paediatric Urology,2022-11-24,2022,Inpatient/Day Case,360.0
Paediatrics,2022-11-24,2022,Inpatient/Day Case,162.0
Plastic Surgery,2022-11-24,2022,Inpatient/Day Case,443.0
Rheumatology,2022-11-24,2022,Inpatient/Day Case,32.0
Small Volume Specialties,2022-11-24,2022,Inpatient/Day Case,82.0
Urology,2022-11-24,2022,Inpatient/Day Case,290.0
Anaesthetics,2022-12-22,2022,Inpatient/Day Case,75.0
Breast Surgery,2022-12-22,2022,Inpatient/Day Case,193.0
Cardio-Thoracic Surgery,2022-12-22,2022,Inpatient/Day Case,388.0
Cardiology,2022-12-22,2022,Inpatient/Day Case,3085.0
Clinical Immunology,2022-12-22,2022,Inpatient/Day Case,218.0
Dental Surgery,2022-12-22,2022,Inpatient/Day Case,55.0
Dermatology,2022-12-22,2022,Inpatient/Day Case,1016.0
Endocrinology,2022-12-22,2022,Inpatient/Day Case,33.0
Gastro-Enterology,2022-12-22,2022,Inpatient/Day Case,530.0
Gastro-Intestinal Surgery,2022-12-22,2022,Inpatient/Day Case,597.0
General Medicine,2022-12-22,2022,Inpatient/Day Case,231.0
General Surgery,2022-12-22,2022,Inpatient/Day Case,12417.0
Gynaecology,2022-12-22,2022,Inpatient/Day Case,5767.0
Haematology,2022-12-22,2022,Inpatient/Day Case,23.0
Hepato-Biliary Surgery,2022-12-22,2022,Inpatient/Day Case,44.0
Maxillo-Facial,2022-12-22,2022,Inpatient/Day Case,1469.0
Nephrology,2022-12-22,2022,Inpatient/Day Case,40.0
Neurology,2022-12-22,2022,Inpatient/Day Case,318.0
Neurosurgery,2022-12-22,2022,Inpatient/Day Case,617.0
Oncology,2022-12-22,2022,Inpatient/Day Case,64.0
Ophthalmology,2022-12-22,2022,Inpatient/Day Case,9108.0
Oral Surgery,2022-12-22,2022,Inpatient/Day Case,554.0
Orthopaedics,2022-12-22,2022,Inpatient/Day Case,10079.0
Otolaryngology (ENT),2022-12-22,2022,Inpatient/Day Case,4575.0
Pain Relief,2022-12-22,2022,Inpatient/Day Case,4896.0
Plastic Surgery,2022-12-22,2022,Inpatient/Day Case,5262.0
Respiratory Medicine,2022-12-22,2022,Inpatient/Day Case,648.0
Rheumatology,2022-12-22,2022,Inpatient/Day Case,520.0
Small Volume Specialties,2022-12-22,2022,Inpatient/Day Case,31.0
Urology,2022-12-22,2022,Inpatient/Day Case,8152.0
Vascular Surgery,2022-12-22,2022,Inpatient/Day Case,1606.0
Cardio-Thoracic Surgery,2022-12-22,2022,Inpatient/Day Case,83.0
Clinical Immunology,2022-12-22,2022,Inpatient/Day Case,404.0
Dental Surgery,2022-12-22,2022,Inpatient/Day Case,299.0
General Surgery,2022-12-22,2022,Inpatient/Day Case,278.0
Immunology,2022-12-22,2022,Inpatient/Day Case,93.0
Maxillo-Facial,2022-12-22,2022,Inpatient/Day Case,158.0
Ophthalmology,2022-12-22,2022,Inpatient/Day Case,748.0
Oral Surgery,2022-12-22,2022,Inpatient/Day Case,70.0
Orthopaedics,2022-12-22,2022,Inpatient/Day Case,417.0
Otolaryngology (ENT),2022-12-22,2022,Inpatient/Day Case,872.0
Paed Cardiology,2022-12-22,2022,Inpatient/Day Case,228.0
Paed Endocrinology,2022-12-22,2022,Inpatient/Day Case,27.0
Paed Metabolic Medicine,2022-12-22,2022,Inpatient/Day Case,29.0
Paed Orthopaedic,2022-12-22,2022,Inpatient/Day Case,908.0
Paediatric Dermatology,2022-12-22,2022,Inpatient/Day Case,23.0
Paediatric ENT,2022-12-22,2022,Inpatient/Day Case,695.0
Paediatric Neurology,2022-12-22,2022,Inpatient/Day Case,21.0
Paediatric Neurosurgery,2022-12-22,2022,Inpatient/Day Case,35.0
Paediatric Radiology,2022-12-22,2022,Inpatient/Day Case,51.0
Paediatric Respiratory Medicine,2022-12-22,2022,Inpatient/Day Case,1384.0
Paediatric Surgery,2022-12-22,2022,Inpatient/Day Case,690.0
Paediatric Urology,2022-12-22,2022,Inpatient/Day Case,423.0
Paediatrics,2022-12-22,2022,Inpatient/Day Case,156.0
Plastic Surgery,2022-12-22,2022,Inpatient/Day Case,475.0
Rheumatology,2022-12-22,2022,Inpatient/Day Case,44.0
Small Volume Specialties,2022-12-22,2022,Inpatient/Day Case,59.0
Urology,2022-12-22,2022,Inpatient/Day Case,286.0
Anaesthetics,2023-01-26,2023,Inpatient/Day Case,64.0
Breast Surgery,2023-01-26,2023,Inpatient/Day Case,211.0
Cardio-Thoracic Surgery,2023-01-26,2023,Inpatient/Day Case,353.0
Cardiology,2023-01-26,2023,Inpatient/Day Case,3394.0
Clinical Immunology,2023-01-26,2023,Inpatient/Day Case,240.0
Dental Surgery,2023-01-26,2023,Inpatient/Day Case,57.0
Dermatology,2023-01-26,2023,Inpatient/Day Case,942.0
Endocrinology,2023-01-26,2023,Inpatient/Day Case,34.0
Gastro-Enterology,2023-01-26,2023,Inpatient/Day Case,535.0
Gastro-Intestinal Surgery,2023-01-26,2023,Inpatient/Day Case,637.0
General Medicine,2023-01-26,2023,Inpatient/Day Case,240.0
General Surgery,2023-01-26,2023,Inpatient/Day Case,13344.0
Gynaecology,2023-01-26,2023,Inpatient/Day Case,5965.0
Haematology,2023-01-26,2023,Inpatient/Day Case,33.0
Hepato-Biliary Surgery,2023-01-26,2023,Inpatient/Day Case,45.0
Maxillo-Facial,2023-01-26,2023,Inpatient/Day Case,1423.0
Nephrology,2023-01-26,2023,Inpatient/Day Case,38.0
Neurology,2023-01-26,2023,Inpatient/Day Case,327.0
Neurosurgery,2023-01-26,2023,Inpatient/Day Case,628.0
Oncology,2023-01-26,2023,Inpatient/Day Case,60.0
Ophthalmology,2023-01-26,2023,Inpatient/Day Case,9463.0
Oral Surgery,2023-01-26,2023,Inpatient/Day Case,602.0
Orthopaedics,2023-01-26,2023,Inpatient/Day Case,9886.0
Otolaryngology (ENT),2023-01-26,2023,Inpatient/Day Case,4775.0
Pain Relief,2023-01-26,2023,Inpatient/Day Case,4916.0
Plastic Surgery,2023-01-26,2023,Inpatient/Day Case,5328.0
Respiratory Medicine,2023-01-26,2023,Inpatient/Day Case,678.0
Rheumatology,2023-01-26,2023,Inpatient/Day Case,497.0
Small Volume Specialties,2023-01-26,2023,Inpatient/Day Case,32.0
Urology,2023-01-26,2023,Inpatient/Day Case,8293.0
Vascular Surgery,2023-01-26,2023,Inpatient/Day Case,1691.0
Cardio-Thoracic Surgery,2023-01-26,2023,Inpatient/Day Case,79.0
Clinical Immunology,2023-01-26,2023,Inpatient/Day Case,404.0
Dental Surgery,2023-01-26,2023,Inpatient/Day Case,297.0
General Surgery,2023-01-26,2023,Inpatient/Day Case,301.0
Immunology,2023-01-26,2023,Inpatient/Day Case,122.0
Maxillo-Facial,2023-01-26,2023,Inpatient/Day Case,160.0
Ophthalmology,2023-01-26,2023,Inpatient/Day Case,739.0
Oral Surgery,2023-01-26,2023,Inpatient/Day Case,70.0
Orthopaedics,2023-01-26,2023,Inpatient/Day Case,401.0
Otolaryngology (ENT),2023-01-26,2023,Inpatient/Day Case,864.0
Paed Cardiology,2023-01-26,2023,Inpatient/Day Case,222.0
Paed Endocrinology,2023-01-26,2023,Inpatient/Day Case,24.0
Paed Metabolic Medicine,2023-01-26,2023,Inpatient/Day Case,21.0
Paed Orthopaedic,2023-01-26,2023,Inpatient/Day Case,842.0
Paediatric Dermatology,2023-01-26,2023,Inpatient/Day Case,21.0
Paediatric ENT,2023-01-26,2023,Inpatient/Day Case,684.0
Paediatric Neurology,2023-01-26,2023,Inpatient/Day Case,22.0
Paediatric Neurosurgery,2023-01-26,2023,Inpatient/Day Case,30.0
Paediatric Radiology,2023-01-26,2023,Inpatient/Day Case,49.0
Paediatric Respiratory Medicine,2023-01-26,2023,Inpatient/Day Case,1299.0
Paediatric Surgery,2023-01-26,2023,Inpatient/Day Case,709.0
Paediatric Urology,2023-01-26,2023,Inpatient/Day Case,388.0
Paediatrics,2023-01-26,2023,Inpatient/Day Case,144.0
Plastic Surgery,2023-01-26,2023,Inpatient/Day Case,430.0
Rheumatology,2023-01-26,2023,Inpatient/Day Case,45.0
Small Volume Specialties,2023-01-26,2023,Inpatient/Day Case,57.0
Urology,2023-01-26,2023,Inpatient/Day Case,329.0
Anaesthetics,2023-02-23,2023,Inpatient/Day Case,54.0
Breast Surgery,2023-02-23,2023,Inpatient/Day Case,223.0
Cardio-Thoracic Surgery,2023-02-23,2023,Inpatient/Day Case,315.0
Cardiology,2023-02-23,2023,Inpatient/Day Case,3475.0
Clinical Immunology,2023-02-23,2023,Inpatient/Day Case,275.0
Dental Surgery,2023-02-23,2023,Inpatient/Day Case,51.0
Dermatology,2023-02-23,2023,Inpatient/Day Case,922.0
Endocrinology,2023-02-23,2023,Inpatient/Day Case,25.0
Gastro-Enterology,2023-02-23,2023,Inpatient/Day Case,550.0
Gastro-Intestinal Surgery,2023-02-23,2023,Inpatient/Day Case,647.0
General Medicine,2023-02-23,2023,Inpatient/Day Case,222.0
General Surgery,2023-02-23,2023,Inpatient/Day Case,13282.0
Gynaecology,2023-02-23,2023,Inpatient/Day Case,5745.0
Haematology,2023-02-23,2023,Inpatient/Day Case,40.0
Hepato-Biliary Surgery,2023-02-23,2023,Inpatient/Day Case,45.0
Maxillo-Facial,2023-02-23,2023,Inpatient/Day Case,1438.0
Nephrology,2023-02-23,2023,Inpatient/Day Case,34.0
Neurology,2023-02-23,2023,Inpatient/Day Case,325.0
Neurosurgery,2023-02-23,2023,Inpatient/Day Case,666.0
Oncology,2023-02-23,2023,Inpatient/Day Case,57.0
Ophthalmology,2023-02-23,2023,Inpatient/Day Case,9565.0
Oral Surgery,2023-02-23,2023,Inpatient/Day Case,601.0
Orthopaedics,2023-02-23,2023,Inpatient/Day Case,9683.0
Otolaryngology (ENT),2023-02-23,2023,Inpatient/Day Case,4917.0
Pain Relief,2023-02-23,2023,Inpatient/Day Case,4927.0
Plastic Surgery,2023-02-23,2023,Inpatient/Day Case,5502.0
Radiology,2023-02-23,2023,Inpatient/Day Case,21.0
Respiratory Medicine,2023-02-23,2023,Inpatient/Day Case,576.0
Rheumatology,2023-02-23,2023,Inpatient/Day Case,526.0
Small Volume Specialties,2023-02-23,2023,Inpatient/Day Case,20.0
Urology,2023-02-23,2023,Inpatient/Day Case,8362.0
Vascular Surgery,2023-02-23,2023,Inpatient/Day Case,1622.0
Cardio-Thoracic Surgery,2023-02-23,2023,Inpatient/Day Case,85.0
Clinical Immunology,2023-02-23,2023,Inpatient/Day Case,402.0
Dental Surgery,2023-02-23,2023,Inpatient/Day Case,278.0
General Surgery,2023-02-23,2023,Inpatient/Day Case,273.0
Immunology,2023-02-23,2023,Inpatient/Day Case,124.0
Maxillo-Facial,2023-02-23,2023,Inpatient/Day Case,150.0
Ophthalmology,2023-02-23,2023,Inpatient/Day Case,771.0
Oral Surgery,2023-02-23,2023,Inpatient/Day Case,72.0
Orthopaedics,2023-02-23,2023,Inpatient/Day Case,382.0
Otolaryngology (ENT),2023-02-23,2023,Inpatient/Day Case,949.0
Paed Cardiology,2023-02-23,2023,Inpatient/Day Case,241.0
Paed Endocrinology,2023-02-23,2023,Inpatient/Day Case,39.0
Paed Metabolic Medicine,2023-02-23,2023,Inpatient/Day Case,30.0
Paed Orthopaedic,2023-02-23,2023,Inpatient/Day Case,851.0
Paediatric Dermatology,2023-02-23,2023,Inpatient/Day Case,21.0
Paediatric ENT,2023-02-23,2023,Inpatient/Day Case,680.0
Paediatric Neurology,2023-02-23,2023,Inpatient/Day Case,31.0
Paediatric Neurosurgery,2023-02-23,2023,Inpatient/Day Case,33.0
Paediatric Radiology,2023-02-23,2023,Inpatient/Day Case,53.0
Paediatric Respiratory Medicine,2023-02-23,2023,Inpatient/Day Case,1367.0
Paediatric Surgery,2023-02-23,2023,Inpatient/Day Case,657.0
Paediatric Urology,2023-02-23,2023,Inpatient/Day Case,436.0
Paediatrics,2023-02-23,2023,Inpatient/Day Case,154.0
Plastic Surgery,2023-02-23,2023,Inpatient/Day Case,468.0
Rheumatology,2023-02-23,2023,Inpatient/Day Case,51.0
Small Volume Specialties,2023-02-23,2023,Inpatient/Day Case,76.0
Urology,2023-02-23,2023,Inpatient/Day Case,338.0
Anaesthetics,2023-03-30,2023,Inpatient/Day Case,49.0
Breast Surgery,2023-03-30,2023,Inpatient/Day Case,228.0
Cardio-Thoracic Surgery,2023-03-30,2023,Inpatient/Day Case,340.0
Cardiology,2023-03-30,2023,Inpatient/Day Case,3530.0
Clinical Immunology,2023-03-30,2023,Inpatient/Day Case,307.0
Dental Surgery,2023-03-30,2023,Inpatient/Day Case,60.0
Dermatology,2023-03-30,2023,Inpatient/Day Case,909.0
Endocrinology,2023-03-30,2023,Inpatient/Day Case,41.0
Gastro-Enterology,2023-03-30,2023,Inpatient/Day Case,527.0
Gastro-Intestinal Surgery,2023-03-30,2023,Inpatient/Day Case,640.0
General Medicine,2023-03-30,2023,Inpatient/Day Case,203.0
General Surgery,2023-03-30,2023,Inpatient/Day Case,13003.0
Geriatric Medicine,2023-03-30,2023,Inpatient/Day Case,30.0
Gynaecology,2023-03-30,2023,Inpatient/Day Case,5888.0
Haematology,2023-03-30,2023,Inpatient/Day Case,30.0
Hepato-Biliary Surgery,2023-03-30,2023,Inpatient/Day Case,44.0
Maxillo-Facial,2023-03-30,2023,Inpatient/Day Case,1372.0
Nephrology,2023-03-30,2023,Inpatient/Day Case,38.0
Neurology,2023-03-30,2023,Inpatient/Day Case,292.0
Neurosurgery,2023-03-30,2023,Inpatient/Day Case,737.0
Oncology,2023-03-30,2023,Inpatient/Day Case,69.0
Ophthalmology,2023-03-30,2023,Inpatient/Day Case,9749.0
Oral Surgery,2023-03-30,2023,Inpatient/Day Case,582.0
Orthopaedics,2023-03-30,2023,Inpatient/Day Case,9608.0
Otolaryngology (ENT),2023-03-30,2023,Inpatient/Day Case,5118.0
Pain Relief,2023-03-30,2023,Inpatient/Day Case,5005.0
Plastic Surgery,2023-03-30,2023,Inpatient/Day Case,5989.0
Radiology,2023-03-30,2023,Inpatient/Day Case,26.0
Respiratory Medicine,2023-03-30,2023,Inpatient/Day Case,749.0
Rheumatology,2023-03-30,2023,Inpatient/Day Case,584.0
Small Volume Specialties,2023-03-30,2023,Inpatient/Day Case,2.0
Urology,2023-03-30,2023,Inpatient/Day Case,8626.0
Vascular Surgery,2023-03-30,2023,Inpatient/Day Case,1634.0
Cardio-Thoracic Surgery,2023-03-30,2023,Inpatient/Day Case,84.0
Clinical Immunology,2023-03-30,2023,Inpatient/Day Case,424.0
Dental Surgery,2023-03-30,2023,Inpatient/Day Case,278.0
General Surgery,2023-03-30,2023,Inpatient/Day Case,243.0
Immunology,2023-03-30,2023,Inpatient/Day Case,125.0
Maxillo-Facial,2023-03-30,2023,Inpatient/Day Case,150.0
Ophthalmology,2023-03-30,2023,Inpatient/Day Case,787.0
Oral Surgery,2023-03-30,2023,Inpatient/Day Case,66.0
Orthopaedics,2023-03-30,2023,Inpatient/Day Case,366.0
Otolaryngology (ENT),2023-03-30,2023,Inpatient/Day Case,1032.0
Paed Cardiology,2023-03-30,2023,Inpatient/Day Case,216.0
Paed Endocrinology,2023-03-30,2023,Inpatient/Day Case,22.0
Paed Metabolic Medicine,2023-03-30,2023,Inpatient/Day Case,20.0
Paed Orthopaedic,2023-03-30,2023,Inpatient/Day Case,866.0
Paediatric Dermatology,2023-03-30,2023,Inpatient/Day Case,24.0
Paediatric ENT,2023-03-30,2023,Inpatient/Day Case,688.0
Paediatric Neurology,2023-03-30,2023,Inpatient/Day Case,26.0
Paediatric Neurosurgery,2023-03-30,2023,Inpatient/Day Case,32.0
Paediatric Radiology,2023-03-30,2023,Inpatient/Day Case,56.0
Paediatric Respiratory Medicine,2023-03-30,2023,Inpatient/Day Case,1336.0
Paediatric Surgery,2023-03-30,2023,Inpatient/Day Case,677.0
Paediatric Urology,2023-03-30,2023,Inpatient/Day Case,440.0
Paediatrics,2023-03-30,2023,Inpatient/Day Case,145.0
Plastic Surgery,2023-03-30,2023,Inpatient/Day Case,462.0
Rheumatology,2023-03-30,2023,Inpatient/Day Case,66.0
Small Volume Specialties,2023-03-30,2023,Inpatient/Day Case,75.0
Urology,2023-03-30,2023,Inpatient/Day Case,340.0
Anaesthetics,2023-04-27,2023,Inpatient/Day Case,62.0
Breast Surgery,2023-04-27,2023,Inpatient/Day Case,229.0
Cardio-Thoracic Surgery,2023-04-27,2023,Inpatient/Day Case,311.0
Cardiology,2023-04-27,2023,Inpatient/Day Case,3503.0
Clinical Immunology,2023-04-27,2023,Inpatient/Day Case,279.0
Dental Surgery,2023-04-27,2023,Inpatient/Day Case,60.0
Dermatology,2023-04-27,2023,Inpatient/Day Case,943.0
Endocrinology,2023-04-27,2023,Inpatient/Day Case,28.0
Gastro-Enterology,2023-04-27,2023,Inpatient/Day Case,520.0
Gastro-Intestinal Surgery,2023-04-27,2023,Inpatient/Day Case,632.0
General Medicine,2023-04-27,2023,Inpatient/Day Case,178.0
General Surgery,2023-04-27,2023,Inpatient/Day Case,12914.0
Geriatric Medicine,2023-04-27,2023,Inpatient/Day Case,32.0
Gynaecology,2023-04-27,2023,Inpatient/Day Case,5636.0
Haematology,2023-04-27,2023,Inpatient/Day Case,43.0
Hepato-Biliary Surgery,2023-04-27,2023,Inpatient/Day Case,48.0
Maxillo-Facial,2023-04-27,2023,Inpatient/Day Case,1385.0
Nephrology,2023-04-27,2023,Inpatient/Day Case,44.0
Neurology,2023-04-27,2023,Inpatient/Day Case,288.0
Neurosurgery,2023-04-27,2023,Inpatient/Day Case,756.0
Oncology,2023-04-27,2023,Inpatient/Day Case,67.0
Ophthalmology,2023-04-27,2023,Inpatient/Day Case,9811.0
Oral Surgery,2023-04-27,2023,Inpatient/Day Case,581.0
Orthopaedics,2023-04-27,2023,Inpatient/Day Case,9143.0
Otolaryngology (ENT),2023-04-27,2023,Inpatient/Day Case,5292.0
Pain Relief,2023-04-27,2023,Inpatient/Day Case,4906.0
Plastic Surgery,2023-04-27,2023,Inpatient/Day Case,6077.0
Radiology,2023-04-27,2023,Inpatient/Day Case,64.0
Respiratory Medicine,2023-04-27,2023,Inpatient/Day Case,742.0
Rheumatology,2023-04-27,2023,Inpatient/Day Case,548.0
Small Volume Specialties,2023-04-27,2023,Inpatient/Day Case,5.0
Urology,2023-04-27,2023,Inpatient/Day Case,8690.0
Vascular Surgery,2023-04-27,2023,Inpatient/Day Case,1648.0
Cardio-Thoracic Surgery,2023-04-27,2023,Inpatient/Day Case,68.0
Clinical Immunology,2023-04-27,2023,Inpatient/Day Case,407.0
Dental Surgery,2023-04-27,2023,Inpatient/Day Case,297.0
General Surgery,2023-04-27,2023,Inpatient/Day Case,244.0
Immunology,2023-04-27,2023,Inpatient/Day Case,132.0
Maxillo-Facial,2023-04-27,2023,Inpatient/Day Case,165.0
Ophthalmology,2023-04-27,2023,Inpatient/Day Case,814.0
Oral Surgery,2023-04-27,2023,Inpatient/Day Case,66.0
Orthopaedics,2023-04-27,2023,Inpatient/Day Case,367.0
Otolaryngology (ENT),2023-04-27,2023,Inpatient/Day Case,1096.0
Paed Cardiology,2023-04-27,2023,Inpatient/Day Case,232.0
Paed Endocrinology,2023-04-27,2023,Inpatient/Day Case,25.0
Paed Metabolic Medicine,2023-04-27,2023,Inpatient/Day Case,21.0
Paed Orthopaedic,2023-04-27,2023,Inpatient/Day Case,866.0
Paediatric ENT,2023-04-27,2023,Inpatient/Day Case,767.0
Paediatric Neurology,2023-04-27,2023,Inpatient/Day Case,24.0
Paediatric Neurosurgery,2023-04-27,2023,Inpatient/Day Case,35.0
Paediatric Radiology,2023-04-27,2023,Inpatient/Day Case,54.0
Paediatric Respiratory Medicine,2023-04-27,2023,Inpatient/Day Case,1302.0
Paediatric Surgery,2023-04-27,2023,Inpatient/Day Case,764.0
Paediatric Urology,2023-04-27,2023,Inpatient/Day Case,465.0
Paediatrics,2023-04-27,2023,Inpatient/Day Case,137.0
Plastic Surgery,2023-04-27,2023,Inpatient/Day Case,471.0
Rheumatology,2023-04-27,2023,Inpatient/Day Case,65.0
Small Volume Specialties,2023-04-27,2023,Inpatient/Day Case,93.0
Urology,2023-04-27,2023,Inpatient/Day Case,354.0
Anaesthetics,2023-05-25,2023,Inpatient/Day Case,57.0
Breast Surgery,2023-05-25,2023,Inpatient/Day Case,232.0
Cardio-Thoracic Surgery,2023-05-25,2023,Inpatient/Day Case,301.0
Cardiology,2023-05-25,2023,Inpatient/Day Case,3345.0
Clinical Immunology,2023-05-25,2023,Inpatient/Day Case,337.0
Dental Surgery,2023-05-25,2023,Inpatient/Day Case,58.0
Dermatology,2023-05-25,2023,Inpatient/Day Case,941.0
Endocrinology,2023-05-25,2023,Inpatient/Day Case,23.0
Gastro-Enterology,2023-05-25,2023,Inpatient/Day Case,505.0
Gastro-Intestinal Surgery,2023-05-25,2023,Inpatient/Day Case,630.0
General Medicine,2023-05-25,2023,Inpatient/Day Case,174.0
General Surgery,2023-05-25,2023,Inpatient/Day Case,12692.0
Geriatric Medicine,2023-05-25,2023,Inpatient/Day Case,21.0
Gynaecology,2023-05-25,2023,Inpatient/Day Case,5466.0
Haematology,2023-05-25,2023,Inpatient/Day Case,45.0
Hepato-Biliary Surgery,2023-05-25,2023,Inpatient/Day Case,50.0
Maxillo-Facial,2023-05-25,2023,Inpatient/Day Case,1301.0
Nephrology,2023-05-25,2023,Inpatient/Day Case,52.0
Neurology,2023-05-25,2023,Inpatient/Day Case,307.0
Neurosurgery,2023-05-25,2023,Inpatient/Day Case,773.0
Oncology,2023-05-25,2023,Inpatient/Day Case,80.0
Ophthalmology,2023-05-25,2023,Inpatient/Day Case,9858.0
Oral Surgery,2023-05-25,2023,Inpatient/Day Case,568.0
Orthopaedics,2023-05-25,2023,Inpatient/Day Case,9240.0
Otolaryngology (ENT),2023-05-25,2023,Inpatient/Day Case,5347.0
Pain Relief,2023-05-25,2023,Inpatient/Day Case,5145.0
Plastic Surgery,2023-05-25,2023,Inpatient/Day Case,6103.0
Radiology,2023-05-25,2023,Inpatient/Day Case,61.0
Respiratory Medicine,2023-05-25,2023,Inpatient/Day Case,840.0
Rheumatology,2023-05-25,2023,Inpatient/Day Case,450.0
Small Volume Specialties,2023-05-25,2023,Inpatient/Day Case,6.0
Urology,2023-05-25,2023,Inpatient/Day Case,8349.0
Vascular Surgery,2023-05-25,2023,Inpatient/Day Case,1617.0
Cardio-Thoracic Surgery,2023-05-25,2023,Inpatient/Day Case,65.0
Clinical Immunology,2023-05-25,2023,Inpatient/Day Case,400.0
Dental Surgery,2023-05-25,2023,Inpatient/Day Case,306.0
General Surgery,2023-05-25,2023,Inpatient/Day Case,255.0
Immunology,2023-05-25,2023,Inpatient/Day Case,120.0
Maxillo-Facial,2023-05-25,2023,Inpatient/Day Case,145.0
Ophthalmology,2023-05-25,2023,Inpatient/Day Case,804.0
Oral Surgery,2023-05-25,2023,Inpatient/Day Case,62.0
Orthopaedics,2023-05-25,2023,Inpatient/Day Case,341.0
Otolaryngology (ENT),2023-05-25,2023,Inpatient/Day Case,1122.0
Paed Cardiology,2023-05-25,2023,Inpatient/Day Case,223.0
Paed Endocrinology,2023-05-25,2023,Inpatient/Day Case,30.0
Paed Metabolic Medicine,2023-05-25,2023,Inpatient/Day Case,24.0
Paed Orthopaedic,2023-05-25,2023,Inpatient/Day Case,900.0
Paediatric ENT,2023-05-25,2023,Inpatient/Day Case,796.0
Paediatric Neurosurgery,2023-05-25,2023,Inpatient/Day Case,30.0
Paediatric Radiology,2023-05-25,2023,Inpatient/Day Case,57.0
Paediatric Respiratory Medicine,2023-05-25,2023,Inpatient/Day Case,1376.0
Paediatric Surgery,2023-05-25,2023,Inpatient/Day Case,756.0
Paediatric Urology,2023-05-25,2023,Inpatient/Day Case,486.0
Paediatrics,2023-05-25,2023,Inpatient/Day Case,178.0
Plastic Surgery,2023-05-25,2023,Inpatient/Day Case,453.0
Rheumatology,2023-05-25,2023,Inpatient/Day Case,66.0
Small Volume Specialties,2023-05-25,2023,Inpatient/Day Case,115.0
Urology,2023-05-25,2023,Inpatient/Day Case,367.0
Anaesthetics,2023-06-29,2023,Inpatient/Day Case,54.0
Breast Surgery,2023-06-29,2023,Inpatient/Day Case,245.0
Cardio-Thoracic Surgery,2023-06-29,2023,Inpatient/Day Case,315.0
Cardiology,2023-06-29,2023,Inpatient/Day Case,3314.0
Clinical Immunology,2023-06-29,2023,Inpatient/Day Case,364.0
Dental Surgery,2023-06-29,2023,Inpatient/Day Case,64.0
Dermatology,2023-06-29,2023,Inpatient/Day Case,945.0
Endocrinology,2023-06-29,2023,Inpatient/Day Case,28.0
Gastro-Enterology,2023-06-29,2023,Inpatient/Day Case,541.0
Gastro-Intestinal Surgery,2023-06-29,2023,Inpatient/Day Case,625.0
General Medicine,2023-06-29,2023,Inpatient/Day Case,170.0
General Surgery,2023-06-29,2023,Inpatient/Day Case,12544.0
Gynaecology,2023-06-29,2023,Inpatient/Day Case,5597.0
Haematology,2023-06-29,2023,Inpatient/Day Case,47.0
Hepato-Biliary Surgery,2023-06-29,2023,Inpatient/Day Case,48.0
Maxillo-Facial,2023-06-29,2023,Inpatient/Day Case,1734.0
Nephrology,2023-06-29,2023,Inpatient/Day Case,43.0
Neurology,2023-06-29,2023,Inpatient/Day Case,280.0
Neurosurgery,2023-06-29,2023,Inpatient/Day Case,806.0
Oncology,2023-06-29,2023,Inpatient/Day Case,87.0
Ophthalmology,2023-06-29,2023,Inpatient/Day Case,9032.0
Orthopaedics,2023-06-29,2023,Inpatient/Day Case,9058.0
Otolaryngology (ENT),2023-06-29,2023,Inpatient/Day Case,5463.0
Pain Relief,2023-06-29,2023,Inpatient/Day Case,5326.0
Plastic Surgery,2023-06-29,2023,Inpatient/Day Case,6213.0
Radiology,2023-06-29,2023,Inpatient/Day Case,66.0
Respiratory Medicine,2023-06-29,2023,Inpatient/Day Case,950.0
Rheumatology,2023-06-29,2023,Inpatient/Day Case,537.0
Small Volume Specialties,2023-06-29,2023,Inpatient/Day Case,25.0
Urology,2023-06-29,2023,Inpatient/Day Case,8061.0
Vascular Surgery,2023-06-29,2023,Inpatient/Day Case,1617.0
Cardio-Thoracic Surgery,2023-06-29,2023,Inpatient/Day Case,82.0
Clinical Immunology,2023-06-29,2023,Inpatient/Day Case,399.0
Dental Surgery,2023-06-29,2023,Inpatient/Day Case,312.0
General Surgery,2023-06-29,2023,Inpatient/Day Case,259.0
Immunology,2023-06-29,2023,Inpatient/Day Case,106.0
Maxillo-Facial,2023-06-29,2023,Inpatient/Day Case,215.0
Ophthalmology,2023-06-29,2023,Inpatient/Day Case,913.0
Orthopaedics,2023-06-29,2023,Inpatient/Day Case,363.0
Otolaryngology (ENT),2023-06-29,2023,Inpatient/Day Case,1225.0
Paed Cardiology,2023-06-29,2023,Inpatient/Day Case,204.0
Paed Orthopaedic,2023-06-29,2023,Inpatient/Day Case,909.0
Paediatric ENT,2023-06-29,2023,Inpatient/Day Case,910.0
Paediatric Neurosurgery,2023-06-29,2023,Inpatient/Day Case,37.0
Paediatric Radiology,2023-06-29,2023,Inpatient/Day Case,59.0
Paediatric Respiratory Medicine,2023-06-29,2023,Inpatient/Day Case,1329.0
Paediatric Surgery,2023-06-29,2023,Inpatient/Day Case,809.0
Paediatric Urology,2023-06-29,2023,Inpatient/Day Case,490.0
Paediatrics,2023-06-29,2023,Inpatient/Day Case,141.0
Plastic Surgery,2023-06-29,2023,Inpatient/Day Case,489.0
Rheumatology,2023-06-29,2023,Inpatient/Day Case,72.0
Small Volume Specialties,2023-06-29,2023,Inpatient/Day Case,86.0
Urology,2023-06-29,2023,Inpatient/Day Case,398.0
Anaesthetics,2023-07-27,2023,Inpatient/Day Case,74.0
Breast Surgery,2023-07-27,2023,Inpatient/Day Case,240.0
Cardio-Thoracic Surgery,2023-07-27,2023,Inpatient/Day Case,307.0
Cardiology,2023-07-27,2023,Inpatient/Day Case,3325.0
Clinical Immunology,2023-07-27,2023,Inpatient/Day Case,387.0
Dental Surgery,2023-07-27,2023,Inpatient/Day Case,56.0
Dermatology,2023-07-27,2023,Inpatient/Day Case,956.0
Endocrinology,2023-07-27,2023,Inpatient/Day Case,31.0
Gastro-Enterology,2023-07-27,2023,Inpatient/Day Case,636.0
Gastro-Intestinal Surgery,2023-07-27,2023,Inpatient/Day Case,635.0
General Medicine,2023-07-27,2023,Inpatient/Day Case,175.0
General Surgery,2023-07-27,2023,Inpatient/Day Case,12322.0
Geriatric Medicine,2023-07-27,2023,Inpatient/Day Case,23.0
Gynaecology,2023-07-27,2023,Inpatient/Day Case,5679.0
Haematology,2023-07-27,2023,Inpatient/Day Case,44.0
Hepato-Biliary Surgery,2023-07-27,2023,Inpatient/Day Case,47.0
Maxillo-Facial,2023-07-27,2023,Inpatient/Day Case,1752.0
Nephrology,2023-07-27,2023,Inpatient/Day Case,40.0
Neurology,2023-07-27,2023,Inpatient/Day Case,213.0
Neurosurgery,2023-07-27,2023,Inpatient/Day Case,814.0
Oncology,2023-07-27,2023,Inpatient/Day Case,109.0
Ophthalmology,2023-07-27,2023,Inpatient/Day Case,8869.0
Orthopaedics,2023-07-27,2023,Inpatient/Day Case,8710.0
Otolaryngology (ENT),2023-07-27,2023,Inpatient/Day Case,5374.0
Pain Relief,2023-07-27,2023,Inpatient/Day Case,5354.0
Plastic Surgery,2023-07-27,2023,Inpatient/Day Case,6106.0
Radiology,2023-07-27,2023,Inpatient/Day Case,76.0
Respiratory Medicine,2023-07-27,2023,Inpatient/Day Case,943.0
Rheumatology,2023-07-27,2023,Inpatient/Day Case,620.0
Small Volume Specialties,2023-07-27,2023,Inpatient/Day Case,7.0
Urology,2023-07-27,2023,Inpatient/Day Case,7806.0
Vascular Surgery,2023-07-27,2023,Inpatient/Day Case,1672.0
Cardio-Thoracic Surgery,2023-07-27,2023,Inpatient/Day Case,74.0
Clinical Immunology,2023-07-27,2023,Inpatient/Day Case,409.0
Dental Surgery,2023-07-27,2023,Inpatient/Day Case,306.0
General Surgery,2023-07-27,2023,Inpatient/Day Case,265.0
Immunology,2023-07-27,2023,Inpatient/Day Case,84.0
Maxillo-Facial,2023-07-27,2023,Inpatient/Day Case,210.0
Ophthalmology,2023-07-27,2023,Inpatient/Day Case,890.0
Orthopaedics,2023-07-27,2023,Inpatient/Day Case,359.0
Otolaryngology (ENT),2023-07-27,2023,Inpatient/Day Case,1369.0
Paed Cardiology,2023-07-27,2023,Inpatient/Day Case,207.0
Paed Orthopaedic,2023-07-27,2023,Inpatient/Day Case,872.0
Paediatric ENT,2023-07-27,2023,Inpatient/Day Case,840.0
Paediatric Neurosurgery,2023-07-27,2023,Inpatient/Day Case,44.0
Paediatric Radiology,2023-07-27,2023,Inpatient/Day Case,57.0
Paediatric Respiratory Medicine,2023-07-27,2023,Inpatient/Day Case,1338.0
Paediatric Surgery,2023-07-27,2023,Inpatient/Day Case,780.0
Paediatric Urology,2023-07-27,2023,Inpatient/Day Case,506.0
Paediatrics,2023-07-27,2023,Inpatient/Day Case,136.0
Plastic Surgery,2023-07-27,2023,Inpatient/Day Case,454.0
Rheumatology,2023-07-27,2023,Inpatient/Day Case,76.0
Small Volume Specialties,2023-07-27,2023,Inpatient/Day Case,102.0
Urology,2023-07-27,2023,Inpatient/Day Case,358.0
Anaesthetics,2023-08-31,2023,Inpatient/Day Case,90.0
Breast Surgery,2023-08-31,2023,Inpatient/Day Case,213.0
Cardio-Thoracic Surgery,2023-08-31,2023,Inpatient/Day Case,345.0
Cardiology,2023-08-31,2023,Inpatient/Day Case,3265.0
Clinical Immunology,2023-08-31,2023,Inpatient/Day Case,403.0
Dental Surgery,2023-08-31,2023,Inpatient/Day Case,55.0
Dermatology,2023-08-31,2023,Inpatient/Day Case,921.0
Endocrinology,2023-08-31,2023,Inpatient/Day Case,32.0
Gastro-Enterology,2023-08-31,2023,Inpatient/Day Case,653.0
Gastro-Intestinal Surgery,2023-08-31,2023,Inpatient/Day Case,633.0
General Medicine,2023-08-31,2023,Inpatient/Day Case,215.0
General Surgery,2023-08-31,2023,Inpatient/Day Case,12473.0
Geriatric Medicine,2023-08-31,2023,Inpatient/Day Case,25.0
Gynaecology,2023-08-31,2023,Inpatient/Day Case,5685.0
Haematology,2023-08-31,2023,Inpatient/Day Case,46.0
Hepato-Biliary Surgery,2023-08-31,2023,Inpatient/Day Case,48.0
Maxillo-Facial,2023-08-31,2023,Inpatient/Day Case,1633.0
Nephrology,2023-08-31,2023,Inpatient/Day Case,52.0
Neurology,2023-08-31,2023,Inpatient/Day Case,236.0
Neurosurgery,2023-08-31,2023,Inpatient/Day Case,794.0
Oncology,2023-08-31,2023,Inpatient/Day Case,85.0
Ophthalmology,2023-08-31,2023,Inpatient/Day Case,8606.0
Orthopaedics,2023-08-31,2023,Inpatient/Day Case,8981.0
Otolaryngology (ENT),2023-08-31,2023,Inpatient/Day Case,5317.0
Pain Relief,2023-08-31,2023,Inpatient/Day Case,5399.0
Plastic Surgery,2023-08-31,2023,Inpatient/Day Case,6139.0
Radiology,2023-08-31,2023,Inpatient/Day Case,120.0
Respiratory Medicine,2023-08-31,2023,Inpatient/Day Case,912.0
Rheumatology,2023-08-31,2023,Inpatient/Day Case,706.0
Small Volume Specialties,2023-08-31,2023,Inpatient/Day Case,7.0
Urology,2023-08-31,2023,Inpatient/Day Case,7860.0
Vascular Surgery,2023-08-31,2023,Inpatient/Day Case,1651.0
Cardio-Thoracic Surgery,2023-08-31,2023,Inpatient/Day Case,58.0
Clinical Immunology,2023-08-31,2023,Inpatient/Day Case,405.0
Dental Surgery,2023-08-31,2023,Inpatient/Day Case,331.0
General Surgery,2023-08-31,2023,Inpatient/Day Case,283.0
Immunology,2023-08-31,2023,Inpatient/Day Case,91.0
Maxillo-Facial,2023-08-31,2023,Inpatient/Day Case,189.0
Ophthalmology,2023-08-31,2023,Inpatient/Day Case,915.0
Orthopaedics,2023-08-31,2023,Inpatient/Day Case,353.0
Otolaryngology (ENT),2023-08-31,2023,Inpatient/Day Case,1404.0
Paed Cardiology,2023-08-31,2023,Inpatient/Day Case,205.0
Paed Orthopaedic,2023-08-31,2023,Inpatient/Day Case,798.0
Paediatric ENT,2023-08-31,2023,Inpatient/Day Case,813.0
Paediatric Neurosurgery,2023-08-31,2023,Inpatient/Day Case,45.0
Paediatric Radiology,2023-08-31,2023,Inpatient/Day Case,60.0
Paediatric Respiratory Medicine,2023-08-31,2023,Inpatient/Day Case,1274.0
Paediatric Surgery,2023-08-31,2023,Inpatient/Day Case,777.0
Paediatric Urology,2023-08-31,2023,Inpatient/Day Case,534.0
Paediatrics,2023-08-31,2023,Inpatient/Day Case,121.0
Plastic Surgery,2023-08-31,2023,Inpatient/Day Case,495.0
Rheumatology,2023-08-31,2023,Inpatient/Day Case,77.0
Small Volume Specialties,2023-08-31,2023,Inpatient/Day Case,106.0
Urology,2023-08-31,2023,Inpatient/Day Case,358.0
Anaesthetics,2023-09-28,2023,Inpatient/Day Case,70.0
Breast Surgery,2023-09-28,2023,Inpatient/Day Case,221.0
Cardio-Thoracic Surgery,2023-09-28,2023,Inpatient/Day Case,393.0
Cardiology,2023-09-28,2023,Inpatient/Day Case,3378.0
Clinical Immunology,2023-09-28,2023,Inpatient/Day Case,352.0
Dental Surgery,2023-09-28,2023,Inpatient/Day Case,59.0
Dermatology,2023-09-28,2023,Inpatient/Day Case,879.0
Endocrinology,2023-09-28,2023,Inpatient/Day Case,38.0
Gastro-Enterology,2023-09-28,2023,Inpatient/Day Case,698.0
Gastro-Intestinal Surgery,2023-09-28,2023,Inpatient/Day Case,672.0
General Medicine,2023-09-28,2023,Inpatient/Day Case,204.0
General Surgery,2023-09-28,2023,Inpatient/Day Case,12301.0
Geriatric Medicine,2023-09-28,2023,Inpatient/Day Case,28.0
Gynaecology,2023-09-28,2023,Inpatient/Day Case,5574.0
Haematology,2023-09-28,2023,Inpatient/Day Case,41.0
Hepato-Biliary Surgery,2023-09-28,2023,Inpatient/Day Case,49.0
Maxillo-Facial,2023-09-28,2023,Inpatient/Day Case,1526.0
Nephrology,2023-09-28,2023,Inpatient/Day Case,59.0
Neurology,2023-09-28,2023,Inpatient/Day Case,194.0
Neurosurgery,2023-09-28,2023,Inpatient/Day Case,811.0
Oncology,2023-09-28,2023,Inpatient/Day Case,64.0
Ophthalmology,2023-09-28,2023,Inpatient/Day Case,8777.0
Orthopaedics,2023-09-28,2023,Inpatient/Day Case,8945.0
Otolaryngology (ENT),2023-09-28,2023,Inpatient/Day Case,5279.0
Pain Relief,2023-09-28,2023,Inpatient/Day Case,5449.0
Plastic Surgery,2023-09-28,2023,Inpatient/Day Case,6111.0
Radiology,2023-09-28,2023,Inpatient/Day Case,171.0
Respiratory Medicine,2023-09-28,2023,Inpatient/Day Case,903.0
Rheumatology,2023-09-28,2023,Inpatient/Day Case,772.0
Small Volume Specialties,2023-09-28,2023,Inpatient/Day Case,6.0
Urology,2023-09-28,2023,Inpatient/Day Case,7697.0
Vascular Surgery,2023-09-28,2023,Inpatient/Day Case,1764.0
Cardio-Thoracic Surgery,2023-09-28,2023,Inpatient/Day Case,68.0
Clinical Immunology,2023-09-28,2023,Inpatient/Day Case,384.0
Dental Surgery,2023-09-28,2023,Inpatient/Day Case,313.0
General Surgery,2023-09-28,2023,Inpatient/Day Case,252.0
Immunology,2023-09-28,2023,Inpatient/Day Case,96.0
Maxillo-Facial,2023-09-28,2023,Inpatient/Day Case,190.0
Ophthalmology,2023-09-28,2023,Inpatient/Day Case,917.0
Orthopaedics,2023-09-28,2023,Inpatient/Day Case,325.0
Otolaryngology (ENT),2023-09-28,2023,Inpatient/Day Case,1519.0
Paed Cardiology,2023-09-28,2023,Inpatient/Day Case,205.0
Paed Orthopaedic,2023-09-28,2023,Inpatient/Day Case,830.0
Paediatric ENT,2023-09-28,2023,Inpatient/Day Case,821.0
Paediatric Neurosurgery,2023-09-28,2023,Inpatient/Day Case,49.0
Paediatric Radiology,2023-09-28,2023,Inpatient/Day Case,61.0
Paediatric Respiratory Medicine,2023-09-28,2023,Inpatient/Day Case,1234.0
Paediatric Surgery,2023-09-28,2023,Inpatient/Day Case,816.0
Paediatric Urology,2023-09-28,2023,Inpatient/Day Case,492.0
Paediatrics,2023-09-28,2023,Inpatient/Day Case,102.0
Plastic Surgery,2023-09-28,2023,Inpatient/Day Case,483.0
Rheumatology,2023-09-28,2023,Inpatient/Day Case,82.0
Small Volume Specialties,2023-09-28,2023,Inpatient/Day Case,100.0
Urology,2023-09-28,2023,Inpatient/Day Case,367.0
Anaesthetics,2023-10-26,2023,Inpatient/Day Case,88.0
Breast Surgery,2023-10-26,2023,Inpatient/Day Case,197.0
Cardio-Thoracic Surgery,2023-10-26,2023,Inpatient/Day Case,403.0
Cardiology,2023-10-26,2023,Inpatient/Day Case,3511.0
Clinical Immunology,2023-10-26,2023,Inpatient/Day Case,366.0
Dental Surgery,2023-10-26,2023,Inpatient/Day Case,60.0
Dermatology,2023-10-26,2023,Inpatient/Day Case,940.0
Endocrinology,2023-10-26,2023,Inpatient/Day Case,44.0
Gastro-Enterology,2023-10-26,2023,Inpatient/Day Case,631.0
Gastro-Intestinal Surgery,2023-10-26,2023,Inpatient/Day Case,701.0
General Medicine,2023-10-26,2023,Inpatient/Day Case,178.0
General Surgery,2023-10-26,2023,Inpatient/Day Case,12425.0
Geriatric Medicine,2023-10-26,2023,Inpatient/Day Case,23.0
Gynaecology,2023-10-26,2023,Inpatient/Day Case,5529.0
Haematology,2023-10-26,2023,Inpatient/Day Case,29.0
Hepato-Biliary Surgery,2023-10-26,2023,Inpatient/Day Case,46.0
Maxillo-Facial,2023-10-26,2023,Inpatient/Day Case,1382.0
Nephrology,2023-10-26,2023,Inpatient/Day Case,63.0
Neurology,2023-10-26,2023,Inpatient/Day Case,246.0
Neurosurgery,2023-10-26,2023,Inpatient/Day Case,706.0
Oncology,2023-10-26,2023,Inpatient/Day Case,54.0
Ophthalmology,2023-10-26,2023,Inpatient/Day Case,8775.0
Orthopaedics,2023-10-26,2023,Inpatient/Day Case,9000.0
Otolaryngology (ENT),2023-10-26,2023,Inpatient/Day Case,5329.0
Pain Relief,2023-10-26,2023,Inpatient/Day Case,5451.0
Plastic Surgery,2023-10-26,2023,Inpatient/Day Case,6110.0
Radiology,2023-10-26,2023,Inpatient/Day Case,123.0
Respiratory Medicine,2023-10-26,2023,Inpatient/Day Case,991.0
Rheumatology,2023-10-26,2023,Inpatient/Day Case,341.0
Small Volume Specialties,2023-10-26,2023,Inpatient/Day Case,8.0
Urology,2023-10-26,2023,Inpatient/Day Case,7713.0
Vascular Surgery,2023-10-26,2023,Inpatient/Day Case,1648.0
Cardio-Thoracic Surgery,2023-10-26,2023,Inpatient/Day Case,59.0
Clinical Immunology,2023-10-26,2023,Inpatient/Day Case,360.0
Dental Surgery,2023-10-26,2023,Inpatient/Day Case,307.0
General Surgery,2023-10-26,2023,Inpatient/Day Case,260.0
Immunology,2023-10-26,2023,Inpatient/Day Case,110.0
Maxillo-Facial,2023-10-26,2023,Inpatient/Day Case,179.0
Ophthalmology,2023-10-26,2023,Inpatient/Day Case,879.0
Orthopaedics,2023-10-26,2023,Inpatient/Day Case,321.0
Otolaryngology (ENT),2023-10-26,2023,Inpatient/Day Case,1505.0
Paed Cardiology,2023-10-26,2023,Inpatient/Day Case,206.0
Paed Orthopaedic,2023-10-26,2023,Inpatient/Day Case,866.0
Paediatric ENT,2023-10-26,2023,Inpatient/Day Case,809.0
Paediatric Neurology,2023-10-26,2023,Inpatient/Day Case,21.0
Paediatric Neurosurgery,2023-10-26,2023,Inpatient/Day Case,59.0
Paediatric Radiology,2023-10-26,2023,Inpatient/Day Case,54.0
Paediatric Respiratory Medicine,2023-10-26,2023,Inpatient/Day Case,1298.0
Paediatric Surgery,2023-10-26,2023,Inpatient/Day Case,773.0
Paediatric Urology,2023-10-26,2023,Inpatient/Day Case,498.0
Paediatrics,2023-10-26,2023,Inpatient/Day Case,114.0
Plastic Surgery,2023-10-26,2023,Inpatient/Day Case,492.0
Rheumatology,2023-10-26,2023,Inpatient/Day Case,79.0
Small Volume Specialties,2023-10-26,2023,Inpatient/Day Case,112.0
Urology,2023-10-26,2023,Inpatient/Day Case,367.0
Anaesthetics,2023-11-30,2023,Inpatient/Day Case,118.0
Breast Surgery,2023-11-30,2023,Inpatient/Day Case,217.0
Cardio-Thoracic Surgery,2023-11-30,2023,Inpatient/Day Case,402.0
Cardiology,2023-11-30,2023,Inpatient/Day Case,3650.0
Clinical Immunology,2023-11-30,2023,Inpatient/Day Case,399.0
Dental Surgery,2023-11-30,2023,Inpatient/Day Case,62.0
Dermatology,2023-11-30,2023,Inpatient/Day Case,1019.0
Endocrinology,2023-11-30,2023,Inpatient/Day Case,38.0
Gastro-Enterology,2023-11-30,2023,Inpatient/Day Case,617.0
Gastro-Intestinal Surgery,2023-11-30,2023,Inpatient/Day Case,714.0
General Medicine,2023-11-30,2023,Inpatient/Day Case,177.0
General Surgery,2023-11-30,2023,Inpatient/Day Case,12568.0
Gynaecology,2023-11-30,2023,Inpatient/Day Case,5536.0
Haematology,2023-11-30,2023,Inpatient/Day Case,38.0
Hepato-Biliary Surgery,2023-11-30,2023,Inpatient/Day Case,44.0
Maxillo-Facial,2023-11-30,2023,Inpatient/Day Case,1346.0
Nephrology,2023-11-30,2023,Inpatient/Day Case,71.0
Neurology,2023-11-30,2023,Inpatient/Day Case,308.0
Neurosurgery,2023-11-30,2023,Inpatient/Day Case,661.0
Oncology,2023-11-30,2023,Inpatient/Day Case,86.0
Ophthalmology,2023-11-30,2023,Inpatient/Day Case,8302.0
Orthopaedics,2023-11-30,2023,Inpatient/Day Case,9263.0
Otolaryngology (ENT),2023-11-30,2023,Inpatient/Day Case,5595.0
Pain Relief,2023-11-30,2023,Inpatient/Day Case,5839.0
Plastic Surgery,2023-11-30,2023,Inpatient/Day Case,6047.0
Radiology,2023-11-30,2023,Inpatient/Day Case,158.0
Respiratory Medicine,2023-11-30,2023,Inpatient/Day Case,1015.0
Rheumatology,2023-11-30,2023,Inpatient/Day Case,324.0
Small Volume Specialties,2023-11-30,2023,Inpatient/Day Case,32.0
Urology,2023-11-30,2023,Inpatient/Day Case,7960.0
Vascular Surgery,2023-11-30,2023,Inpatient/Day Case,1837.0
Cardio-Thoracic Surgery,2023-11-30,2023,Inpatient/Day Case,60.0
Clinical Immunology,2023-11-30,2023,Inpatient/Day Case,364.0
Dental Surgery,2023-11-30,2023,Inpatient/Day Case,294.0
General Surgery,2023-11-30,2023,Inpatient/Day Case,268.0
Immunology,2023-11-30,2023,Inpatient/Day Case,92.0
Maxillo-Facial,2023-11-30,2023,Inpatient/Day Case,180.0
Ophthalmology,2023-11-30,2023,Inpatient/Day Case,908.0
Orthopaedics,2023-11-30,2023,Inpatient/Day Case,336.0
Otolaryngology (ENT),2023-11-30,2023,Inpatient/Day Case,1521.0
Paed Cardiology,2023-11-30,2023,Inpatient/Day Case,223.0
Paed Endocrinology,2023-11-30,2023,Inpatient/Day Case,29.0
Paed Orthopaedic,2023-11-30,2023,Inpatient/Day Case,908.0
Paediatric ENT,2023-11-30,2023,Inpatient/Day Case,872.0
Paediatric Neurosurgery,2023-11-30,2023,Inpatient/Day Case,50.0
Paediatric Radiology,2023-11-30,2023,Inpatient/Day Case,52.0
Paediatric Respiratory Medicine,2023-11-30,2023,Inpatient/Day Case,1232.0
Paediatric Surgery,2023-11-30,2023,Inpatient/Day Case,818.0
Paediatric Urology,2023-11-30,2023,Inpatient/Day Case,495.0
Paediatrics,2023-11-30,2023,Inpatient/Day Case,100.0
Plastic Surgery,2023-11-30,2023,Inpatient/Day Case,508.0
Rheumatology,2023-11-30,2023,Inpatient/Day Case,76.0
Small Volume Specialties,2023-11-30,2023,Inpatient/Day Case,107.0
Urology,2023-11-30,2023,Inpatient/Day Case,352.0
Anaesthetics,2023-12-28,2023,Inpatient/Day Case,116.0
Breast Surgery,2023-12-28,2023,Inpatient/Day Case,188.0
Cardio-Thoracic Surgery,2023-12-28,2023,Inpatient/Day Case,410.0
Cardiology,2023-12-28,2023,Inpatient/Day Case,3800.0
Clinical Immunology,2023-12-28,2023,Inpatient/Day Case,462.0
Dental Surgery,2023-12-28,2023,Inpatient/Day Case,65.0
Dermatology,2023-12-28,2023,Inpatient/Day Case,1109.0
Endocrinology,2023-12-28,2023,Inpatient/Day Case,40.0
Gastro-Enterology,2023-12-28,2023,Inpatient/Day Case,540.0
Gastro-Intestinal Surgery,2023-12-28,2023,Inpatient/Day Case,722.0
General Medicine,2023-12-28,2023,Inpatient/Day Case,156.0
General Surgery,2023-12-28,2023,Inpatient/Day Case,13064.0
Gynaecology,2023-12-28,2023,Inpatient/Day Case,5855.0
Haematology,2023-12-28,2023,Inpatient/Day Case,43.0
Hepato-Biliary Surgery,2023-12-28,2023,Inpatient/Day Case,34.0
Maxillo-Facial,2023-12-28,2023,Inpatient/Day Case,1143.0
Nephrology,2023-12-28,2023,Inpatient/Day Case,48.0
Neurology,2023-12-28,2023,Inpatient/Day Case,230.0
Neurosurgery,2023-12-28,2023,Inpatient/Day Case,621.0
Oncology,2023-12-28,2023,Inpatient/Day Case,71.0
Ophthalmology,2023-12-28,2023,Inpatient/Day Case,8682.0
Orthopaedics,2023-12-28,2023,Inpatient/Day Case,9132.0
Otolaryngology (ENT),2023-12-28,2023,Inpatient/Day Case,5589.0
Pain Relief,2023-12-28,2023,Inpatient/Day Case,5789.0
Plastic Surgery,2023-12-28,2023,Inpatient/Day Case,6382.0
Radiology,2023-12-28,2023,Inpatient/Day Case,185.0
Respiratory Medicine,2023-12-28,2023,Inpatient/Day Case,948.0
Rheumatology,2023-12-28,2023,Inpatient/Day Case,305.0
Small Volume Specialties,2023-12-28,2023,Inpatient/Day Case,16.0
Urology,2023-12-28,2023,Inpatient/Day Case,8111.0
Vascular Surgery,2023-12-28,2023,Inpatient/Day Case,1897.0
Cardio-Thoracic Surgery,2023-12-28,2023,Inpatient/Day Case,74.0
Clinical Immunology,2023-12-28,2023,Inpatient/Day Case,355.0
Dental Surgery,2023-12-28,2023,Inpatient/Day Case,321.0
General Surgery,2023-12-28,2023,Inpatient/Day Case,306.0
Immunology,2023-12-28,2023,Inpatient/Day Case,84.0
Maxillo-Facial,2023-12-28,2023,Inpatient/Day Case,164.0
Ophthalmology,2023-12-28,2023,Inpatient/Day Case,930.0
Orthopaedics,2023-12-28,2023,Inpatient/Day Case,313.0
Otolaryngology (ENT),2023-12-28,2023,Inpatient/Day Case,1606.0
Paed Cardiology,2023-12-28,2023,Inpatient/Day Case,230.0
Paed Endocrinology,2023-12-28,2023,Inpatient/Day Case,37.0
Paed Orthopaedic,2023-12-28,2023,Inpatient/Day Case,903.0
Paediatric ENT,2023-12-28,2023,Inpatient/Day Case,860.0
Paediatric Neurosurgery,2023-12-28,2023,Inpatient/Day Case,59.0
Paediatric Radiology,2023-12-28,2023,Inpatient/Day Case,51.0
Paediatric Respiratory Medicine,2023-12-28,2023,Inpatient/Day Case,1152.0
Paediatric Surgery,2023-12-28,2023,Inpatient/Day Case,841.0
Paediatric Urology,2023-12-28,2023,Inpatient/Day Case,501.0
Paediatrics,2023-12-28,2023,Inpatient/Day Case,113.0
Plastic Surgery,2023-12-28,2023,Inpatient/Day Case,541.0
Rheumatology,2023-12-28,2023,Inpatient/Day Case,82.0
Small Volume Specialties,2023-12-28,2023,Inpatient/Day Case,116.0
Urology,2023-12-28,2023,Inpatient/Day Case,370.0
Anaesthetics,2024-01-25,2024,Inpatient/Day Case,75.0
Breast Surgery,2024-01-25,2024,Inpatient/Day Case,185.0
Cardio-Thoracic Surgery,2024-01-25,2024,Inpatient/Day Case,370.0
Cardiology,2024-01-25,2024,Inpatient/Day Case,3649.0
Clinical Immunology,2024-01-25,2024,Inpatient/Day Case,454.0
Dental Surgery,2024-01-25,2024,Inpatient/Day Case,40.0
Dermatology,2024-01-25,2024,Inpatient/Day Case,1043.0
Gastro-Enterology,2024-01-25,2024,Inpatient/Day Case,503.0
Gastro-Intestinal Surgery,2024-01-25,2024,Inpatient/Day Case,750.0
General Medicine,2024-01-25,2024,Inpatient/Day Case,83.0
General Surgery,2024-01-25,2024,Inpatient/Day Case,13477.0
Gynaecology,2024-01-25,2024,Inpatient/Day Case,5661.0
Hepato-Biliary Surgery,2024-01-25,2024,Inpatient/Day Case,32.0
Maxillo-Facial,2024-01-25,2024,Inpatient/Day Case,1201.0
Neurology,2024-01-25,2024,Inpatient/Day Case,212.0
Neurosurgery,2024-01-25,2024,Inpatient/Day Case,620.0
Oncology,2024-01-25,2024,Inpatient/Day Case,57.0
Ophthalmology,2024-01-25,2024,Inpatient/Day Case,8727.0
Orthopaedics,2024-01-25,2024,Inpatient/Day Case,9633.0
Otolaryngology (ENT),2024-01-25,2024,Inpatient/Day Case,5510.0
Pain Relief,2024-01-25,2024,Inpatient/Day Case,5689.0
Plastic Surgery,2024-01-25,2024,Inpatient/Day Case,6254.0
Radiology,2024-01-25,2024,Inpatient/Day Case,159.0
Respiratory Medicine,2024-01-25,2024,Inpatient/Day Case,906.0
Rheumatology,2024-01-25,2024,Inpatient/Day Case,313.0
Small Volume Specialties,2024-01-25,2024,Inpatient/Day Case,719.0
Urology,2024-01-25,2024,Inpatient/Day Case,8154.0
Vascular Surgery,2024-01-25,2024,Inpatient/Day Case,1902.0
Cardio-Thoracic Surgery,2024-01-25,2024,Inpatient/Day Case,72.0
Clinical Immunology,2024-01-25,2024,Inpatient/Day Case,345.0
Dental Surgery,2024-01-25,2024,Inpatient/Day Case,273.0
General Surgery,2024-01-25,2024,Inpatient/Day Case,213.0
Immunology,2024-01-25,2024,Inpatient/Day Case,96.0
Maxillo-Facial,2024-01-25,2024,Inpatient/Day Case,188.0
Ophthalmology,2024-01-25,2024,Inpatient/Day Case,958.0
Orthopaedics,2024-01-25,2024,Inpatient/Day Case,218.0
Otolaryngology (ENT),2024-01-25,2024,Inpatient/Day Case,1589.0
Paed Cardiology,2024-01-25,2024,Inpatient/Day Case,232.0
Paed Endocrinology,2024-01-25,2024,Inpatient/Day Case,26.0
Paed Orthopaedic,2024-01-25,2024,Inpatient/Day Case,890.0
Paediatric ENT,2024-01-25,2024,Inpatient/Day Case,794.0
Paediatric Neurosurgery,2024-01-25,2024,Inpatient/Day Case,46.0
Paediatric Radiology,2024-01-25,2024,Inpatient/Day Case,52.0
Paediatric Respiratory Medicine,2024-01-25,2024,Inpatient/Day Case,1135.0
Paediatric Surgery,2024-01-25,2024,Inpatient/Day Case,824.0
Paediatric Urology,2024-01-25,2024,Inpatient/Day Case,476.0
Paediatrics,2024-01-25,2024,Inpatient/Day Case,85.0
Plastic Surgery,2024-01-25,2024,Inpatient/Day Case,540.0
Rheumatology,2024-01-25,2024,Inpatient/Day Case,77.0
Small Volume Specialties,2024-01-25,2024,Inpatient/Day Case,458.0
Urology,2024-01-25,2024,Inpatient/Day Case,320.0
Anaesthetics,2024-02-29,2024,Inpatient/Day Case,83.0
Breast Surgery,2024-02-29,2024,Inpatient/Day Case,188.0
Cardio-Thoracic Surgery,2024-02-29,2024,Inpatient/Day Case,363.0
Cardiology,2024-02-29,2024,Inpatient/Day Case,3797.0
Clinical Immunology,2024-02-29,2024,Inpatient/Day Case,433.0
Dental Surgery,2024-02-29,2024,Inpatient/Day Case,35.0
Dermatology,2024-02-29,2024,Inpatient/Day Case,1197.0
Gastro-Enterology,2024-02-29,2024,Inpatient/Day Case,460.0
Gastro-Intestinal Surgery,2024-02-29,2024,Inpatient/Day Case,771.0
General Medicine,2024-02-29,2024,Inpatient/Day Case,41.0
General Surgery,2024-02-29,2024,Inpatient/Day Case,13421.0
Gynaecology,2024-02-29,2024,Inpatient/Day Case,5329.0
Hepato-Biliary Surgery,2024-02-29,2024,Inpatient/Day Case,33.0
Maxillo-Facial,2024-02-29,2024,Inpatient/Day Case,1215.0
Neurology,2024-02-29,2024,Inpatient/Day Case,199.0
Neurosurgery,2024-02-29,2024,Inpatient/Day Case,683.0
Oncology,2024-02-29,2024,Inpatient/Day Case,61.0
Ophthalmology,2024-02-29,2024,Inpatient/Day Case,8928.0
Orthopaedics,2024-02-29,2024,Inpatient/Day Case,9285.0
Otolaryngology (ENT),2024-02-29,2024,Inpatient/Day Case,5962.0
Pain Relief,2024-02-29,2024,Inpatient/Day Case,6146.0
Plastic Surgery,2024-02-29,2024,Inpatient/Day Case,5717.0
Radiology,2024-02-29,2024,Inpatient/Day Case,147.0
Respiratory Medicine,2024-02-29,2024,Inpatient/Day Case,907.0
Rheumatology,2024-02-29,2024,Inpatient/Day Case,313.0
Small Volume Specialties,2024-02-29,2024,Inpatient/Day Case,870.0
Urology,2024-02-29,2024,Inpatient/Day Case,8271.0
Vascular Surgery,2024-02-29,2024,Inpatient/Day Case,1920.0
Cardio-Thoracic Surgery,2024-02-29,2024,Inpatient/Day Case,88.0
Clinical Immunology,2024-02-29,2024,Inpatient/Day Case,352.0
Dental Surgery,2024-02-29,2024,Inpatient/Day Case,272.0
General Surgery,2024-02-29,2024,Inpatient/Day Case,187.0
Immunology,2024-02-29,2024,Inpatient/Day Case,91.0
Maxillo-Facial,2024-02-29,2024,Inpatient/Day Case,178.0
Ophthalmology,2024-02-29,2024,Inpatient/Day Case,1009.0
Orthopaedics,2024-02-29,2024,Inpatient/Day Case,202.0
Otolaryngology (ENT),2024-02-29,2024,Inpatient/Day Case,1717.0
Paed Cardiology,2024-02-29,2024,Inpatient/Day Case,212.0
Paed Endocrinology,2024-02-29,2024,Inpatient/Day Case,36.0
Paed Orthopaedic,2024-02-29,2024,Inpatient/Day Case,860.0
Paediatric Dermatology,2024-02-29,2024,Inpatient/Day Case,27.0
Paediatric ENT,2024-02-29,2024,Inpatient/Day Case,803.0
Paediatric Neurosurgery,2024-02-29,2024,Inpatient/Day Case,23.0
Paediatric Radiology,2024-02-29,2024,Inpatient/Day Case,55.0
Paediatric Respiratory Medicine,2024-02-29,2024,Inpatient/Day Case,983.0
Paediatric Surgery,2024-02-29,2024,Inpatient/Day Case,776.0
Paediatric Urology,2024-02-29,2024,Inpatient/Day Case,501.0
Paediatrics,2024-02-29,2024,Inpatient/Day Case,86.0
Plastic Surgery,2024-02-29,2024,Inpatient/Day Case,549.0
Rheumatology,2024-02-29,2024,Inpatient/Day Case,75.0
Small Volume Specialties,2024-02-29,2024,Inpatient/Day Case,444.0
Urology,2024-02-29,2024,Inpatient/Day Case,327.0
Anaesthetics,2024-03-28,2024,Inpatient/Day Case,90.0
Breast Surgery,2024-03-28,2024,Inpatient/Day Case,187.0
Cardio-Thoracic Surgery,2024-03-28,2024,Inpatient/Day Case,379.0
Cardiology,2024-03-28,2024,Inpatient/Day Case,3752.0
Clinical Immunology,2024-03-28,2024,Inpatient/Day Case,476.0
Dental Surgery,2024-03-28,2024,Inpatient/Day Case,43.0
Dermatology,2024-03-28,2024,Inpatient/Day Case,1198.0
Gastro-Enterology,2024-03-28,2024,Inpatient/Day Case,341.0
Gastro-Intestinal Surgery,2024-03-28,2024,Inpatient/Day Case,796.0
General Medicine,2024-03-28,2024,Inpatient/Day Case,64.0
General Surgery,2024-03-28,2024,Inpatient/Day Case,13002.0
Gynaecology,2024-03-28,2024,Inpatient/Day Case,5471.0
Haematology,2024-03-28,2024,Inpatient/Day Case,21.0
Hepato-Biliary Surgery,2024-03-28,2024,Inpatient/Day Case,32.0
Maxillo-Facial,2024-03-28,2024,Inpatient/Day Case,1219.0
Nephrology,2024-03-28,2024,Inpatient/Day Case,23.0
Neurology,2024-03-28,2024,Inpatient/Day Case,220.0
Neurosurgery,2024-03-28,2024,Inpatient/Day Case,779.0
Oncology,2024-03-28,2024,Inpatient/Day Case,52.0
Ophthalmology,2024-03-28,2024,Inpatient/Day Case,8803.0
Orthopaedics,2024-03-28,2024,Inpatient/Day Case,9502.0
Otolaryngology (ENT),2024-03-28,2024,Inpatient/Day Case,6105.0
Pain Relief,2024-03-28,2024,Inpatient/Day Case,6339.0
Plastic Surgery,2024-03-28,2024,Inpatient/Day Case,5556.0
Radiology,2024-03-28,2024,Inpatient/Day Case,232.0
Respiratory Medicine,2024-03-28,2024,Inpatient/Day Case,851.0
Rheumatology,2024-03-28,2024,Inpatient/Day Case,281.0
Small Volume Specialties,2024-03-28,2024,Inpatient/Day Case,748.0
Urology,2024-03-28,2024,Inpatient/Day Case,8467.0
Vascular Surgery,2024-03-28,2024,Inpatient/Day Case,1984.0
Cardio-Thoracic Surgery,2024-03-28,2024,Inpatient/Day Case,79.0
Clinical Immunology,2024-03-28,2024,Inpatient/Day Case,346.0
Dental Surgery,2024-03-28,2024,Inpatient/Day Case,263.0
General Surgery,2024-03-28,2024,Inpatient/Day Case,152.0
Immunology,2024-03-28,2024,Inpatient/Day Case,97.0
Maxillo-Facial,2024-03-28,2024,Inpatient/Day Case,189.0
Ophthalmology,2024-03-28,2024,Inpatient/Day Case,1016.0
Orthopaedics,2024-03-28,2024,Inpatient/Day Case,190.0
Otolaryngology (ENT),2024-03-28,2024,Inpatient/Day Case,1793.0
Paed Cardiology,2024-03-28,2024,Inpatient/Day Case,228.0
Paed Endocrinology,2024-03-28,2024,Inpatient/Day Case,39.0
Paed Metabolic Medicine,2024-03-28,2024,Inpatient/Day Case,22.0
Paed Orthopaedic,2024-03-28,2024,Inpatient/Day Case,831.0
Paediatric Dermatology,2024-03-28,2024,Inpatient/Day Case,26.0
Paediatric ENT,2024-03-28,2024,Inpatient/Day Case,818.0
Paediatric Neurosurgery,2024-03-28,2024,Inpatient/Day Case,29.0
Paediatric Radiology,2024-03-28,2024,Inpatient/Day Case,55.0
Paediatric Respiratory Medicine,2024-03-28,2024,Inpatient/Day Case,937.0
Paediatric Surgery,2024-03-28,2024,Inpatient/Day Case,731.0
Paediatric Urology,2024-03-28,2024,Inpatient/Day Case,492.0
Paediatrics,2024-03-28,2024,Inpatient/Day Case,115.0
Plastic Surgery,2024-03-28,2024,Inpatient/Day Case,550.0
Rheumatology,2024-03-28,2024,Inpatient/Day Case,76.0
Small Volume Specialties,2024-03-28,2024,Inpatient/Day Case,411.0
Urology,2024-03-28,2024,Inpatient/Day Case,314.0
Anaesthetics,2024-04-25,2024,Inpatient/Day Case,114.0
Breast Surgery,2024-04-25,2024,Inpatient/Day Case,188.0
Cardio-Thoracic Surgery,2024-04-25,2024,Inpatient/Day Case,398.0
Cardiology,2024-04-25,2024,Inpatient/Day Case,3813.0
Clinical Immunology,2024-04-25,2024,Inpatient/Day Case,526.0
Dermatology,2024-04-25,2024,Inpatient/Day Case,1289.0
Gastro-Enterology,2024-04-25,2024,Inpatient/Day Case,389.0
Gastro-Intestinal Surgery,2024-04-25,2024,Inpatient/Day Case,787.0
General Medicine,2024-04-25,2024,Inpatient/Day Case,23.0
General Surgery,2024-04-25,2024,Inpatient/Day Case,12965.0
Gynaecology,2024-04-25,2024,Inpatient/Day Case,5398.0
Hepato-Biliary Surgery,2024-04-25,2024,Inpatient/Day Case,31.0
Maxillo-Facial,2024-04-25,2024,Inpatient/Day Case,1177.0
Nephrology,2024-04-25,2024,Inpatient/Day Case,28.0
Neurology,2024-04-25,2024,Inpatient/Day Case,223.0
Neurosurgery,2024-04-25,2024,Inpatient/Day Case,820.0
Oncology,2024-04-25,2024,Inpatient/Day Case,59.0
Ophthalmology,2024-04-25,2024,Inpatient/Day Case,8819.0
Orthopaedics,2024-04-25,2024,Inpatient/Day Case,9730.0
Otolaryngology (ENT),2024-04-25,2024,Inpatient/Day Case,6012.0
Pain Relief,2024-04-25,2024,Inpatient/Day Case,6170.0
Plastic Surgery,2024-04-25,2024,Inpatient/Day Case,5602.0
Radiology,2024-04-25,2024,Inpatient/Day Case,210.0
Respiratory Medicine,2024-04-25,2024,Inpatient/Day Case,925.0
Rheumatology,2024-04-25,2024,Inpatient/Day Case,177.0
Small Volume Specialties,2024-04-25,2024,Inpatient/Day Case,712.0
Urology,2024-04-25,2024,Inpatient/Day Case,8445.0
Vascular Surgery,2024-04-25,2024,Inpatient/Day Case,2097.0
Cardio-Thoracic Surgery,2024-04-25,2024,Inpatient/Day Case,69.0
Clinical Immunology,2024-04-25,2024,Inpatient/Day Case,333.0
Dental Surgery,2024-04-25,2024,Inpatient/Day Case,282.0
General Surgery,2024-04-25,2024,Inpatient/Day Case,169.0
Immunology,2024-04-25,2024,Inpatient/Day Case,82.0
Maxillo-Facial,2024-04-25,2024,Inpatient/Day Case,203.0
Ophthalmology,2024-04-25,2024,Inpatient/Day Case,1021.0
Orthopaedics,2024-04-25,2024,Inpatient/Day Case,177.0
Otolaryngology (ENT),2024-04-25,2024,Inpatient/Day Case,1730.0
Paed Cardiology,2024-04-25,2024,Inpatient/Day Case,207.0
Paed Endocrinology,2024-04-25,2024,Inpatient/Day Case,36.0
Paed Gastro-Enterol,2024-04-25,2024,Inpatient/Day Case,20.0
Paed Orthopaedic,2024-04-25,2024,Inpatient/Day Case,826.0
Paediatric Dermatology,2024-04-25,2024,Inpatient/Day Case,31.0
Paediatric ENT,2024-04-25,2024,Inpatient/Day Case,872.0
Paediatric Neurosurgery,2024-04-25,2024,Inpatient/Day Case,32.0
Paediatric Radiology,2024-04-25,2024,Inpatient/Day Case,55.0
Paediatric Respiratory Medicine,2024-04-25,2024,Inpatient/Day Case,923.0
Paediatric Surgery,2024-04-25,2024,Inpatient/Day Case,731.0
Paediatric Urology,2024-04-25,2024,Inpatient/Day Case,457.0
Paediatrics,2024-04-25,2024,Inpatient/Day Case,105.0
Plastic Surgery,2024-04-25,2024,Inpatient/Day Case,584.0
Rheumatology,2024-04-25,2024,Inpatient/Day Case,72.0
Small Volume Specialties,2024-04-25,2024,Inpatient/Day Case,398.0
Urology,2024-04-25,2024,Inpatient/Day Case,284.0
Anaesthetics,2024-05-30,2024,Inpatient/Day Case,76.0
Breast Surgery,2024-05-30,2024,Inpatient/Day Case,170.0
Cardio-Thoracic Surgery,2024-05-30,2024,Inpatient/Day Case,405.0
Cardiology,2024-05-30,2024,Inpatient/Day Case,4065.0
Clinical Immunology,2024-05-30,2024,Inpatient/Day Case,579.0
Dermatology,2024-05-30,2024,Inpatient/Day Case,1388.0
Gastro-Enterology,2024-05-30,2024,Inpatient/Day Case,388.0
Gastro-Intestinal Surgery,2024-05-30,2024,Inpatient/Day Case,806.0
General Medicine,2024-05-30,2024,Inpatient/Day Case,32.0
General Surgery,2024-05-30,2024,Inpatient/Day Case,13068.0
Gynaecology,2024-05-30,2024,Inpatient/Day Case,5547.0
Hepato-Biliary Surgery,2024-05-30,2024,Inpatient/Day Case,29.0
Maxillo-Facial,2024-05-30,2024,Inpatient/Day Case,1156.0
Nephrology,2024-05-30,2024,Inpatient/Day Case,40.0
Neurology,2024-05-30,2024,Inpatient/Day Case,207.0
Neurosurgery,2024-05-30,2024,Inpatient/Day Case,868.0
Oncology,2024-05-30,2024,Inpatient/Day Case,43.0
Ophthalmology,2024-05-30,2024,Inpatient/Day Case,8735.0
Orthopaedics,2024-05-30,2024,Inpatient/Day Case,9864.0
Otolaryngology (ENT),2024-05-30,2024,Inpatient/Day Case,5913.0
Pain Relief,2024-05-30,2024,Inpatient/Day Case,6286.0
Plastic Surgery,2024-05-30,2024,Inpatient/Day Case,5661.0
Radiology,2024-05-30,2024,Inpatient/Day Case,203.0
Respiratory Medicine,2024-05-30,2024,Inpatient/Day Case,903.0
Rheumatology,2024-05-30,2024,Inpatient/Day Case,138.0
Small Volume Specialties,2024-05-30,2024,Inpatient/Day Case,730.0
Urology,2024-05-30,2024,Inpatient/Day Case,8439.0
Vascular Surgery,2024-05-30,2024,Inpatient/Day Case,2067.0
Cardio-Thoracic Surgery,2024-05-30,2024,Inpatient/Day Case,68.0
Clinical Immunology,2024-05-30,2024,Inpatient/Day Case,364.0
Dental Surgery,2024-05-30,2024,Inpatient/Day Case,282.0
General Surgery,2024-05-30,2024,Inpatient/Day Case,199.0
Immunology,2024-05-30,2024,Inpatient/Day Case,80.0
Maxillo-Facial,2024-05-30,2024,Inpatient/Day Case,210.0
Ophthalmology,2024-05-30,2024,Inpatient/Day Case,1046.0
Orthopaedics,2024-05-30,2024,Inpatient/Day Case,186.0
Otolaryngology (ENT),2024-05-30,2024,Inpatient/Day Case,1680.0
Paed Cardiology,2024-05-30,2024,Inpatient/Day Case,212.0
Paed Endocrinology,2024-05-30,2024,Inpatient/Day Case,39.0
Paed Gastro-Enterol,2024-05-30,2024,Inpatient/Day Case,21.0
Paed Metabolic Medicine,2024-05-30,2024,Inpatient/Day Case,23.0
Paed Orthopaedic,2024-05-30,2024,Inpatient/Day Case,789.0
Paediatric Dermatology,2024-05-30,2024,Inpatient/Day Case,29.0
Paediatric ENT,2024-05-30,2024,Inpatient/Day Case,967.0
Paediatric Neurosurgery,2024-05-30,2024,Inpatient/Day Case,31.0
Paediatric Radiology,2024-05-30,2024,Inpatient/Day Case,56.0
Paediatric Respiratory Medicine,2024-05-30,2024,Inpatient/Day Case,972.0
Paediatric Surgery,2024-05-30,2024,Inpatient/Day Case,749.0
Paediatric Urology,2024-05-30,2024,Inpatient/Day Case,467.0
Paediatrics,2024-05-30,2024,Inpatient/Day Case,119.0
Plastic Surgery,2024-05-30,2024,Inpatient/Day Case,594.0
Rheumatology,2024-05-30,2024,Inpatient/Day Case,80.0
Small Volume Specialties,2024-05-30,2024,Inpatient/Day Case,362.0
Urology,2024-05-30,2024,Inpatient/Day Case,272.0
Anaesthetics,2024-06-27,2024,Inpatient/Day Case,84.0
Breast Surgery,2024-06-27,2024,Inpatient/Day Case,157.0
Cardio-Thoracic Surgery,2024-06-27,2024,Inpatient/Day Case,470.0
Cardiology,2024-06-27,2024,Inpatient/Day Case,3939.0
Clinical Immunology,2024-06-27,2024,Inpatient/Day Case,578.0
Dermatology,2024-06-27,2024,Inpatient/Day Case,1368.0
Gastro-Enterology,2024-06-27,2024,Inpatient/Day Case,408.0
Gastro-Intestinal Surgery,2024-06-27,2024,Inpatient/Day Case,785.0
General Medicine,2024-06-27,2024,Inpatient/Day Case,77.0
General Surgery,2024-06-27,2024,Inpatient/Day Case,13302.0
Gynaecology,2024-06-27,2024,Inpatient/Day Case,5580.0
Haematology,2024-06-27,2024,Inpatient/Day Case,31.0
Hepato-Biliary Surgery,2024-06-27,2024,Inpatient/Day Case,32.0
Maxillo-Facial,2024-06-27,2024,Inpatient/Day Case,1153.0
Nephrology,2024-06-27,2024,Inpatient/Day Case,54.0
Neurology,2024-06-27,2024,Inpatient/Day Case,253.0
Neurosurgery,2024-06-27,2024,Inpatient/Day Case,873.0
Oncology,2024-06-27,2024,Inpatient/Day Case,50.0
Ophthalmology,2024-06-27,2024,Inpatient/Day Case,9070.0
Orthopaedics,2024-06-27,2024,Inpatient/Day Case,10048.0
Otolaryngology (ENT),2024-06-27,2024,Inpatient/Day Case,5819.0
Pain Relief,2024-06-27,2024,Inpatient/Day Case,6473.0
Plastic Surgery,2024-06-27,2024,Inpatient/Day Case,5696.0
Radiology,2024-06-27,2024,Inpatient/Day Case,168.0
Respiratory Medicine,2024-06-27,2024,Inpatient/Day Case,1090.0
Rheumatology,2024-06-27,2024,Inpatient/Day Case,112.0
Small Volume Specialties,2024-06-27,2024,Inpatient/Day Case,663.0
Urology,2024-06-27,2024,Inpatient/Day Case,8533.0
Vascular Surgery,2024-06-27,2024,Inpatient/Day Case,2196.0
Cardio-Thoracic Surgery,2024-06-27,2024,Inpatient/Day Case,57.0
Clinical Immunology,2024-06-27,2024,Inpatient/Day Case,354.0
Dental Surgery,2024-06-27,2024,Inpatient/Day Case,273.0
General Surgery,2024-06-27,2024,Inpatient/Day Case,154.0
Immunology,2024-06-27,2024,Inpatient/Day Case,79.0
Maxillo-Facial,2024-06-27,2024,Inpatient/Day Case,204.0
Ophthalmology,2024-06-27,2024,Inpatient/Day Case,1024.0
Orthopaedics,2024-06-27,2024,Inpatient/Day Case,178.0
Otolaryngology (ENT),2024-06-27,2024,Inpatient/Day Case,1736.0
Paed Cardiology,2024-06-27,2024,Inpatient/Day Case,226.0
Paed Endocrinology,2024-06-27,2024,Inpatient/Day Case,39.0
Paed Gastro-Enterol,2024-06-27,2024,Inpatient/Day Case,22.0
Paed Metabolic Medicine,2024-06-27,2024,Inpatient/Day Case,25.0
Paed Orthopaedic,2024-06-27,2024,Inpatient/Day Case,803.0
Paediatric Dermatology,2024-06-27,2024,Inpatient/Day Case,34.0
Paediatric ENT,2024-06-27,2024,Inpatient/Day Case,824.0
Paediatric Neurosurgery,2024-06-27,2024,Inpatient/Day Case,20.0
Paediatric Radiology,2024-06-27,2024,Inpatient/Day Case,59.0
Paediatric Respiratory Medicine,2024-06-27,2024,Inpatient/Day Case,954.0
Paediatric Surgery,2024-06-27,2024,Inpatient/Day Case,729.0
Paediatric Urology,2024-06-27,2024,Inpatient/Day Case,462.0
Paediatrics,2024-06-27,2024,Inpatient/Day Case,123.0
Plastic Surgery,2024-06-27,2024,Inpatient/Day Case,593.0
Rheumatology,2024-06-27,2024,Inpatient/Day Case,81.0
Small Volume Specialties,2024-06-27,2024,Inpatient/Day Case,421.0
Urology,2024-06-27,2024,Inpatient/Day Case,278.0
Anaesthetics,2024-07-25,2024,Inpatient/Day Case,101.0
Breast Surgery,2024-07-25,2024,Inpatient/Day Case,202.0
Cardio-Thoracic Surgery,2024-07-25,2024,Inpatient/Day Case,479.0
Cardiology,2024-07-25,2024,Inpatient/Day Case,3932.0
Clinical Immunology,2024-07-25,2024,Inpatient/Day Case,589.0
Dermatology,2024-07-25,2024,Inpatient/Day Case,1310.0
Gastro-Enterology,2024-07-25,2024,Inpatient/Day Case,386.0
Gastro-Intestinal Surgery,2024-07-25,2024,Inpatient/Day Case,790.0
General Medicine,2024-07-25,2024,Inpatient/Day Case,61.0
General Surgery,2024-07-25,2024,Inpatient/Day Case,13261.0
Gynaecology,2024-07-25,2024,Inpatient/Day Case,5241.0
Haematology,2024-07-25,2024,Inpatient/Day Case,42.0
Hepato-Biliary Surgery,2024-07-25,2024,Inpatient/Day Case,34.0
Maxillo-Facial,2024-07-25,2024,Inpatient/Day Case,1142.0
Nephrology,2024-07-25,2024,Inpatient/Day Case,69.0
Neurology,2024-07-25,2024,Inpatient/Day Case,252.0
Neurosurgery,2024-07-25,2024,Inpatient/Day Case,928.0
Oncology,2024-07-25,2024,Inpatient/Day Case,61.0
Ophthalmology,2024-07-25,2024,Inpatient/Day Case,9182.0
Orthopaedics,2024-07-25,2024,Inpatient/Day Case,9990.0
Otolaryngology (ENT),2024-07-25,2024,Inpatient/Day Case,5791.0
Pain Relief,2024-07-25,2024,Inpatient/Day Case,6515.0
Plastic Surgery,2024-07-25,2024,Inpatient/Day Case,5574.0
Radiology,2024-07-25,2024,Inpatient/Day Case,194.0
Respiratory Medicine,2024-07-25,2024,Inpatient/Day Case,1062.0
Rheumatology,2024-07-25,2024,Inpatient/Day Case,108.0
Small Volume Specialties,2024-07-25,2024,Inpatient/Day Case,652.0
Urology,2024-07-25,2024,Inpatient/Day Case,8353.0
Vascular Surgery,2024-07-25,2024,Inpatient/Day Case,2157.0
Cardio-Thoracic Surgery,2024-07-25,2024,Inpatient/Day Case,58.0
Clinical Immunology,2024-07-25,2024,Inpatient/Day Case,325.0
Dental Surgery,2024-07-25,2024,Inpatient/Day Case,279.0
General Surgery,2024-07-25,2024,Inpatient/Day Case,80.0
Immunology,2024-07-25,2024,Inpatient/Day Case,63.0
Maxillo-Facial,2024-07-25,2024,Inpatient/Day Case,205.0
Ophthalmology,2024-07-25,2024,Inpatient/Day Case,1082.0
Orthopaedics,2024-07-25,2024,Inpatient/Day Case,165.0
Otolaryngology (ENT),2024-07-25,2024,Inpatient/Day Case,1655.0
Paed Cardiology,2024-07-25,2024,Inpatient/Day Case,201.0
Paed Endocrinology,2024-07-25,2024,Inpatient/Day Case,42.0
Paed Gastro-Enterol,2024-07-25,2024,Inpatient/Day Case,23.0
Paed Metabolic Medicine,2024-07-25,2024,Inpatient/Day Case,21.0
Paed Orthopaedic,2024-07-25,2024,Inpatient/Day Case,778.0
Paediatric Dermatology,2024-07-25,2024,Inpatient/Day Case,28.0
Paediatric ENT,2024-07-25,2024,Inpatient/Day Case,764.0
Paediatric Neurosurgery,2024-07-25,2024,Inpatient/Day Case,25.0
Paediatric Radiology,2024-07-25,2024,Inpatient/Day Case,63.0
Paediatric Respiratory Medicine,2024-07-25,2024,Inpatient/Day Case,1070.0
Paediatric Surgery,2024-07-25,2024,Inpatient/Day Case,744.0
Paediatric Urology,2024-07-25,2024,Inpatient/Day Case,438.0
Paediatrics,2024-07-25,2024,Inpatient/Day Case,93.0
Plastic Surgery,2024-07-25,2024,Inpatient/Day Case,560.0
Rheumatology,2024-07-25,2024,Inpatient/Day Case,84.0
Small Volume Specialties,2024-07-25,2024,Inpatient/Day Case,446.0
Urology,2024-07-25,2024,Inpatient/Day Case,310.0
Anaesthetics,2024-08-29,2024,Inpatient/Day Case,119.0
Breast Surgery,2024-08-29,2024,Inpatient/Day Case,167.0
Cardio-Thoracic Surgery,2024-08-29,2024,Inpatient/Day Case,507.0
Cardiology,2024-08-29,2024,Inpatient/Day Case,3806.0
Clinical Immunology,2024-08-29,2024,Inpatient/Day Case,653.0
Dermatology,2024-08-29,2024,Inpatient/Day Case,1241.0
Gastro-Enterology,2024-08-29,2024,Inpatient/Day Case,333.0
Gastro-Intestinal Surgery,2024-08-29,2024,Inpatient/Day Case,771.0
General Medicine,2024-08-29,2024,Inpatient/Day Case,75.0
General Surgery,2024-08-29,2024,Inpatient/Day Case,13452.0
Gynaecology,2024-08-29,2024,Inpatient/Day Case,5196.0
Haematology,2024-08-29,2024,Inpatient/Day Case,43.0
Maxillo-Facial,2024-08-29,2024,Inpatient/Day Case,1316.0
Neurology,2024-08-29,2024,Inpatient/Day Case,257.0
Neurosurgery,2024-08-29,2024,Inpatient/Day Case,923.0
Oncology,2024-08-29,2024,Inpatient/Day Case,63.0
Ophthalmology,2024-08-29,2024,Inpatient/Day Case,9122.0
Orthopaedics,2024-08-29,2024,Inpatient/Day Case,10040.0
Otolaryngology (ENT),2024-08-29,2024,Inpatient/Day Case,5768.0
Pain Relief,2024-08-29,2024,Inpatient/Day Case,6518.0
Plastic Surgery,2024-08-29,2024,Inpatient/Day Case,5517.0
Radiology,2024-08-29,2024,Inpatient/Day Case,164.0
Respiratory Medicine,2024-08-29,2024,Inpatient/Day Case,853.0
Rheumatology,2024-08-29,2024,Inpatient/Day Case,134.0
Small Volume Specialties,2024-08-29,2024,Inpatient/Day Case,647.0
Urology,2024-08-29,2024,Inpatient/Day Case,7988.0
Vascular Surgery,2024-08-29,2024,Inpatient/Day Case,2106.0
Cardio-Thoracic Surgery,2024-08-29,2024,Inpatient/Day Case,57.0
Clinical Immunology,2024-08-29,2024,Inpatient/Day Case,328.0
Dental Surgery,2024-08-29,2024,Inpatient/Day Case,280.0
General Surgery,2024-08-29,2024,Inpatient/Day Case,128.0
Immunology,2024-08-29,2024,Inpatient/Day Case,79.0
Maxillo-Facial,2024-08-29,2024,Inpatient/Day Case,210.0
Ophthalmology,2024-08-29,2024,Inpatient/Day Case,1078.0
Orthopaedics,2024-08-29,2024,Inpatient/Day Case,149.0
Otolaryngology (ENT),2024-08-29,2024,Inpatient/Day Case,1557.0
Paed Cardiology,2024-08-29,2024,Inpatient/Day Case,198.0
Paed Endocrinology,2024-08-29,2024,Inpatient/Day Case,35.0
Paed Orthopaedic,2024-08-29,2024,Inpatient/Day Case,764.0
Paediatric Dermatology,2024-08-29,2024,Inpatient/Day Case,34.0
Paediatric ENT,2024-08-29,2024,Inpatient/Day Case,775.0
Paediatric Neurosurgery,2024-08-29,2024,Inpatient/Day Case,21.0
Paediatric Radiology,2024-08-29,2024,Inpatient/Day Case,65.0
Paediatric Respiratory Medicine,2024-08-29,2024,Inpatient/Day Case,940.0
Paediatric Surgery,2024-08-29,2024,Inpatient/Day Case,729.0
Paediatric Urology,2024-08-29,2024,Inpatient/Day Case,414.0
Paediatrics,2024-08-29,2024,Inpatient/Day Case,113.0
Plastic Surgery,2024-08-29,2024,Inpatient/Day Case,592.0
Rheumatology,2024-08-29,2024,Inpatient/Day Case,87.0
Small Volume Specialties,2024-08-29,2024,Inpatient/Day Case,404.0
Urology,2024-08-29,2024,Inpatient/Day Case,284.0
Anaesthetics,2024-09-26,2024,Inpatient/Day Case,134.0
Breast Surgery,2024-09-26,2024,Inpatient/Day Case,142.0
Cardio-Thoracic Surgery,2024-09-26,2024,Inpatient/Day Case,554.0
Cardiology,2024-09-26,2024,Inpatient/Day Case,3684.0
Clinical Immunology,2024-09-26,2024,Inpatient/Day Case,702.0
Dermatology,2024-09-26,2024,Inpatient/Day Case,1244.0
Gastro-Enterology,2024-09-26,2024,Inpatient/Day Case,342.0
Gastro-Intestinal Surgery,2024-09-26,2024,Inpatient/Day Case,744.0
General Medicine,2024-09-26,2024,Inpatient/Day Case,61.0
General Surgery,2024-09-26,2024,Inpatient/Day Case,13224.0
Gynaecology,2024-09-26,2024,Inpatient/Day Case,5161.0
Haematology,2024-09-26,2024,Inpatient/Day Case,21.0
Maxillo-Facial,2024-09-26,2024,Inpatient/Day Case,1416.0
Neurology,2024-09-26,2024,Inpatient/Day Case,222.0
Neurosurgery,2024-09-26,2024,Inpatient/Day Case,990.0
Oncology,2024-09-26,2024,Inpatient/Day Case,54.0
Ophthalmology,2024-09-26,2024,Inpatient/Day Case,9337.0
Orthopaedics,2024-09-26,2024,Inpatient/Day Case,10076.0
Otolaryngology (ENT),2024-09-26,2024,Inpatient/Day Case,5719.0
Pain Relief,2024-09-26,2024,Inpatient/Day Case,6413.0
Plastic Surgery,2024-09-26,2024,Inpatient/Day Case,5651.0
Radiology,2024-09-26,2024,Inpatient/Day Case,152.0
Respiratory Medicine,2024-09-26,2024,Inpatient/Day Case,859.0
Rheumatology,2024-09-26,2024,Inpatient/Day Case,133.0
Small Volume Specialties,2024-09-26,2024,Inpatient/Day Case,754.0
Urology,2024-09-26,2024,Inpatient/Day Case,8029.0
Vascular Surgery,2024-09-26,2024,Inpatient/Day Case,2180.0
Cardio-Thoracic Surgery,2024-09-26,2024,Inpatient/Day Case,48.0
Clinical Immunology,2024-09-26,2024,Inpatient/Day Case,339.0
Dental Surgery,2024-09-26,2024,Inpatient/Day Case,267.0
General Surgery,2024-09-26,2024,Inpatient/Day Case,156.0
Immunology,2024-09-26,2024,Inpatient/Day Case,73.0
Maxillo-Facial,2024-09-26,2024,Inpatient/Day Case,235.0
Ophthalmology,2024-09-26,2024,Inpatient/Day Case,1087.0
Orthopaedics,2024-09-26,2024,Inpatient/Day Case,124.0
Otolaryngology (ENT),2024-09-26,2024,Inpatient/Day Case,1436.0
Paed Cardiology,2024-09-26,2024,Inpatient/Day Case,194.0
Paed Endocrinology,2024-09-26,2024,Inpatient/Day Case,41.0
Paed Orthopaedic,2024-09-26,2024,Inpatient/Day Case,739.0
Paediatric Dermatology,2024-09-26,2024,Inpatient/Day Case,47.0
Paediatric ENT,2024-09-26,2024,Inpatient/Day Case,687.0
Paediatric Neurosurgery,2024-09-26,2024,Inpatient/Day Case,22.0
Paediatric Radiology,2024-09-26,2024,Inpatient/Day Case,61.0
Paediatric Respiratory Medicine,2024-09-26,2024,Inpatient/Day Case,944.0
Paediatric Surgery,2024-09-26,2024,Inpatient/Day Case,685.0
Paediatric Urology,2024-09-26,2024,Inpatient/Day Case,385.0
Paediatrics,2024-09-26,2024,Inpatient/Day Case,97.0
Plastic Surgery,2024-09-26,2024,Inpatient/Day Case,549.0
Rheumatology,2024-09-26,2024,Inpatient/Day Case,87.0
Small Volume Specialties,2024-09-26,2024,Inpatient/Day Case,386.0
Urology,2024-09-26,2024,Inpatient/Day Case,336.0
Anaesthetics,2024-10-31,2024,Inpatient/Day Case,142.0
Breast Surgery,2024-10-31,2024,Inpatient/Day Case,141.0
Cardio-Thoracic Surgery,2024-10-31,2024,Inpatient/Day Case,587.0
Cardiology,2024-10-31,2024,Inpatient/Day Case,3675.0
Clinical Immunology,2024-10-31,2024,Inpatient/Day Case,548.0
Dermatology,2024-10-31,2024,Inpatient/Day Case,1357.0
Gastro-Enterology,2024-10-31,2024,Inpatient/Day Case,342.0
Gastro-Intestinal Surgery,2024-10-31,2024,Inpatient/Day Case,721.0
General Medicine,2024-10-31,2024,Inpatient/Day Case,90.0
General Surgery,2024-10-31,2024,Inpatient/Day Case,13526.0
Gynaecology,2024-10-31,2024,Inpatient/Day Case,5332.0
Haematology,2024-10-31,2024,Inpatient/Day Case,33.0
Maxillo-Facial,2024-10-31,2024,Inpatient/Day Case,1417.0
Nephrology,2024-10-31,2024,Inpatient/Day Case,24.0
Neurology,2024-10-31,2024,Inpatient/Day Case,245.0
Neurosurgery,2024-10-31,2024,Inpatient/Day Case,969.0
Oncology,2024-10-31,2024,Inpatient/Day Case,72.0
Ophthalmology,2024-10-31,2024,Inpatient/Day Case,9069.0
Orthopaedics,2024-10-31,2024,Inpatient/Day Case,10479.0
Otolaryngology (ENT),2024-10-31,2024,Inpatient/Day Case,5782.0
Pain Relief,2024-10-31,2024,Inpatient/Day Case,6326.0
Plastic Surgery,2024-10-31,2024,Inpatient/Day Case,5720.0
Radiology,2024-10-31,2024,Inpatient/Day Case,170.0
Respiratory Medicine,2024-10-31,2024,Inpatient/Day Case,811.0
Rheumatology,2024-10-31,2024,Inpatient/Day Case,70.0
Small Volume Specialties,2024-10-31,2024,Inpatient/Day Case,766.0
Urology,2024-10-31,2024,Inpatient/Day Case,8334.0
Vascular Surgery,2024-10-31,2024,Inpatient/Day Case,2254.0
Cardio-Thoracic Surgery,2024-10-31,2024,Inpatient/Day Case,46.0
Clinical Immunology,2024-10-31,2024,Inpatient/Day Case,345.0
Dental Surgery,2024-10-31,2024,Inpatient/Day Case,267.0
General Surgery,2024-10-31,2024,Inpatient/Day Case,127.0
Immunology,2024-10-31,2024,Inpatient/Day Case,70.0
Maxillo-Facial,2024-10-31,2024,Inpatient/Day Case,250.0
Ophthalmology,2024-10-31,2024,Inpatient/Day Case,1063.0
Orthopaedics,2024-10-31,2024,Inpatient/Day Case,134.0
Otolaryngology (ENT),2024-10-31,2024,Inpatient/Day Case,1326.0
Paed Cardiology,2024-10-31,2024,Inpatient/Day Case,184.0
Paed Endocrinology,2024-10-31,2024,Inpatient/Day Case,41.0
Paed Metabolic Medicine,2024-10-31,2024,Inpatient/Day Case,24.0
Paed Orthopaedic,2024-10-31,2024,Inpatient/Day Case,663.0
Paediatric Dermatology,2024-10-31,2024,Inpatient/Day Case,65.0
Paediatric ENT,2024-10-31,2024,Inpatient/Day Case,593.0
Paediatric Respiratory Medicine,2024-10-31,2024,Inpatient/Day Case,990.0
Paediatric Surgery,2024-10-31,2024,Inpatient/Day Case,648.0
Paediatric Urology,2024-10-31,2024,Inpatient/Day Case,439.0
Paediatrics,2024-10-31,2024,Inpatient/Day Case,96.0
Plastic Surgery,2024-10-31,2024,Inpatient/Day Case,550.0
Rheumatology,2024-10-31,2024,Inpatient/Day Case,89.0
Small Volume Specialties,2024-10-31,2024,Inpatient/Day Case,405.0
Urology,2024-10-31,2024,Inpatient/Day Case,338.0
Anaesthetics,2024-11-28,2024,Inpatient/Day Case,160.0
Breast Surgery,2024-11-28,2024,Inpatient/Day Case,159.0
Cardio-Thoracic Surgery,2024-11-28,2024,Inpatient/Day Case,583.0
Cardiology,2024-11-28,2024,Inpatient/Day Case,3644.0
Clinical Immunology,2024-11-28,2024,Inpatient/Day Case,514.0
Dermatology,2024-11-28,2024,Inpatient/Day Case,1223.0
Gastro-Enterology,2024-11-28,2024,Inpatient/Day Case,386.0
Gastro-Intestinal Surgery,2024-11-28,2024,Inpatient/Day Case,767.0
General Medicine,2024-11-28,2024,Inpatient/Day Case,67.0
General Surgery,2024-11-28,2024,Inpatient/Day Case,13363.0
Gynaecology,2024-11-28,2024,Inpatient/Day Case,5326.0
Haematology,2024-11-28,2024,Inpatient/Day Case,50.0
Hepato-Biliary Surgery,2024-11-28,2024,Inpatient/Day Case,24.0
Maxillo-Facial,2024-11-28,2024,Inpatient/Day Case,1461.0
Nephrology,2024-11-28,2024,Inpatient/Day Case,38.0
Neurology,2024-11-28,2024,Inpatient/Day Case,210.0
Neurosurgery,2024-11-28,2024,Inpatient/Day Case,1008.0
Oncology,2024-11-28,2024,Inpatient/Day Case,79.0
Ophthalmology,2024-11-28,2024,Inpatient/Day Case,9144.0
Orthopaedics,2024-11-28,2024,Inpatient/Day Case,10606.0
Otolaryngology (ENT),2024-11-28,2024,Inpatient/Day Case,5716.0
Pain Relief,2024-11-28,2024,Inpatient/Day Case,6611.0
Plastic Surgery,2024-11-28,2024,Inpatient/Day Case,5764.0
Radiology,2024-11-28,2024,Inpatient/Day Case,226.0
Respiratory Medicine,2024-11-28,2024,Inpatient/Day Case,816.0
Rheumatology,2024-11-28,2024,Inpatient/Day Case,142.0
Small Volume Specialties,2024-11-28,2024,Inpatient/Day Case,661.0
Urology,2024-11-28,2024,Inpatient/Day Case,8539.0
Vascular Surgery,2024-11-28,2024,Inpatient/Day Case,2394.0
Cardio-Thoracic Surgery,2024-11-28,2024,Inpatient/Day Case,49.0
Clinical Immunology,2024-11-28,2024,Inpatient/Day Case,331.0
Dental Surgery,2024-11-28,2024,Inpatient/Day Case,253.0
General Surgery,2024-11-28,2024,Inpatient/Day Case,140.0
Immunology,2024-11-28,2024,Inpatient/Day Case,55.0
Maxillo-Facial,2024-11-28,2024,Inpatient/Day Case,257.0
Ophthalmology,2024-11-28,2024,Inpatient/Day Case,1088.0
Orthopaedics,2024-11-28,2024,Inpatient/Day Case,117.0
Otolaryngology (ENT),2024-11-28,2024,Inpatient/Day Case,1166.0
Paed Cardiology,2024-11-28,2024,Inpatient/Day Case,181.0
Paed Endocrinology,2024-11-28,2024,Inpatient/Day Case,40.0
Paed Orthopaedic,2024-11-28,2024,Inpatient/Day Case,667.0
Paediatric Dermatology,2024-11-28,2024,Inpatient/Day Case,57.0
Paediatric ENT,2024-11-28,2024,Inpatient/Day Case,614.0
Paediatric Respiratory Medicine,2024-11-28,2024,Inpatient/Day Case,1003.0
Paediatric Surgery,2024-11-28,2024,Inpatient/Day Case,648.0
Paediatric Urology,2024-11-28,2024,Inpatient/Day Case,445.0
Paediatrics,2024-11-28,2024,Inpatient/Day Case,97.0
Plastic Surgery,2024-11-28,2024,Inpatient/Day Case,513.0
Rheumatology,2024-11-28,2024,Inpatient/Day Case,98.0
Small Volume Specialties,2024-11-28,2024,Inpatient/Day Case,445.0
Urology,2024-11-28,2024,Inpatient/Day Case,352.0
Anaesthetics,2024-12-19,2024,Inpatient/Day Case,150.0
Breast Surgery,2024-12-19,2024,Inpatient/Day Case,166.0
Cardio-Thoracic Surgery,2024-12-19,2024,Inpatient/Day Case,603.0
Cardiology,2024-12-19,2024,Inpatient/Day Case,3872.0
Clinical Immunology,2024-12-19,2024,Inpatient/Day Case,522.0
Dermatology,2024-12-19,2024,Inpatient/Day Case,1344.0
Gastro-Enterology,2024-12-19,2024,Inpatient/Day Case,328.0
Gastro-Intestinal Surgery,2024-12-19,2024,Inpatient/Day Case,801.0
General Medicine,2024-12-19,2024,Inpatient/Day Case,88.0
General Surgery,2024-12-19,2024,Inpatient/Day Case,13900.0
Gynaecology,2024-12-19,2024,Inpatient/Day Case,5780.0
Hepato-Biliary Surgery,2024-12-19,2024,Inpatient/Day Case,24.0
Maxillo-Facial,2024-12-19,2024,Inpatient/Day Case,1519.0
Nephrology,2024-12-19,2024,Inpatient/Day Case,26.0
Neurology,2024-12-19,2024,Inpatient/Day Case,246.0
Neurosurgery,2024-12-19,2024,Inpatient/Day Case,867.0
Oncology,2024-12-19,2024,Inpatient/Day Case,100.0
Ophthalmology,2024-12-19,2024,Inpatient/Day Case,9085.0
Orthopaedics,2024-12-19,2024,Inpatient/Day Case,11154.0
Otolaryngology (ENT),2024-12-19,2024,Inpatient/Day Case,5807.0
Pain Relief,2024-12-19,2024,Inpatient/Day Case,6558.0
Plastic Surgery,2024-12-19,2024,Inpatient/Day Case,5955.0
Radiology,2024-12-19,2024,Inpatient/Day Case,194.0
Respiratory Medicine,2024-12-19,2024,Inpatient/Day Case,834.0
Rheumatology,2024-12-19,2024,Inpatient/Day Case,170.0
Small Volume Specialties,2024-12-19,2024,Inpatient/Day Case,613.0
Urology,2024-12-19,2024,Inpatient/Day Case,8611.0
Vascular Surgery,2024-12-19,2024,Inpatient/Day Case,2445.0
Cardio-Thoracic Surgery,2024-12-19,2024,Inpatient/Day Case,62.0
Clinical Immunology,2024-12-19,2024,Inpatient/Day Case,348.0
Dental Surgery,2024-12-19,2024,Inpatient/Day Case,264.0
General Surgery,2024-12-19,2024,Inpatient/Day Case,179.0
Immunology,2024-12-19,2024,Inpatient/Day Case,58.0
Maxillo-Facial,2024-12-19,2024,Inpatient/Day Case,231.0
Ophthalmology,2024-12-19,2024,Inpatient/Day Case,1135.0
Orthopaedics,2024-12-19,2024,Inpatient/Day Case,115.0
Otolaryngology (ENT),2024-12-19,2024,Inpatient/Day Case,1302.0
Paed Cardiology,2024-12-19,2024,Inpatient/Day Case,181.0
Paed Endocrinology,2024-12-19,2024,Inpatient/Day Case,50.0
Paed Gastro-Enterol,2024-12-19,2024,Inpatient/Day Case,20.0
Paed Metabolic Medicine,2024-12-19,2024,Inpatient/Day Case,20.0
Paed Orthopaedic,2024-12-19,2024,Inpatient/Day Case,675.0
Paediatric Dermatology,2024-12-19,2024,Inpatient/Day Case,49.0
Paediatric ENT,2024-12-19,2024,Inpatient/Day Case,698.0
Paediatric Neurosurgery,2024-12-19,2024,Inpatient/Day Case,26.0
Paediatric Radiology,2024-12-19,2024,Inpatient/Day Case,21.0
Paediatric Respiratory Medicine,2024-12-19,2024,Inpatient/Day Case,1125.0
Paediatric Surgery,2024-12-19,2024,Inpatient/Day Case,744.0
Paediatric Urology,2024-12-19,2024,Inpatient/Day Case,475.0
Paediatrics,2024-12-19,2024,Inpatient/Day Case,126.0
Plastic Surgery,2024-12-19,2024,Inpatient/Day Case,529.0
Rheumatology,2024-12-19,2024,Inpatient/Day Case,102.0
Small Volume Specialties,2024-12-19,2024,Inpatient/Day Case,321.0
Urology,2024-12-19,2024,Inpatient/Day Case,406.0
Anaesthetics,2025-01-30,2025,Inpatient/Day Case,178.0
Breast Surgery,2025-01-30,2025,Inpatient/Day Case,185.0
Cardio-Thoracic Surgery,2025-01-30,2025,Inpatient/Day Case,604.0
Cardiology,2025-01-30,2025,Inpatient/Day Case,4111.0
Clinical Immunology,2025-01-30,2025,Inpatient/Day Case,563.0
Dermatology,2025-01-30,2025,Inpatient/Day Case,1300.0
Gastro-Enterology,2025-01-30,2025,Inpatient/Day Case,471.0
Gastro-Intestinal Surgery,2025-01-30,2025,Inpatient/Day Case,794.0
General Medicine,2025-01-30,2025,Inpatient/Day Case,96.0
General Surgery,2025-01-30,2025,Inpatient/Day Case,14579.0
Gynaecology,2025-01-30,2025,Inpatient/Day Case,5918.0
Haematology,2025-01-30,2025,Inpatient/Day Case,26.0
Hepato-Biliary Surgery,2025-01-30,2025,Inpatient/Day Case,24.0
Maxillo-Facial,2025-01-30,2025,Inpatient/Day Case,1675.0
Nephrology,2025-01-30,2025,Inpatient/Day Case,47.0
Neurology,2025-01-30,2025,Inpatient/Day Case,290.0
Neurosurgery,2025-01-30,2025,Inpatient/Day Case,961.0
Oncology,2025-01-30,2025,Inpatient/Day Case,70.0
Ophthalmology,2025-01-30,2025,Inpatient/Day Case,8964.0
Orthopaedics,2025-01-30,2025,Inpatient/Day Case,11683.0
Otolaryngology (ENT),2025-01-30,2025,Inpatient/Day Case,6256.0
Pain Relief,2025-01-30,2025,Inpatient/Day Case,6816.0
Plastic Surgery,2025-01-30,2025,Inpatient/Day Case,6121.0
Radiology,2025-01-30,2025,Inpatient/Day Case,145.0
Respiratory Medicine,2025-01-30,2025,Inpatient/Day Case,974.0
Rheumatology,2025-01-30,2025,Inpatient/Day Case,117.0
Small Volume Specialties,2025-01-30,2025,Inpatient/Day Case,590.0
Urology,2025-01-30,2025,Inpatient/Day Case,9300.0
Vascular Surgery,2025-01-30,2025,Inpatient/Day Case,2360.0
Cardio-Thoracic Surgery,2025-01-30,2025,Inpatient/Day Case,75.0
Clinical Immunology,2025-01-30,2025,Inpatient/Day Case,338.0
Dental Surgery,2025-01-30,2025,Inpatient/Day Case,249.0
General Surgery,2025-01-30,2025,Inpatient/Day Case,193.0
Immunology,2025-01-30,2025,Inpatient/Day Case,48.0
Maxillo-Facial,2025-01-30,2025,Inpatient/Day Case,242.0
Ophthalmology,2025-01-30,2025,Inpatient/Day Case,1119.0
Orthopaedics,2025-01-30,2025,Inpatient/Day Case,100.0
Otolaryngology (ENT),2025-01-30,2025,Inpatient/Day Case,1326.0
Paed Cardiology,2025-01-30,2025,Inpatient/Day Case,176.0
Paed Endocrinology,2025-01-30,2025,Inpatient/Day Case,42.0
Paed Gastro-Enterol,2025-01-30,2025,Inpatient/Day Case,22.0
Paed Orthopaedic,2025-01-30,2025,Inpatient/Day Case,669.0
Paediatric Dermatology,2025-01-30,2025,Inpatient/Day Case,48.0
Paediatric ENT,2025-01-30,2025,Inpatient/Day Case,718.0
Paediatric Neurosurgery,2025-01-30,2025,Inpatient/Day Case,23.0
Paediatric Radiology,2025-01-30,2025,Inpatient/Day Case,24.0
Paediatric Respiratory Medicine,2025-01-30,2025,Inpatient/Day Case,1169.0
Paediatric Surgery,2025-01-30,2025,Inpatient/Day Case,653.0
Paediatric Urology,2025-01-30,2025,Inpatient/Day Case,499.0
Paediatrics,2025-01-30,2025,Inpatient/Day Case,152.0
Plastic Surgery,2025-01-30,2025,Inpatient/Day Case,494.0
Rheumatology,2025-01-30,2025,Inpatient/Day Case,102.0
Small Volume Specialties,2025-01-30,2025,Inpatient/Day Case,370.0
Urology,2025-01-30,2025,Inpatient/Day Case,386.0
Anaesthetics,2025-02-27,2025,Inpatient/Day Case,240.0
Breast Surgery,2025-02-27,2025,Inpatient/Day Case,173.0
Cardio-Thoracic Surgery,2025-02-27,2025,Inpatient/Day Case,637.0
Cardiology,2025-02-27,2025,Inpatient/Day Case,4229.0
Clinical Immunology,2025-02-27,2025,Inpatient/Day Case,516.0
Dermatology,2025-02-27,2025,Inpatient/Day Case,1262.0
Gastro-Enterology,2025-02-27,2025,Inpatient/Day Case,433.0
Gastro-Intestinal Surgery,2025-02-27,2025,Inpatient/Day Case,813.0
General Medicine,2025-02-27,2025,Inpatient/Day Case,51.0
General Surgery,2025-02-27,2025,Inpatient/Day Case,14477.0
Gynaecology,2025-02-27,2025,Inpatient/Day Case,6089.0
Haematology,2025-02-27,2025,Inpatient/Day Case,30.0
Maxillo-Facial,2025-02-27,2025,Inpatient/Day Case,1841.0
Nephrology,2025-02-27,2025,Inpatient/Day Case,24.0
Neurology,2025-02-27,2025,Inpatient/Day Case,271.0
Neurosurgery,2025-02-27,2025,Inpatient/Day Case,1037.0
Oncology,2025-02-27,2025,Inpatient/Day Case,74.0
Ophthalmology,2025-02-27,2025,Inpatient/Day Case,8949.0
Orthopaedics,2025-02-27,2025,Inpatient/Day Case,12032.0
Otolaryngology (ENT),2025-02-27,2025,Inpatient/Day Case,6293.0
Pain Relief,2025-02-27,2025,Inpatient/Day Case,6891.0
Plastic Surgery,2025-02-27,2025,Inpatient/Day Case,6255.0
Radiology,2025-02-27,2025,Inpatient/Day Case,209.0
Respiratory Medicine,2025-02-27,2025,Inpatient/Day Case,1040.0
Rheumatology,2025-02-27,2025,Inpatient/Day Case,136.0
Small Volume Specialties,2025-02-27,2025,Inpatient/Day Case,654.0
Urology,2025-02-27,2025,Inpatient/Day Case,9665.0
Vascular Surgery,2025-02-27,2025,Inpatient/Day Case,2398.0
Cardio-Thoracic Surgery,2025-02-27,2025,Inpatient/Day Case,62.0
Clinical Immunology,2025-02-27,2025,Inpatient/Day Case,341.0
Dental Surgery,2025-02-27,2025,Inpatient/Day Case,240.0
General Surgery,2025-02-27,2025,Inpatient/Day Case,172.0
Immunology,2025-02-27,2025,Inpatient/Day Case,51.0
Maxillo-Facial,2025-02-27,2025,Inpatient/Day Case,259.0
Ophthalmology,2025-02-27,2025,Inpatient/Day Case,1053.0
Orthopaedics,2025-02-27,2025,Inpatient/Day Case,114.0
Otolaryngology (ENT),2025-02-27,2025,Inpatient/Day Case,1297.0
Paed Cardiology,2025-02-27,2025,Inpatient/Day Case,173.0
Paed Endocrinology,2025-02-27,2025,Inpatient/Day Case,29.0
Paed Orthopaedic,2025-02-27,2025,Inpatient/Day Case,674.0
Paediatric Dermatology,2025-02-27,2025,Inpatient/Day Case,52.0
Paediatric ENT,2025-02-27,2025,Inpatient/Day Case,704.0
Paediatric Neurosurgery,2025-02-27,2025,Inpatient/Day Case,23.0
Paediatric Radiology,2025-02-27,2025,Inpatient/Day Case,27.0
Paediatric Respiratory Medicine,2025-02-27,2025,Inpatient/Day Case,1204.0
Paediatric Surgery,2025-02-27,2025,Inpatient/Day Case,634.0
Paediatric Urology,2025-02-27,2025,Inpatient/Day Case,508.0
Paediatrics,2025-02-27,2025,Inpatient/Day Case,170.0
Plastic Surgery,2025-02-27,2025,Inpatient/Day Case,536.0
Rheumatology,2025-02-27,2025,Inpatient/Day Case,111.0
Small Volume Specialties,2025-02-27,2025,Inpatient/Day Case,410.0
Urology,2025-02-27,2025,Inpatient/Day Case,419.0
Anaesthetics,2025-03-27,2025,Inpatient/Day Case,203.0
Breast Surgery,2025-03-27,2025,Inpatient/Day Case,167.0
Cardio-Thoracic Surgery,2025-03-27,2025,Inpatient/Day Case,652.0
Cardiology,2025-03-27,2025,Inpatient/Day Case,4425.0
Clinical Immunology,2025-03-27,2025,Inpatient/Day Case,521.0
Dermatology,2025-03-27,2025,Inpatient/Day Case,1136.0
Gastro-Enterology,2025-03-27,2025,Inpatient/Day Case,466.0
Gastro-Intestinal Surgery,2025-03-27,2025,Inpatient/Day Case,829.0
General Medicine,2025-03-27,2025,Inpatient/Day Case,70.0
General Surgery,2025-03-27,2025,Inpatient/Day Case,14527.0
Gynaecology,2025-03-27,2025,Inpatient/Day Case,6063.0
Haematology,2025-03-27,2025,Inpatient/Day Case,24.0
Hepato-Biliary Surgery,2025-03-27,2025,Inpatient/Day Case,22.0
Maxillo-Facial,2025-03-27,2025,Inpatient/Day Case,1942.0
Neurology,2025-03-27,2025,Inpatient/Day Case,268.0
Neurosurgery,2025-03-27,2025,Inpatient/Day Case,1101.0
Oncology,2025-03-27,2025,Inpatient/Day Case,83.0
Ophthalmology,2025-03-27,2025,Inpatient/Day Case,9115.0
Orthopaedics,2025-03-27,2025,Inpatient/Day Case,12277.0
Otolaryngology (ENT),2025-03-27,2025,Inpatient/Day Case,6359.0
Pain Relief,2025-03-27,2025,Inpatient/Day Case,6928.0
Plastic Surgery,2025-03-27,2025,Inpatient/Day Case,6108.0
Radiology,2025-03-27,2025,Inpatient/Day Case,232.0
Respiratory Medicine,2025-03-27,2025,Inpatient/Day Case,1014.0
Rheumatology,2025-03-27,2025,Inpatient/Day Case,122.0
Small Volume Specialties,2025-03-27,2025,Inpatient/Day Case,698.0
Urology,2025-03-27,2025,Inpatient/Day Case,9804.0
Vascular Surgery,2025-03-27,2025,Inpatient/Day Case,2349.0
Cardio-Thoracic Surgery,2025-03-27,2025,Inpatient/Day Case,63.0
Clinical Immunology,2025-03-27,2025,Inpatient/Day Case,339.0
Dental Surgery,2025-03-27,2025,Inpatient/Day Case,233.0
General Surgery,2025-03-27,2025,Inpatient/Day Case,166.0
Immunology,2025-03-27,2025,Inpatient/Day Case,45.0
Maxillo-Facial,2025-03-27,2025,Inpatient/Day Case,246.0
Ophthalmology,2025-03-27,2025,Inpatient/Day Case,1121.0
Orthopaedics,2025-03-27,2025,Inpatient/Day Case,95.0
Otolaryngology (ENT),2025-03-27,2025,Inpatient/Day Case,1331.0
Paed Cardiology,2025-03-27,2025,Inpatient/Day Case,192.0
Paed Endocrinology,2025-03-27,2025,Inpatient/Day Case,33.0
Paed Orthopaedic,2025-03-27,2025,Inpatient/Day Case,695.0
Paediatric Dermatology,2025-03-27,2025,Inpatient/Day Case,51.0
Paediatric ENT,2025-03-27,2025,Inpatient/Day Case,685.0
Paediatric Neurosurgery,2025-03-27,2025,Inpatient/Day Case,22.0
Paediatric Radiology,2025-03-27,2025,Inpatient/Day Case,26.0
Paediatric Respiratory Medicine,2025-03-27,2025,Inpatient/Day Case,1466.0
Paediatric Surgery,2025-03-27,2025,Inpatient/Day Case,613.0
Paediatric Urology,2025-03-27,2025,Inpatient/Day Case,477.0
Paediatrics,2025-03-27,2025,Inpatient/Day Case,189.0
Plastic Surgery,2025-03-27,2025,Inpatient/Day Case,493.0
Rheumatology,2025-03-27,2025,Inpatient/Day Case,117.0
Small Volume Specialties,2025-03-27,2025,Inpatient/Day Case,405.0
Urology,2025-03-27,2025,Inpatient/Day Case,435.0
Anaesthetics,2025-04-24,2025,Inpatient/Day Case,230.0
Breast Surgery,2025-04-24,2025,Inpatient/Day Case,195.0
Cardio-Thoracic Surgery,2025-04-24,2025,Inpatient/Day Case,676.0
Cardiology,2025-04-24,2025,Inpatient/Day Case,4281.0
Clinical Immunology,2025-04-24,2025,Inpatient/Day Case,528.0
Dental Surgery,2025-04-24,2025,Inpatient/Day Case,20.0
Dermatology,2025-04-24,2025,Inpatient/Day Case,1119.0
Gastro-Enterology,2025-04-24,2025,Inpatient/Day Case,471.0
Gastro-Intestinal Surgery,2025-04-24,2025,Inpatient/Day Case,857.0
General Medicine,2025-04-24,2025,Inpatient/Day Case,111.0
General Surgery,2025-04-24,2025,Inpatient/Day Case,14642.0
Gynaecology,2025-04-24,2025,Inpatient/Day Case,6056.0
Haematology,2025-04-24,2025,Inpatient/Day Case,29.0
Hepato-Biliary Surgery,2025-04-24,2025,Inpatient/Day Case,28.0
Maxillo-Facial,2025-04-24,2025,Inpatient/Day Case,1915.0
Neurology,2025-04-24,2025,Inpatient/Day Case,314.0
Neurosurgery,2025-04-24,2025,Inpatient/Day Case,1142.0
Oncology,2025-04-24,2025,Inpatient/Day Case,76.0
Ophthalmology,2025-04-24,2025,Inpatient/Day Case,11900.0
Orthopaedics,2025-04-24,2025,Inpatient/Day Case,12152.0
Otolaryngology (ENT),2025-04-24,2025,Inpatient/Day Case,6463.0
Pain Relief,2025-04-24,2025,Inpatient/Day Case,6944.0
Plastic Surgery,2025-04-24,2025,Inpatient/Day Case,6004.0
Radiology,2025-04-24,2025,Inpatient/Day Case,193.0
Respiratory Medicine,2025-04-24,2025,Inpatient/Day Case,1299.0
Rheumatology,2025-04-24,2025,Inpatient/Day Case,123.0
Small Volume Specialties,2025-04-24,2025,Inpatient/Day Case,613.0
Urology,2025-04-24,2025,Inpatient/Day Case,9965.0
Vascular Surgery,2025-04-24,2025,Inpatient/Day Case,2246.0
Cardio-Thoracic Surgery,2025-04-24,2025,Inpatient/Day Case,48.0
Clinical Immunology,2025-04-24,2025,Inpatient/Day Case,332.0
Dental Surgery,2025-04-24,2025,Inpatient/Day Case,216.0
General Surgery,2025-04-24,2025,Inpatient/Day Case,164.0
Immunology,2025-04-24,2025,Inpatient/Day Case,44.0
Maxillo-Facial,2025-04-24,2025,Inpatient/Day Case,224.0
Ophthalmology,2025-04-24,2025,Inpatient/Day Case,1098.0
Orthopaedics,2025-04-24,2025,Inpatient/Day Case,132.0
Otolaryngology (ENT),2025-04-24,2025,Inpatient/Day Case,1381.0
Paed Cardiology,2025-04-24,2025,Inpatient/Day Case,194.0
Paed Endocrinology,2025-04-24,2025,Inpatient/Day Case,30.0
Paed Orthopaedic,2025-04-24,2025,Inpatient/Day Case,703.0
Paediatric Dermatology,2025-04-24,2025,Inpatient/Day Case,46.0
Paediatric ENT,2025-04-24,2025,Inpatient/Day Case,730.0
Paediatric Neurosurgery,2025-04-24,2025,Inpatient/Day Case,21.0
Paediatric Radiology,2025-04-24,2025,Inpatient/Day Case,27.0
Paediatric Respiratory Medicine,2025-04-24,2025,Inpatient/Day Case,1512.0
Paediatric Surgery,2025-04-24,2025,Inpatient/Day Case,677.0
Paediatric Urology,2025-04-24,2025,Inpatient/Day Case,465.0
Paediatrics,2025-04-24,2025,Inpatient/Day Case,188.0
Plastic Surgery,2025-04-24,2025,Inpatient/Day Case,531.0
Rheumatology,2025-04-24,2025,Inpatient/Day Case,106.0
Small Volume Specialties,2025-04-24,2025,Inpatient/Day Case,381.0
Urology,2025-04-24,2025,Inpatient/Day Case,435.0
Anaesthetics,2025-05-29,2025,Inpatient/Day Case,242.0
Breast Surgery,2025-05-29,2025,Inpatient/Day Case,208.0
Cardio-Thoracic Surgery,2025-05-29,2025,Inpatient/Day Case,693.0
Cardiology,2025-05-29,2025,Inpatient/Day Case,4270.0
Clinical Immunology,2025-05-29,2025,Inpatient/Day Case,470.0
Dermatology,2025-05-29,2025,Inpatient/Day Case,1203.0
Gastro-Enterology,2025-05-29,2025,Inpatient/Day Case,416.0
Gastro-Intestinal Surgery,2025-05-29,2025,Inpatient/Day Case,853.0
General Medicine,2025-05-29,2025,Inpatient/Day Case,129.0
General Surgery,2025-05-29,2025,Inpatient/Day Case,14564.0
Gynaecology,2025-05-29,2025,Inpatient/Day Case,6173.0
Haematology,2025-05-29,2025,Inpatient/Day Case,29.0
Hepato-Biliary Surgery,2025-05-29,2025,Inpatient/Day Case,26.0
Maxillo-Facial,2025-05-29,2025,Inpatient/Day Case,1845.0
Neurology,2025-05-29,2025,Inpatient/Day Case,300.0
Neurosurgery,2025-05-29,2025,Inpatient/Day Case,1085.0
Oncology,2025-05-29,2025,Inpatient/Day Case,44.0
Ophthalmology,2025-05-29,2025,Inpatient/Day Case,11508.0
Orthopaedics,2025-05-29,2025,Inpatient/Day Case,12391.0
Otolaryngology (ENT),2025-05-29,2025,Inpatient/Day Case,6451.0
Pain Relief,2025-05-29,2025,Inpatient/Day Case,7104.0
Plastic Surgery,2025-05-29,2025,Inpatient/Day Case,5878.0
Radiology,2025-05-29,2025,Inpatient/Day Case,187.0
Respiratory Medicine,2025-05-29,2025,Inpatient/Day Case,1196.0
Rheumatology,2025-05-29,2025,Inpatient/Day Case,135.0
Small Volume Specialties,2025-05-29,2025,Inpatient/Day Case,625.0
Urology,2025-05-29,2025,Inpatient/Day Case,10150.0
Vascular Surgery,2025-05-29,2025,Inpatient/Day Case,2359.0
Cardio-Thoracic Surgery,2025-05-29,2025,Inpatient/Day Case,56.0
Clinical Immunology,2025-05-29,2025,Inpatient/Day Case,312.0
Dental Surgery,2025-05-29,2025,Inpatient/Day Case,250.0
General Surgery,2025-05-29,2025,Inpatient/Day Case,174.0
Immunology,2025-05-29,2025,Inpatient/Day Case,77.0
Maxillo-Facial,2025-05-29,2025,Inpatient/Day Case,219.0
Ophthalmology,2025-05-29,2025,Inpatient/Day Case,1136.0
Orthopaedics,2025-05-29,2025,Inpatient/Day Case,150.0
Otolaryngology (ENT),2025-05-29,2025,Inpatient/Day Case,1348.0
Paed Cardiology,2025-05-29,2025,Inpatient/Day Case,181.0
Paed Endocrinology,2025-05-29,2025,Inpatient/Day Case,26.0
Paed Orthopaedic,2025-05-29,2025,Inpatient/Day Case,655.0
Paediatric Dermatology,2025-05-29,2025,Inpatient/Day Case,45.0
Paediatric ENT,2025-05-29,2025,Inpatient/Day Case,717.0
Paediatric Neurosurgery,2025-05-29,2025,Inpatient/Day Case,29.0
Paediatric Radiology,2025-05-29,2025,Inpatient/Day Case,35.0
Paediatric Respiratory Medicine,2025-05-29,2025,Inpatient/Day Case,1561.0
Paediatric Surgery,2025-05-29,2025,Inpatient/Day Case,694.0
Paediatric Urology,2025-05-29,2025,Inpatient/Day Case,474.0
Paediatrics,2025-05-29,2025,Inpatient/Day Case,108.0
Plastic Surgery,2025-05-29,2025,Inpatient/Day Case,508.0
Rheumatology,2025-05-29,2025,Inpatient/Day Case,104.0
Small Volume Specialties,2025-05-29,2025,Inpatient/Day Case,360.0
Urology,2025-05-29,2025,Inpatient/Day Case,396.0
Anaesthetics,2025-06-26,2025,Inpatient/Day Case,258.0
Breast Surgery,2025-06-26,2025,Inpatient/Day Case,189.0
Cardio-Thoracic Surgery,2025-06-26,2025,Inpatient/Day Case,679.0
Cardiology,2025-06-26,2025,Inpatient/Day Case,4353.0
Clinical Immunology,2025-06-26,2025,Inpatient/Day Case,467.0
Dermatology,2025-06-26,2025,Inpatient/Day Case,1218.0
Gastro-Enterology,2025-06-26,2025,Inpatient/Day Case,420.0
Gastro-Intestinal Surgery,2025-06-26,2025,Inpatient/Day Case,852.0
General Medicine,2025-06-26,2025,Inpatient/Day Case,100.0
General Surgery,2025-06-26,2025,Inpatient/Day Case,14569.0
Gynaecology,2025-06-26,2025,Inpatient/Day Case,6026.0
Haematology,2025-06-26,2025,Inpatient/Day Case,34.0
Hepato-Biliary Surgery,2025-06-26,2025,Inpatient/Day Case,30.0
Maxillo-Facial,2025-06-26,2025,Inpatient/Day Case,1797.0
Neurology,2025-06-26,2025,Inpatient/Day Case,300.0
Neurosurgery,2025-06-26,2025,Inpatient/Day Case,1110.0
Oncology,2025-06-26,2025,Inpatient/Day Case,43.0
Ophthalmology,2025-06-26,2025,Inpatient/Day Case,11827.0
Orthopaedics,2025-06-26,2025,Inpatient/Day Case,12480.0
Otolaryngology (ENT),2025-06-26,2025,Inpatient/Day Case,6426.0
Pain Relief,2025-06-26,2025,Inpatient/Day Case,7133.0
Plastic Surgery,2025-06-26,2025,Inpatient/Day Case,5953.0
Radiology,2025-06-26,2025,Inpatient/Day Case,231.0
Respiratory Medicine,2025-06-26,2025,Inpatient/Day Case,993.0
Rheumatology,2025-06-26,2025,Inpatient/Day Case,158.0
Small Volume Specialties,2025-06-26,2025,Inpatient/Day Case,592.0
Urology,2025-06-26,2025,Inpatient/Day Case,9965.0
Vascular Surgery,2025-06-26,2025,Inpatient/Day Case,2385.0
Cardio-Thoracic Surgery,2025-06-26,2025,Inpatient/Day Case,47.0
Clinical Immunology,2025-06-26,2025,Inpatient/Day Case,290.0
Dental Surgery,2025-06-26,2025,Inpatient/Day Case,247.0
General Surgery,2025-06-26,2025,Inpatient/Day Case,139.0
Immunology,2025-06-26,2025,Inpatient/Day Case,66.0
Maxillo-Facial,2025-06-26,2025,Inpatient/Day Case,207.0
Ophthalmology,2025-06-26,2025,Inpatient/Day Case,1102.0
Orthopaedics,2025-06-26,2025,Inpatient/Day Case,91.0
Otolaryngology (ENT),2025-06-26,2025,Inpatient/Day Case,1233.0
Paed Cardiology,2025-06-26,2025,Inpatient/Day Case,168.0
Paed Endocrinology,2025-06-26,2025,Inpatient/Day Case,26.0
Paed Orthopaedic,2025-06-26,2025,Inpatient/Day Case,680.0
Paediatric Dermatology,2025-06-26,2025,Inpatient/Day Case,37.0
Paediatric ENT,2025-06-26,2025,Inpatient/Day Case,663.0
Paediatric Neurosurgery,2025-06-26,2025,Inpatient/Day Case,25.0
Paediatric Radiology,2025-06-26,2025,Inpatient/Day Case,52.0
Paediatric Respiratory Medicine,2025-06-26,2025,Inpatient/Day Case,1624.0
Paediatric Surgery,2025-06-26,2025,Inpatient/Day Case,607.0
Paediatric Urology,2025-06-26,2025,Inpatient/Day Case,511.0
Paediatrics,2025-06-26,2025,Inpatient/Day Case,119.0
Plastic Surgery,2025-06-26,2025,Inpatient/Day Case,468.0
Rheumatology,2025-06-26,2025,Inpatient/Day Case,67.0
Small Volume Specialties,2025-06-26,2025,Inpatient/Day Case,438.0
Urology,2025-06-26,2025,Inpatient/Day Case,366.0
Anaesthetics,2025-07-31,2025,Inpatient/Day Case,279.0
Breast Surgery,2025-07-31,2025,Inpatient/Day Case,194.0
Cardio-Thoracic Surgery,2025-07-31,2025,Inpatient/Day Case,695.0
Cardiology,2025-07-31,2025,Inpatient/Day Case,4209.0
Clinical Immunology,2025-07-31,2025,Inpatient/Day Case,801.0
Dermatology,2025-07-31,2025,Inpatient/Day Case,1088.0
Gastro-Enterology,2025-07-31,2025,Inpatient/Day Case,415.0
Gastro-Intestinal Surgery,2025-07-31,2025,Inpatient/Day Case,882.0
General Medicine,2025-07-31,2025,Inpatient/Day Case,119.0
General Surgery,2025-07-31,2025,Inpatient/Day Case,14496.0
Gynaecology,2025-07-31,2025,Inpatient/Day Case,5857.0
Haematology,2025-07-31,2025,Inpatient/Day Case,50.0
Hepato-Biliary Surgery,2025-07-31,2025,Inpatient/Day Case,29.0
Maxillo-Facial,2025-07-31,2025,Inpatient/Day Case,1844.0
Nephrology,2025-07-31,2025,Inpatient/Day Case,30.0
Neurology,2025-07-31,2025,Inpatient/Day Case,283.0
Neurosurgery,2025-07-31,2025,Inpatient/Day Case,1213.0
Oncology,2025-07-31,2025,Inpatient/Day Case,39.0
Ophthalmology,2025-07-31,2025,Inpatient/Day Case,11908.0
Orthopaedics,2025-07-31,2025,Inpatient/Day Case,12679.0
Otolaryngology (ENT),2025-07-31,2025,Inpatient/Day Case,6288.0
Pain Relief,2025-07-31,2025,Inpatient/Day Case,7144.0
Plastic Surgery,2025-07-31,2025,Inpatient/Day Case,6226.0
Radiology,2025-07-31,2025,Inpatient/Day Case,297.0
Respiratory Medicine,2025-07-31,2025,Inpatient/Day Case,1050.0
Rheumatology,2025-07-31,2025,Inpatient/Day Case,76.0
Small Volume Specialties,2025-07-31,2025,Inpatient/Day Case,571.0
Urology,2025-07-31,2025,Inpatient/Day Case,9775.0
Vascular Surgery,2025-07-31,2025,Inpatient/Day Case,2401.0
Cardio-Thoracic Surgery,2025-07-31,2025,Inpatient/Day Case,45.0
Clinical Immunology,2025-07-31,2025,Inpatient/Day Case,309.0
Dental Surgery,2025-07-31,2025,Inpatient/Day Case,249.0
General Surgery,2025-07-31,2025,Inpatient/Day Case,131.0
Immunology,2025-07-31,2025,Inpatient/Day Case,64.0
Maxillo-Facial,2025-07-31,2025,Inpatient/Day Case,228.0
Ophthalmology,2025-07-31,2025,Inpatient/Day Case,1082.0
Orthopaedics,2025-07-31,2025,Inpatient/Day Case,89.0
Otolaryngology (ENT),2025-07-31,2025,Inpatient/Day Case,1263.0
Paed Cardiology,2025-07-31,2025,Inpatient/Day Case,176.0
Paed Endocrinology,2025-07-31,2025,Inpatient/Day Case,23.0
Paed Orthopaedic,2025-07-31,2025,Inpatient/Day Case,662.0
Paediatric Dermatology,2025-07-31,2025,Inpatient/Day Case,41.0
Paediatric ENT,2025-07-31,2025,Inpatient/Day Case,625.0
Paediatric Radiology,2025-07-31,2025,Inpatient/Day Case,47.0
Paediatric Respiratory Medicine,2025-07-31,2025,Inpatient/Day Case,1710.0
Paediatric Surgery,2025-07-31,2025,Inpatient/Day Case,528.0
Paediatric Urology,2025-07-31,2025,Inpatient/Day Case,426.0
Paediatrics,2025-07-31,2025,Inpatient/Day Case,133.0
Plastic Surgery,2025-07-31,2025,Inpatient/Day Case,410.0
Rheumatology,2025-07-31,2025,Inpatient/Day Case,66.0
Small Volume Specialties,2025-07-31,2025,Inpatient/Day Case,429.0
Urology,2025-07-31,2025,Inpatient/Day Case,345.0
Anaesthetics,2025-08-28,2025,Inpatient/Day Case,264.0
Breast Surgery,2025-08-28,2025,Inpatient/Day Case,191.0
Cardio-Thoracic Surgery,2025-08-28,2025,Inpatient/Day Case,681.0
Cardiology,2025-08-28,2025,Inpatient/Day Case,4045.0
Clinical Immunology,2025-08-28,2025,Inpatient/Day Case,836.0
Dermatology,2025-08-28,2025,Inpatient/Day Case,1106.0
Gastro-Enterology,2025-08-28,2025,Inpatient/Day Case,414.0
Gastro-Intestinal Surgery,2025-08-28,2025,Inpatient/Day Case,888.0
General Medicine,2025-08-28,2025,Inpatient/Day Case,104.0
General Surgery,2025-08-28,2025,Inpatient/Day Case,14426.0
Gynaecology,2025-08-28,2025,Inpatient/Day Case,5799.0
Haematology,2025-08-28,2025,Inpatient/Day Case,38.0
Hepato-Biliary Surgery,2025-08-28,2025,Inpatient/Day Case,25.0
Maxillo-Facial,2025-08-28,2025,Inpatient/Day Case,1761.0
Nephrology,2025-08-28,2025,Inpatient/Day Case,39.0
Neurology,2025-08-28,2025,Inpatient/Day Case,273.0
Neurosurgery,2025-08-28,2025,Inpatient/Day Case,1256.0
Oncology,2025-08-28,2025,Inpatient/Day Case,50.0
Ophthalmology,2025-08-28,2025,Inpatient/Day Case,11990.0
Orthopaedics,2025-08-28,2025,Inpatient/Day Case,12416.0
Otolaryngology (ENT),2025-08-28,2025,Inpatient/Day Case,6317.0
Pain Relief,2025-08-28,2025,Inpatient/Day Case,7179.0
Plastic Surgery,2025-08-28,2025,Inpatient/Day Case,6321.0
Radiology,2025-08-28,2025,Inpatient/Day Case,220.0
Respiratory Medicine,2025-08-28,2025,Inpatient/Day Case,937.0
Rheumatology,2025-08-28,2025,Inpatient/Day Case,79.0
Small Volume Specialties,2025-08-28,2025,Inpatient/Day Case,654.0
Urology,2025-08-28,2025,Inpatient/Day Case,9291.0
Vascular Surgery,2025-08-28,2025,Inpatient/Day Case,2425.0
Cardio-Thoracic Surgery,2025-08-28,2025,Inpatient/Day Case,44.0
Clinical Immunology,2025-08-28,2025,Inpatient/Day Case,284.0
Dental Surgery,2025-08-28,2025,Inpatient/Day Case,204.0
General Surgery,2025-08-28,2025,Inpatient/Day Case,154.0
Immunology,2025-08-28,2025,Inpatient/Day Case,68.0
Maxillo-Facial,2025-08-28,2025,Inpatient/Day Case,152.0
Ophthalmology,2025-08-28,2025,Inpatient/Day Case,992.0
Orthopaedics,2025-08-28,2025,Inpatient/Day Case,96.0
Otolaryngology (ENT),2025-08-28,2025,Inpatient/Day Case,1276.0
Paed Cardiology,2025-08-28,2025,Inpatient/Day Case,176.0
Paed Endocrinology,2025-08-28,2025,Inpatient/Day Case,29.0
Paed Orthopaedic,2025-08-28,2025,Inpatient/Day Case,671.0
Paediatric Dermatology,2025-08-28,2025,Inpatient/Day Case,27.0
Paediatric ENT,2025-08-28,2025,Inpatient/Day Case,490.0
Paediatric Radiology,2025-08-28,2025,Inpatient/Day Case,52.0
Paediatric Respiratory Medicine,2025-08-28,2025,Inpatient/Day Case,1588.0
Paediatric Surgery,2025-08-28,2025,Inpatient/Day Case,424.0
Paediatric Urology,2025-08-28,2025,Inpatient/Day Case,405.0
Paediatrics,2025-08-28,2025,Inpatient/Day Case,125.0
Plastic Surgery,2025-08-28,2025,Inpatient/Day Case,381.0
Rheumatology,2025-08-28,2025,Inpatient/Day Case,42.0
Small Volume Specialties,2025-08-28,2025,Inpatient/Day Case,454.0
Urology,2025-08-28,2025,Inpatient/Day Case,309.0
Anaesthetics,2025-09-25,2025,Inpatient/Day Case,235.0
Breast Surgery,2025-09-25,2025,Inpatient/Day Case,175.0
Cardio-Thoracic Surgery,2025-09-25,2025,Inpatient/Day Case,673.0
Cardiology,2025-09-25,2025,Inpatient/Day Case,4120.0
Clinical Immunology,2025-09-25,2025,Inpatient/Day Case,942.0
Dermatology,2025-09-25,2025,Inpatient/Day Case,1146.0
Gastro-Enterology,2025-09-25,2025,Inpatient/Day Case,437.0
Gastro-Intestinal Surgery,2025-09-25,2025,Inpatient/Day Case,917.0
General Medicine,2025-09-25,2025,Inpatient/Day Case,104.0
General Surgery,2025-09-25,2025,Inpatient/Day Case,14683.0
Gynaecology,2025-09-25,2025,Inpatient/Day Case,6341.0
Haematology,2025-09-25,2025,Inpatient/Day Case,32.0
Hepato-Biliary Surgery,2025-09-25,2025,Inpatient/Day Case,24.0
Maxillo-Facial,2025-09-25,2025,Inpatient/Day Case,1776.0
Nephrology,2025-09-25,2025,Inpatient/Day Case,33.0
Neurology,2025-09-25,2025,Inpatient/Day Case,282.0
Neurosurgery,2025-09-25,2025,Inpatient/Day Case,1292.0
Oncology,2025-09-25,2025,Inpatient/Day Case,74.0
Ophthalmology,2025-09-25,2025,Inpatient/Day Case,11993.0
Orthopaedics,2025-09-25,2025,Inpatient/Day Case,12377.0
Otolaryngology (ENT),2025-09-25,2025,Inpatient/Day Case,6360.0
Pain Relief,2025-09-25,2025,Inpatient/Day Case,7299.0
Plastic Surgery,2025-09-25,2025,Inpatient/Day Case,6442.0
Radiology,2025-09-25,2025,Inpatient/Day Case,126.0
Respiratory Medicine,2025-09-25,2025,Inpatient/Day Case,1134.0
Rheumatology,2025-09-25,2025,Inpatient/Day Case,91.0
Small Volume Specialties,2025-09-25,2025,Inpatient/Day Case,667.0
Urology,2025-09-25,2025,Inpatient/Day Case,9634.0
Vascular Surgery,2025-09-25,2025,Inpatient/Day Case,2428.0
Cardio-Thoracic Surgery,2025-09-25,2025,Inpatient/Day Case,48.0
Clinical Immunology,2025-09-25,2025,Inpatient/Day Case,306.0
Dental Surgery,2025-09-25,2025,Inpatient/Day Case,222.0
General Surgery,2025-09-25,2025,Inpatient/Day Case,94.0
Immunology,2025-09-25,2025,Inpatient/Day Case,93.0
Maxillo-Facial,2025-09-25,2025,Inpatient/Day Case,182.0
Ophthalmology,2025-09-25,2025,Inpatient/Day Case,971.0
Orthopaedics,2025-09-25,2025,Inpatient/Day Case,85.0
Otolaryngology (ENT),2025-09-25,2025,Inpatient/Day Case,1137.0
Paed Cardiology,2025-09-25,2025,Inpatient/Day Case,195.0
Paed Orthopaedic,2025-09-25,2025,Inpatient/Day Case,581.0
Paediatric Dermatology,2025-09-25,2025,Inpatient/Day Case,25.0
Paediatric ENT,2025-09-25,2025,Inpatient/Day Case,454.0
Paediatric Radiology,2025-09-25,2025,Inpatient/Day Case,51.0
Paediatric Respiratory Medicine,2025-09-25,2025,Inpatient/Day Case,1596.0
Paediatric Surgery,2025-09-25,2025,Inpatient/Day Case,464.0
Paediatric Urology,2025-09-25,2025,Inpatient/Day Case,409.0
Paediatrics,2025-09-25,2025,Inpatient/Day Case,108.0
Plastic Surgery,2025-09-25,2025,Inpatient/Day Case,395.0
Rheumatology,2025-09-25,2025,Inpatient/Day Case,33.0
Small Volume Specialties,2025-09-25,2025,Inpatient/Day Case,397.0
Urology,2025-09-25,2025,Inpatient/Day Case,364.0
Anaesthetics,2025-10-30,2025,Inpatient/Day Case,218.0
Breast Surgery,2025-10-30,2025,Inpatient/Day Case,194.0
Cardio-Thoracic Surgery,2025-10-30,2025,Inpatient/Day Case,697.0
Cardiology,2025-10-30,2025,Inpatient/Day Case,4300.0
Clinical Immunology,2025-10-30,2025,Inpatient/Day Case,1082.0
Dermatology,2025-10-30,2025,Inpatient/Day Case,1257.0
Gastro-Enterology,2025-10-30,2025,Inpatient/Day Case,520.0
Gastro-Intestinal Surgery,2025-10-30,2025,Inpatient/Day Case,950.0
General Medicine,2025-10-30,2025,Inpatient/Day Case,77.0
General Surgery,2025-10-30,2025,Inpatient/Day Case,15159.0
Gynaecology,2025-10-30,2025,Inpatient/Day Case,6417.0
Haematology,2025-10-30,2025,Inpatient/Day Case,39.0
Hepato-Biliary Surgery,2025-10-30,2025,Inpatient/Day Case,31.0
Maxillo-Facial,2025-10-30,2025,Inpatient/Day Case,1743.0
Nephrology,2025-10-30,2025,Inpatient/Day Case,28.0
Neurology,2025-10-30,2025,Inpatient/Day Case,403.0
Neurosurgery,2025-10-30,2025,Inpatient/Day Case,1234.0
Oncology,2025-10-30,2025,Inpatient/Day Case,62.0
Ophthalmology,2025-10-30,2025,Inpatient/Day Case,12319.0
Orthopaedics,2025-10-30,2025,Inpatient/Day Case,12900.0
Otolaryngology (ENT),2025-10-30,2025,Inpatient/Day Case,6617.0
Pain Relief,2025-10-30,2025,Inpatient/Day Case,7550.0
Plastic Surgery,2025-10-30,2025,Inpatient/Day Case,7077.0
Radiology,2025-10-30,2025,Inpatient/Day Case,185.0
Respiratory Medicine,2025-10-30,2025,Inpatient/Day Case,1348.0
Rheumatology,2025-10-30,2025,Inpatient/Day Case,63.0
Small Volume Specialties,2025-10-30,2025,Inpatient/Day Case,660.0
Urology,2025-10-30,2025,Inpatient/Day Case,9837.0
Vascular Surgery,2025-10-30,2025,Inpatient/Day Case,2401.0
Cardio-Thoracic Surgery,2025-10-30,2025,Inpatient/Day Case,48.0
Clinical Immunology,2025-10-30,2025,Inpatient/Day Case,309.0
Dental Surgery,2025-10-30,2025,Inpatient/Day Case,217.0
General Surgery,2025-10-30,2025,Inpatient/Day Case,106.0
Immunology,2025-10-30,2025,Inpatient/Day Case,83.0
Maxillo-Facial,2025-10-30,2025,Inpatient/Day Case,146.0
Ophthalmology,2025-10-30,2025,Inpatient/Day Case,999.0
Orthopaedics,2025-10-30,2025,Inpatient/Day Case,90.0
Otolaryngology (ENT),2025-10-30,2025,Inpatient/Day Case,1179.0
Paed Cardiology,2025-10-30,2025,Inpatient/Day Case,184.0
Paed Orthopaedic,2025-10-30,2025,Inpatient/Day Case,596.0
Paediatric ENT,2025-10-30,2025,Inpatient/Day Case,461.0
Paediatric Radiology,2025-10-30,2025,Inpatient/Day Case,59.0
Paediatric Respiratory Medicine,2025-10-30,2025,Inpatient/Day Case,1637.0
Paediatric Surgery,2025-10-30,2025,Inpatient/Day Case,419.0
Paediatric Urology,2025-10-30,2025,Inpatient/Day Case,389.0
Paediatrics,2025-10-30,2025,Inpatient/Day Case,104.0
Plastic Surgery,2025-10-30,2025,Inpatient/Day Case,366.0
Rheumatology,2025-10-30,2025,Inpatient/Day Case,42.0
Small Volume Specialties,2025-10-30,2025,Inpatient/Day Case,414.0
Urology,2025-10-30,2025,Inpatient/Day Case,352.0
Anaesthetics,2025-11-27,2025,Inpatient/Day Case,184.0
Breast Surgery,2025-11-27,2025,Inpatient/Day Case,205.0
Cardio-Thoracic Surgery,2025-11-27,2025,Inpatient/Day Case,656.0
Cardiology,2025-11-27,2025,Inpatient/Day Case,4456.0
Clinical Immunology,2025-11-27,2025,Inpatient/Day Case,1163.0
Dermatology,2025-11-27,2025,Inpatient/Day Case,1219.0
Gastro-Enterology,2025-11-27,2025,Inpatient/Day Case,581.0
Gastro-Intestinal Surgery,2025-11-27,2025,Inpatient/Day Case,980.0
General Medicine,2025-11-27,2025,Inpatient/Day Case,75.0
General Surgery,2025-11-27,2025,Inpatient/Day Case,15196.0
Geriatric Medicine,2025-11-27,2025,Inpatient/Day Case,22.0
Gynaecology,2025-11-27,2025,Inpatient/Day Case,6371.0
Haematology,2025-11-27,2025,Inpatient/Day Case,43.0
Hepato-Biliary Surgery,2025-11-27,2025,Inpatient/Day Case,29.0
Maxillo-Facial,2025-11-27,2025,Inpatient/Day Case,1778.0
Nephrology,2025-11-27,2025,Inpatient/Day Case,58.0
Neurology,2025-11-27,2025,Inpatient/Day Case,427.0
Neurosurgery,2025-11-27,2025,Inpatient/Day Case,1203.0
Oncology,2025-11-27,2025,Inpatient/Day Case,55.0
Ophthalmology,2025-11-27,2025,Inpatient/Day Case,12537.0
Orthopaedics,2025-11-27,2025,Inpatient/Day Case,13184.0
Otolaryngology (ENT),2025-11-27,2025,Inpatient/Day Case,6312.0
Pain Relief,2025-11-27,2025,Inpatient/Day Case,7627.0
Plastic Surgery,2025-11-27,2025,Inpatient/Day Case,7496.0
Radiology,2025-11-27,2025,Inpatient/Day Case,109.0
Respiratory Medicine,2025-11-27,2025,Inpatient/Day Case,1306.0
Rheumatology,2025-11-27,2025,Inpatient/Day Case,89.0
Small Volume Specialties,2025-11-27,2025,Inpatient/Day Case,590.0
Urology,2025-11-27,2025,Inpatient/Day Case,10012.0
Vascular Surgery,2025-11-27,2025,Inpatient/Day Case,2682.0
Cardio-Thoracic Surgery,2025-11-27,2025,Inpatient/Day Case,51.0
Clinical Immunology,2025-11-27,2025,Inpatient/Day Case,311.0
Dental Surgery,2025-11-27,2025,Inpatient/Day Case,217.0
General Surgery,2025-11-27,2025,Inpatient/Day Case,107.0
Immunology,2025-11-27,2025,Inpatient/Day Case,89.0
Maxillo-Facial,2025-11-27,2025,Inpatient/Day Case,174.0
Ophthalmology,2025-11-27,2025,Inpatient/Day Case,965.0
Orthopaedics,2025-11-27,2025,Inpatient/Day Case,67.0
Otolaryngology (ENT),2025-11-27,2025,Inpatient/Day Case,1115.0
Paed Cardiology,2025-11-27,2025,Inpatient/Day Case,194.0
Paed Orthopaedic,2025-11-27,2025,Inpatient/Day Case,578.0
Paediatric ENT,2025-11-27,2025,Inpatient/Day Case,481.0
Paediatric Radiology,2025-11-27,2025,Inpatient/Day Case,39.0
Paediatric Respiratory Medicine,2025-11-27,2025,Inpatient/Day Case,1624.0
Paediatric Surgery,2025-11-27,2025,Inpatient/Day Case,473.0
Paediatric Urology,2025-11-27,2025,Inpatient/Day Case,363.0
Paediatrics,2025-11-27,2025,Inpatient/Day Case,118.0
Plastic Surgery,2025-11-27,2025,Inpatient/Day Case,376.0
Rheumatology,2025-11-27,2025,Inpatient/Day Case,32.0
Small Volume Specialties,2025-11-27,2025,Inpatient/Day Case,451.0
Urology,2025-11-27,2025,Inpatient/Day Case,380.0
Anaesthetics,2025-12-18,2025,Inpatient/Day Case,207.0
Breast Surgery,2025-12-18,2025,Inpatient/Day Case,238.0
Cardio-Thoracic Surgery,2025-12-18,2025,Inpatient/Day Case,655.0
Cardiology,2025-12-18,2025,Inpatient/Day Case,4661.0
Clinical Immunology,2025-12-18,2025,Inpatient/Day Case,1278.0
Dermatology,2025-12-18,2025,Inpatient/Day Case,1261.0
Gastro-Enterology,2025-12-18,2025,Inpatient/Day Case,600.0
Gastro-Intestinal Surgery,2025-12-18,2025,Inpatient/Day Case,1002.0
General Medicine,2025-12-18,2025,Inpatient/Day Case,82.0
General Surgery,2025-12-18,2025,Inpatient/Day Case,15516.0
Gynaecology,2025-12-18,2025,Inpatient/Day Case,6354.0
Haematology,2025-12-18,2025,Inpatient/Day Case,56.0
Hepato-Biliary Surgery,2025-12-18,2025,Inpatient/Day Case,30.0
Maxillo-Facial,2025-12-18,2025,Inpatient/Day Case,1770.0
Nephrology,2025-12-18,2025,Inpatient/Day Case,66.0
Neurology,2025-12-18,2025,Inpatient/Day Case,418.0
Neurosurgery,2025-12-18,2025,Inpatient/Day Case,1095.0
Oncology,2025-12-18,2025,Inpatient/Day Case,53.0
Ophthalmology,2025-12-18,2025,Inpatient/Day Case,12731.0
Orthopaedics,2025-12-18,2025,Inpatient/Day Case,13603.0
Otolaryngology (ENT),2025-12-18,2025,Inpatient/Day Case,6285.0
Pain Relief,2025-12-18,2025,Inpatient/Day Case,7815.0
Plastic Surgery,2025-12-18,2025,Inpatient/Day Case,7790.0
Radiology,2025-12-18,2025,Inpatient/Day Case,161.0
Respiratory Medicine,2025-12-18,2025,Inpatient/Day Case,1257.0
Rheumatology,2025-12-18,2025,Inpatient/Day Case,93.0
Small Volume Specialties,2025-12-18,2025,Inpatient/Day Case,547.0
Urology,2025-12-18,2025,Inpatient/Day Case,10448.0
Vascular Surgery,2025-12-18,2025,Inpatient/Day Case,2758.0
Cardio-Thoracic Surgery,2025-12-18,2025,Inpatient/Day Case,43.0
Clinical Immunology,2025-12-18,2025,Inpatient/Day Case,281.0
Dental Surgery,2025-12-18,2025,Inpatient/Day Case,245.0
General Surgery,2025-12-18,2025,Inpatient/Day Case,129.0
Immunology,2025-12-18,2025,Inpatient/Day Case,94.0
Maxillo-Facial,2025-12-18,2025,Inpatient/Day Case,184.0
Ophthalmology,2025-12-18,2025,Inpatient/Day Case,957.0
Orthopaedics,2025-12-18,2025,Inpatient/Day Case,69.0
Otolaryngology (ENT),2025-12-18,2025,Inpatient/Day Case,1158.0
Paed Cardiology,2025-12-18,2025,Inpatient/Day Case,203.0
Paed Endocrinology,2025-12-18,2025,Inpatient/Day Case,21.0
Paed Orthopaedic,2025-12-18,2025,Inpatient/Day Case,496.0
Paediatric ENT,2025-12-18,2025,Inpatient/Day Case,487.0
Paediatric Radiology,2025-12-18,2025,Inpatient/Day Case,23.0
Paediatric Respiratory Medicine,2025-12-18,2025,Inpatient/Day Case,1682.0
Paediatric Surgery,2025-12-18,2025,Inpatient/Day Case,516.0
Paediatric Urology,2025-12-18,2025,Inpatient/Day Case,388.0
Paediatrics,2025-12-18,2025,Inpatient/Day Case,98.0
Plastic Surgery,2025-12-18,2025,Inpatient/Day Case,390.0
Small Volume Specialties,2025-12-18,2025,Inpatient/Day Case,462.0
Urology,2025-12-18,2025,Inpatient/Day Case,425.0
Anaesthetics,2026-01-29,2026,Inpatient/Day Case,241.0
Breast Surgery,2026-01-29,2026,Inpatient/Day Case,267.0
Cardio-Thoracic Surgery,2026-01-29,2026,Inpatient/Day Case,693.0
Cardiology,2026-01-29,2026,Inpatient/Day Case,5004.0
Clinical Immunology,2026-01-29,2026,Inpatient/Day Case,1370.0
Dermatology,2026-01-29,2026,Inpatient/Day Case,1191.0
Gastro-Enterology,2026-01-29,2026,Inpatient/Day Case,559.0
Gastro-Intestinal Surgery,2026-01-29,2026,Inpatient/Day Case,1027.0
General Medicine,2026-01-29,2026,Inpatient/Day Case,123.0
General Surgery,2026-01-29,2026,Inpatient/Day Case,16642.0
Geriatric Medicine,2026-01-29,2026,Inpatient/Day Case,22.0
Gynaecology,2026-01-29,2026,Inpatient/Day Case,6539.0
Haematology,2026-01-29,2026,Inpatient/Day Case,43.0
Hepato-Biliary Surgery,2026-01-29,2026,Inpatient/Day Case,42.0
Maxillo-Facial,2026-01-29,2026,Inpatient/Day Case,2005.0
Nephrology,2026-01-29,2026,Inpatient/Day Case,93.0
Neurology,2026-01-29,2026,Inpatient/Day Case,386.0
Neurosurgery,2026-01-29,2026,Inpatient/Day Case,1205.0
Oncology,2026-01-29,2026,Inpatient/Day Case,60.0
Ophthalmology,2026-01-29,2026,Inpatient/Day Case,12880.0
Orthopaedics,2026-01-29,2026,Inpatient/Day Case,14666.0
Otolaryngology (ENT),2026-01-29,2026,Inpatient/Day Case,6517.0
Pain Relief,2026-01-29,2026,Inpatient/Day Case,7876.0
Plastic Surgery,2026-01-29,2026,Inpatient/Day Case,7889.0
Radiology,2026-01-29,2026,Inpatient/Day Case,175.0
Respiratory Medicine,2026-01-29,2026,Inpatient/Day Case,1323.0
Rheumatology,2026-01-29,2026,Inpatient/Day Case,79.0
Small Volume Specialties,2026-01-29,2026,Inpatient/Day Case,587.0
Urology,2026-01-29,2026,Inpatient/Day Case,11110.0
Vascular Surgery,2026-01-29,2026,Inpatient/Day Case,2815.0
Cardio-Thoracic Surgery,2026-01-29,2026,Inpatient/Day Case,39.0
Clinical Immunology,2026-01-29,2026,Inpatient/Day Case,261.0
Dental Surgery,2026-01-29,2026,Inpatient/Day Case,276.0
General Surgery,2026-01-29,2026,Inpatient/Day Case,144.0
Immunology,2026-01-29,2026,Inpatient/Day Case,96.0
Maxillo-Facial,2026-01-29,2026,Inpatient/Day Case,198.0
Ophthalmology,2026-01-29,2026,Inpatient/Day Case,963.0
Orthopaedics,2026-01-29,2026,Inpatient/Day Case,56.0
Otolaryngology (ENT),2026-01-29,2026,Inpatient/Day Case,1136.0
Paed Cardiology,2026-01-29,2026,Inpatient/Day Case,201.0
Paed Endocrinology,2026-01-29,2026,Inpatient/Day Case,30.0
Paed Metabolic Medicine,2026-01-29,2026,Inpatient/Day Case,21.0
Paed Orthopaedic,2026-01-29,2026,Inpatient/Day Case,495.0
Paediatric ENT,2026-01-29,2026,Inpatient/Day Case,489.0
Paediatric Radiology,2026-01-29,2026,Inpatient/Day Case,24.0
Paediatric Respiratory Medicine,2026-01-29,2026,Inpatient/Day Case,1748.0
Paediatric Surgery,2026-01-29,2026,Inpatient/Day Case,558.0
Paediatric Urology,2026-01-29,2026,Inpatient/Day Case,383.0
Paediatrics,2026-01-29,2026,Inpatient/Day Case,115.0
Plastic Surgery,2026-01-29,2026,Inpatient/Day Case,442.0
Small Volume Specialties,2026-01-29,2026,Inpatient/Day Case,479.0
Urology,2026-01-29,2026,Inpatient/Day Case,443.0
Anaesthetics,2026-02-26,2026,Inpatient/Day Case,254.0
Breast Surgery,2026-02-26,2026,Inpatient/Day Case,241.0
Cardio-Thoracic Surgery,2026-02-26,2026,Inpatient/Day Case,721.0
Cardiology,2026-02-26,2026,Inpatient/Day Case,5276.0
Clinical Immunology,2026-02-26,2026,Inpatient/Day Case,1403.0
Dermatology,2026-02-26,2026,Inpatient/Day Case,1228.0
Gastro-Enterology,2026-02-26,2026,Inpatient/Day Case,656.0
Gastro-Intestinal Surgery,2026-02-26,2026,Inpatient/Day Case,1055.0
General Medicine,2026-02-26,2026,Inpatient/Day Case,129.0
General Surgery,2026-02-26,2026,Inpatient/Day Case,17619.0
Geriatric Medicine,2026-02-26,2026,Inpatient/Day Case,26.0
Gynaecology,2026-02-26,2026,Inpatient/Day Case,6410.0
Haematology,2026-02-26,2026,Inpatient/Day Case,44.0
Hepato-Biliary Surgery,2026-02-26,2026,Inpatient/Day Case,46.0
Maxillo-Facial,2026-02-26,2026,Inpatient/Day Case,2019.0
Nephrology,2026-02-26,2026,Inpatient/Day Case,103.0
Neurology,2026-02-26,2026,Inpatient/Day Case,365.0
Neurosurgery,2026-02-26,2026,Inpatient/Day Case,1196.0
Oncology,2026-02-26,2026,Inpatient/Day Case,79.0
Ophthalmology,2026-02-26,2026,Inpatient/Day Case,13042.0
Orthopaedics,2026-02-26,2026,Inpatient/Day Case,14626.0
Otolaryngology (ENT),2026-02-26,2026,Inpatient/Day Case,6538.0
Pain Relief,2026-02-26,2026,Inpatient/Day Case,7891.0
Plastic Surgery,2026-02-26,2026,Inpatient/Day Case,8207.0
Radiology,2026-02-26,2026,Inpatient/Day Case,117.0
Respiratory Medicine,2026-02-26,2026,Inpatient/Day Case,1369.0
Rheumatology,2026-02-26,2026,Inpatient/Day Case,60.0
Small Volume Specialties,2026-02-26,2026,Inpatient/Day Case,656.0
Urology,2026-02-26,2026,Inpatient/Day Case,11287.0
Vascular Surgery,2026-02-26,2026,Inpatient/Day Case,2828.0
Cardio-Thoracic Surgery,2026-02-26,2026,Inpatient/Day Case,45.0
Clinical Immunology,2026-02-26,2026,Inpatient/Day Case,263.0
Dental Surgery,2026-02-26,2026,Inpatient/Day Case,263.0
General Surgery,2026-02-26,2026,Inpatient/Day Case,145.0
Immunology,2026-02-26,2026,Inpatient/Day Case,95.0
Maxillo-Facial,2026-02-26,2026,Inpatient/Day Case,175.0
Ophthalmology,2026-02-26,2026,Inpatient/Day Case,967.0
Orthopaedics,2026-02-26,2026,Inpatient/Day Case,67.0
Otolaryngology (ENT),2026-02-26,2026,Inpatient/Day Case,1142.0
Paed Cardiology,2026-02-26,2026,Inpatient/Day Case,197.0
Paed Endocrinology,2026-02-26,2026,Inpatient/Day Case,27.0
Paed Orthopaedic,2026-02-26,2026,Inpatient/Day Case,507.0
Paediatric ENT,2026-02-26,2026,Inpatient/Day Case,597.0
Paediatric Radiology,2026-02-26,2026,Inpatient/Day Case,27.0
Paediatric Respiratory Medicine,2026-02-26,2026,Inpatient/Day Case,1777.0
Paediatric Surgery,2026-02-26,2026,Inpatient/Day Case,535.0
Paediatric Urology,2026-02-26,2026,Inpatient/Day Case,355.0
Paediatrics,2026-02-26,2026,Inpatient/Day Case,119.0
Plastic Surgery,2026-02-26,2026,Inpatient/Day Case,467.0
Small Volume Specialties,2026-02-26,2026,Inpatient/Day Case,494.0
Urology,2026-02-26,2026,Inpatient/Day Case,464.0
Anaesthetics,2022-01-27,2022,Outpatient,310.0
Breast Surgery,2022-01-27,2022,Outpatient,3534.0
Cardio-Thoracic Surgery,2022-01-27,2022,Outpatient,380.0
Cardiology,2022-01-27,2022,Outpatient,34047.0
Chemical Pathology,2022-01-27,2022,Outpatient,118.0
Clinical (Medical) Genetics,2022-01-27,2022,Outpatient,2195.0
Clinical Immunology,2022-01-27,2022,Outpatient,1296.0
Clinical Neurophysiology,2022-01-27,2022,Outpatient,2134.0
Dermatology,2022-01-27,2022,Outpatient,39317.0
Diabetes Mellitus,2022-01-27,2022,Outpatient,1923.0
Endocrinology,2022-01-27,2022,Outpatient,17225.0
Gastro-Enterology,2022-01-27,2022,Outpatient,16010.0
Gastro-Intestinal Surgery,2022-01-27,2022,Outpatient,704.0
General Medicine,2022-01-27,2022,Outpatient,19654.0
General Surgery,2022-01-27,2022,Outpatient,44000.0
Geriatric Medicine,2022-01-27,2022,Outpatient,3743.0
Gynaecology,2022-01-27,2022,Outpatient,30225.0
Haematology,2022-01-27,2022,Outpatient,8094.0
Hepato-Biliary Surgery,2022-01-27,2022,Outpatient,144.0
Infectious Diseases,2022-01-27,2022,Outpatient,532.0
Maxillo-Facial,2022-01-27,2022,Outpatient,5339.0
Metabolic Medicine,2022-01-27,2022,Outpatient,185.0
Microbiology,2022-01-27,2022,Outpatient,69.0
Nephrology,2022-01-27,2022,Outpatient,3265.0
Neurology,2022-01-27,2022,Outpatient,23674.0
Neurosurgery,2022-01-27,2022,Outpatient,6777.0
Oncology,2022-01-27,2022,Outpatient,562.0
Ophthalmology,2022-01-27,2022,Outpatient,38995.0
Oral Surgery,2022-01-27,2022,Outpatient,2817.0
Orthopaedics,2022-01-27,2022,Outpatient,69072.0
Otolaryngology (ENT),2022-01-27,2022,Outpatient,50481.0
Paed Cardiology,2022-01-27,2022,Outpatient,37.0
Paediatric ENT,2022-01-27,2022,Outpatient,20.0
Paediatric Neurology,2022-01-27,2022,Outpatient,33.0
Paediatrics,2022-01-27,2022,Outpatient,159.0
Pain Relief,2022-01-27,2022,Outpatient,14078.0
Pathology,2022-01-27,2022,Outpatient,168.0
Plastic Surgery,2022-01-27,2022,Outpatient,17472.0
Psychiatry,2022-01-27,2022,Outpatient,502.0
Radiology,2022-01-27,2022,Outpatient,20.0
Radiotherapy,2022-01-27,2022,Outpatient,60.0
Respiratory Medicine,2022-01-27,2022,Outpatient,18936.0
Rheumatology,2022-01-27,2022,Outpatient,17304.0
Small Volume Specialities,2022-01-27,2022,Outpatient,126.0
Urology,2022-01-27,2022,Outpatient,29446.0
Vascular Surgery,2022-01-27,2022,Outpatient,15413.0
Cardio-Thoracic Surgery,2022-01-27,2022,Outpatient,78.0
Cardiology,2022-01-27,2022,Outpatient,74.0
Child/Adolescent Psychiatry,2022-01-27,2022,Outpatient,23.0
Clinical (Medical) Genetics,2022-01-27,2022,Outpatient,1931.0
Clinical Immunology,2022-01-27,2022,Outpatient,1226.0
Dental Surgery,2022-01-27,2022,Outpatient,550.0
Dermatology,2022-01-27,2022,Outpatient,3569.0
Developmental Paediatrics,2022-01-27,2022,Outpatient,656.0
Endocrinology,2022-01-27,2022,Outpatient,22.0
Gastro-Enterology,2022-01-27,2022,Outpatient,25.0
General Medicine,2022-01-27,2022,Outpatient,41.0
General Surgery,2022-01-27,2022,Outpatient,1788.0
Gynaecology,2022-01-27,2022,Outpatient,625.0
Haematology,2022-01-27,2022,Outpatient,68.0
Immunology,2022-01-27,2022,Outpatient,503.0
Maxillo-Facial,2022-01-27,2022,Outpatient,376.0
Neurology,2022-01-27,2022,Outpatient,51.0
Ophthalmology,2022-01-27,2022,Outpatient,5786.0
Oral Surgery,2022-01-27,2022,Outpatient,215.0
Orthopaedics,2022-01-27,2022,Outpatient,2922.0
Otolaryngology (ENT),2022-01-27,2022,Outpatient,10937.0
Paed Cardiology,2022-01-27,2022,Outpatient,3617.0
Paed Endocrinology,2022-01-27,2022,Outpatient,832.0
Paed Gastro-Enterol,2022-01-27,2022,Outpatient,752.0
Paed Haematology,2022-01-27,2022,Outpatient,301.0
Paed Metabolic Medicine,2022-01-27,2022,Outpatient,96.0
Paed Nephrology,2022-01-27,2022,Outpatient,541.0
Paed Orthopaedic,2022-01-27,2022,Outpatient,4128.0
Paediatric Dermatology,2022-01-27,2022,Outpatient,5671.0
Paediatric ENT,2022-01-27,2022,Outpatient,5835.0
Paediatric Infectious Diseases,2022-01-27,2022,Outpatient,155.0
Paediatric Neurology,2022-01-27,2022,Outpatient,1228.0
Paediatric Neurosurgery,2022-01-27,2022,Outpatient,55.0
Paediatric Respiratory Medicine,2022-01-27,2022,Outpatient,1870.0
Paediatric Surgery,2022-01-27,2022,Outpatient,4982.0
Paediatric Urology,2022-01-27,2022,Outpatient,1235.0
Paediatrics,2022-01-27,2022,Outpatient,15613.0
Pain Relief,2022-01-27,2022,Outpatient,36.0
Plastic Surgery,2022-01-27,2022,Outpatient,2146.0
Rheumatology,2022-01-27,2022,Outpatient,1395.0
Small Volume Specialities,2022-01-27,2022,Outpatient,118.0
Urology,2022-01-27,2022,Outpatient,2846.0
Anaesthetics,2022-02-24,2022,Outpatient,320.0
Breast Surgery,2022-02-24,2022,Outpatient,3322.0
Cardio-Thoracic Surgery,2022-02-24,2022,Outpatient,341.0
Cardiology,2022-02-24,2022,Outpatient,33959.0
Chemical Pathology,2022-02-24,2022,Outpatient,113.0
Clinical (Medical) Genetics,2022-02-24,2022,Outpatient,2262.0
Clinical Immunology,2022-02-24,2022,Outpatient,1329.0
Clinical Neurophysiology,2022-02-24,2022,Outpatient,2120.0
Dermatology,2022-02-24,2022,Outpatient,39324.0
Diabetes Mellitus,2022-02-24,2022,Outpatient,1939.0
Endocrinology,2022-02-24,2022,Outpatient,17175.0
Gastro-Enterology,2022-02-24,2022,Outpatient,16256.0
Gastro-Intestinal Surgery,2022-02-24,2022,Outpatient,692.0
General Medicine,2022-02-24,2022,Outpatient,19972.0
General Surgery,2022-02-24,2022,Outpatient,44401.0
Geriatric Medicine,2022-02-24,2022,Outpatient,3771.0
Gynaecology,2022-02-24,2022,Outpatient,30390.0
Haematology,2022-02-24,2022,Outpatient,8187.0
Hepato-Biliary Surgery,2022-02-24,2022,Outpatient,175.0
Infectious Diseases,2022-02-24,2022,Outpatient,571.0
Maxillo-Facial,2022-02-24,2022,Outpatient,5228.0
Metabolic Medicine,2022-02-24,2022,Outpatient,188.0
Microbiology,2022-02-24,2022,Outpatient,48.0
Nephrology,2022-02-24,2022,Outpatient,3346.0
Neurology,2022-02-24,2022,Outpatient,23815.0
Neurosurgery,2022-02-24,2022,Outpatient,6936.0
Oncology,2022-02-24,2022,Outpatient,568.0
Ophthalmology,2022-02-24,2022,Outpatient,38652.0
Oral Surgery,2022-02-24,2022,Outpatient,2798.0
Orthopaedics,2022-02-24,2022,Outpatient,68992.0
Otolaryngology (ENT),2022-02-24,2022,Outpatient,50579.0
Paed Cardiology,2022-02-24,2022,Outpatient,42.0
Paediatric Neurology,2022-02-24,2022,Outpatient,24.0
Paediatrics,2022-02-24,2022,Outpatient,163.0
Pain Relief,2022-02-24,2022,Outpatient,14138.0
Palliative Medicine,2022-02-24,2022,Outpatient,20.0
Pathology,2022-02-24,2022,Outpatient,171.0
Plastic Surgery,2022-02-24,2022,Outpatient,17557.0
Psychiatry,2022-02-24,2022,Outpatient,525.0
Radiology,2022-02-24,2022,Outpatient,26.0
Radiotherapy,2022-02-24,2022,Outpatient,54.0
Respiratory Medicine,2022-02-24,2022,Outpatient,19145.0
Rheumatology,2022-02-24,2022,Outpatient,17084.0
Small Volume Specialities,2022-02-24,2022,Outpatient,110.0
Urology,2022-02-24,2022,Outpatient,29186.0
Vascular Surgery,2022-02-24,2022,Outpatient,14687.0
Cardio-Thoracic Surgery,2022-02-24,2022,Outpatient,80.0
Cardiology,2022-02-24,2022,Outpatient,81.0
Child/Adolescent Psychiatry,2022-02-24,2022,Outpatient,22.0
Clinical (Medical) Genetics,2022-02-24,2022,Outpatient,1883.0
Clinical Immunology,2022-02-24,2022,Outpatient,1148.0
Dental Surgery,2022-02-24,2022,Outpatient,541.0
Dermatology,2022-02-24,2022,Outpatient,3561.0
Developmental Paediatrics,2022-02-24,2022,Outpatient,637.0
Gastro-Enterology,2022-02-24,2022,Outpatient,24.0
General Medicine,2022-02-24,2022,Outpatient,42.0
General Surgery,2022-02-24,2022,Outpatient,1818.0
Gynaecology,2022-02-24,2022,Outpatient,613.0
Haematology,2022-02-24,2022,Outpatient,71.0
Immunology,2022-02-24,2022,Outpatient,498.0
Maxillo-Facial,2022-02-24,2022,Outpatient,365.0
Neurology,2022-02-24,2022,Outpatient,41.0
Ophthalmology,2022-02-24,2022,Outpatient,5737.0
Oral Surgery,2022-02-24,2022,Outpatient,227.0
Orthopaedics,2022-02-24,2022,Outpatient,2933.0
Otolaryngology (ENT),2022-02-24,2022,Outpatient,11346.0
Paed Cardiology,2022-02-24,2022,Outpatient,3807.0
Paed Endocrinology,2022-02-24,2022,Outpatient,834.0
Paed Gastro-Enterol,2022-02-24,2022,Outpatient,700.0
Paed Haematology,2022-02-24,2022,Outpatient,294.0
Paed Metabolic Medicine,2022-02-24,2022,Outpatient,47.0
Paed Nephrology,2022-02-24,2022,Outpatient,527.0
Paed Orthopaedic,2022-02-24,2022,Outpatient,4187.0
Paediatric Dermatology,2022-02-24,2022,Outpatient,5806.0
Paediatric ENT,2022-02-24,2022,Outpatient,5407.0
Paediatric Infectious Diseases,2022-02-24,2022,Outpatient,144.0
Paediatric Neurology,2022-02-24,2022,Outpatient,1243.0
Paediatric Neurosurgery,2022-02-24,2022,Outpatient,53.0
Paediatric Respiratory Medicine,2022-02-24,2022,Outpatient,1924.0
Paediatric Surgery,2022-02-24,2022,Outpatient,5166.0
Paediatric Urology,2022-02-24,2022,Outpatient,1246.0
Paediatrics,2022-02-24,2022,Outpatient,16408.0
Pain Relief,2022-02-24,2022,Outpatient,23.0
Plastic Surgery,2022-02-24,2022,Outpatient,2131.0
Rheumatology,2022-02-24,2022,Outpatient,1364.0
Small Volume Specialities,2022-02-24,2022,Outpatient,122.0
Urology,2022-02-24,2022,Outpatient,2834.0
Vascular Surgery,2022-02-24,2022,Outpatient,21.0
Anaesthetics,2022-03-31,2022,Outpatient,318.0
Audiological Medicine,2022-03-31,2022,Outpatient,33.0
Breast Surgery,2022-03-31,2022,Outpatient,2881.0
Cardio-Thoracic Surgery,2022-03-31,2022,Outpatient,310.0
Cardiology,2022-03-31,2022,Outpatient,33816.0
Chemical Pathology,2022-03-31,2022,Outpatient,112.0
Clinical (Medical) Genetics,2022-03-31,2022,Outpatient,2401.0
Clinical Immunology,2022-03-31,2022,Outpatient,1451.0
Clinical Neurophysiology,2022-03-31,2022,Outpatient,2150.0
Dermatology,2022-03-31,2022,Outpatient,39282.0
Diabetes Mellitus,2022-03-31,2022,Outpatient,1923.0
Endocrinology,2022-03-31,2022,Outpatient,17691.0
Gastro-Enterology,2022-03-31,2022,Outpatient,16396.0
Gastro-Intestinal Surgery,2022-03-31,2022,Outpatient,740.0
General Medicine,2022-03-31,2022,Outpatient,20214.0
General Surgery,2022-03-31,2022,Outpatient,43754.0
Geriatric Medicine,2022-03-31,2022,Outpatient,3727.0
Gynaecology,2022-03-31,2022,Outpatient,30253.0
Haematology,2022-03-31,2022,Outpatient,8275.0
Hepato-Biliary Surgery,2022-03-31,2022,Outpatient,132.0
Infectious Diseases,2022-03-31,2022,Outpatient,637.0
Maxillo-Facial,2022-03-31,2022,Outpatient,5122.0
Metabolic Medicine,2022-03-31,2022,Outpatient,206.0
Microbiology,2022-03-31,2022,Outpatient,56.0
Nephrology,2022-03-31,2022,Outpatient,3417.0
Neurology,2022-03-31,2022,Outpatient,23739.0
Neurosurgery,2022-03-31,2022,Outpatient,7221.0
Oncology,2022-03-31,2022,Outpatient,546.0
Ophthalmology,2022-03-31,2022,Outpatient,38511.0
Oral Surgery,2022-03-31,2022,Outpatient,2659.0
Orthopaedics,2022-03-31,2022,Outpatient,68787.0
Otolaryngology (ENT),2022-03-31,2022,Outpatient,49814.0
Paed Cardiology,2022-03-31,2022,Outpatient,43.0
Paediatric Neurology,2022-03-31,2022,Outpatient,30.0
Paediatrics,2022-03-31,2022,Outpatient,153.0
Pain Relief,2022-03-31,2022,Outpatient,14056.0
Palliative Medicine,2022-03-31,2022,Outpatient,23.0
Pathology,2022-03-31,2022,Outpatient,164.0
Plastic Surgery,2022-03-31,2022,Outpatient,17790.0
Psychiatry,2022-03-31,2022,Outpatient,532.0
Radiology,2022-03-31,2022,Outpatient,22.0
Radiotherapy,2022-03-31,2022,Outpatient,59.0
Respiratory Medicine,2022-03-31,2022,Outpatient,18632.0
Rheumatology,2022-03-31,2022,Outpatient,16635.0
Small Volume Specialities,2022-03-31,2022,Outpatient,97.0
Urology,2022-03-31,2022,Outpatient,29199.0
Vascular Surgery,2022-03-31,2022,Outpatient,14598.0
Breast Surgery,2022-03-31,2022,Outpatient,21.0
Cardio-Thoracic Surgery,2022-03-31,2022,Outpatient,68.0
Cardiology,2022-03-31,2022,Outpatient,88.0
Child/Adolescent Psychiatry,2022-03-31,2022,Outpatient,90.0
Clinical (Medical) Genetics,2022-03-31,2022,Outpatient,1856.0
Clinical Immunology,2022-03-31,2022,Outpatient,1102.0
Dental Surgery,2022-03-31,2022,Outpatient,533.0
Dermatology,2022-03-31,2022,Outpatient,3494.0
Developmental Paediatrics,2022-03-31,2022,Outpatient,627.0
Gastro-Enterology,2022-03-31,2022,Outpatient,25.0
General Medicine,2022-03-31,2022,Outpatient,38.0
General Surgery,2022-03-31,2022,Outpatient,1782.0
Gynaecology,2022-03-31,2022,Outpatient,625.0
Haematology,2022-03-31,2022,Outpatient,77.0
Immunology,2022-03-31,2022,Outpatient,485.0
Maxillo-Facial,2022-03-31,2022,Outpatient,363.0
Neurology,2022-03-31,2022,Outpatient,43.0
Ophthalmology,2022-03-31,2022,Outpatient,5572.0
Oral Surgery,2022-03-31,2022,Outpatient,220.0
Orthopaedics,2022-03-31,2022,Outpatient,2972.0
Otolaryngology (ENT),2022-03-31,2022,Outpatient,10819.0
Paed Cardiology,2022-03-31,2022,Outpatient,3912.0
Paed Endocrinology,2022-03-31,2022,Outpatient,845.0
Paed Gastro-Enterol,2022-03-31,2022,Outpatient,707.0
Paed Haematology,2022-03-31,2022,Outpatient,289.0
Paed Metabolic Medicine,2022-03-31,2022,Outpatient,55.0
Paed Nephrology,2022-03-31,2022,Outpatient,522.0
Paed Orthopaedic,2022-03-31,2022,Outpatient,4281.0
Paediatric Dermatology,2022-03-31,2022,Outpatient,5898.0
Paediatric ENT,2022-03-31,2022,Outpatient,5532.0
Paediatric Infectious Diseases,2022-03-31,2022,Outpatient,154.0
Paediatric Neurology,2022-03-31,2022,Outpatient,1246.0
Paediatric Neurosurgery,2022-03-31,2022,Outpatient,69.0
Paediatric Respiratory Medicine,2022-03-31,2022,Outpatient,1986.0
Paediatric Surgery,2022-03-31,2022,Outpatient,5183.0
Paediatric Urology,2022-03-31,2022,Outpatient,1285.0
Paediatrics,2022-03-31,2022,Outpatient,17088.0
Pain Relief,2022-03-31,2022,Outpatient,37.0
Plastic Surgery,2022-03-31,2022,Outpatient,2129.0
Rheumatology,2022-03-31,2022,Outpatient,1355.0
Small Volume Specialities,2022-03-31,2022,Outpatient,90.0
Urology,2022-03-31,2022,Outpatient,2859.0
Vascular Surgery,2022-03-31,2022,Outpatient,25.0
Anaesthetics,2022-04-28,2022,Outpatient,317.0
Audiological Medicine,2022-04-28,2022,Outpatient,52.0
Breast Surgery,2022-04-28,2022,Outpatient,2667.0
Cardio-Thoracic Surgery,2022-04-28,2022,Outpatient,334.0
Cardiology,2022-04-28,2022,Outpatient,33064.0
Chemical Pathology,2022-04-28,2022,Outpatient,114.0
Clinical (Medical) Genetics,2022-04-28,2022,Outpatient,2524.0
Clinical Immunology,2022-04-28,2022,Outpatient,1454.0
Clinical Neurophysiology,2022-04-28,2022,Outpatient,2155.0
Dermatology,2022-04-28,2022,Outpatient,39629.0
Diabetes Mellitus,2022-04-28,2022,Outpatient,1929.0
Endocrinology,2022-04-28,2022,Outpatient,17909.0
Gastro-Enterology,2022-04-28,2022,Outpatient,16401.0
Gastro-Intestinal Surgery,2022-04-28,2022,Outpatient,788.0
General Medicine,2022-04-28,2022,Outpatient,20739.0
General Surgery,2022-04-28,2022,Outpatient,43198.0
Geriatric Medicine,2022-04-28,2022,Outpatient,3759.0
Gynaecology,2022-04-28,2022,Outpatient,30081.0
Haematology,2022-04-28,2022,Outpatient,8311.0
Hepato-Biliary Surgery,2022-04-28,2022,Outpatient,123.0
Infectious Diseases,2022-04-28,2022,Outpatient,671.0
Maxillo-Facial,2022-04-28,2022,Outpatient,4927.0
Metabolic Medicine,2022-04-28,2022,Outpatient,195.0
Microbiology,2022-04-28,2022,Outpatient,46.0
Nephrology,2022-04-28,2022,Outpatient,3486.0
Neurology,2022-04-28,2022,Outpatient,24114.0
Neurosurgery,2022-04-28,2022,Outpatient,7459.0
Oncology,2022-04-28,2022,Outpatient,630.0
Ophthalmology,2022-04-28,2022,Outpatient,38555.0
Oral Surgery,2022-04-28,2022,Outpatient,2562.0
Orthopaedics,2022-04-28,2022,Outpatient,68674.0
Otolaryngology (ENT),2022-04-28,2022,Outpatient,49055.0
Paed Cardiology,2022-04-28,2022,Outpatient,39.0
Paediatric Neurology,2022-04-28,2022,Outpatient,32.0
Paediatrics,2022-04-28,2022,Outpatient,161.0
Pain Relief,2022-04-28,2022,Outpatient,14050.0
Palliative Medicine,2022-04-28,2022,Outpatient,27.0
Pathology,2022-04-28,2022,Outpatient,161.0
Plastic Surgery,2022-04-28,2022,Outpatient,17807.0
Psychiatry,2022-04-28,2022,Outpatient,517.0
Radiology,2022-04-28,2022,Outpatient,38.0
Radiotherapy,2022-04-28,2022,Outpatient,58.0
Respiratory Medicine,2022-04-28,2022,Outpatient,18893.0
Rheumatology,2022-04-28,2022,Outpatient,16627.0
Small Volume Specialities,2022-04-28,2022,Outpatient,107.0
Urology,2022-04-28,2022,Outpatient,28808.0
Vascular Surgery,2022-04-28,2022,Outpatient,14585.0
Breast Surgery,2022-04-28,2022,Outpatient,22.0
Cardio-Thoracic Surgery,2022-04-28,2022,Outpatient,68.0
Cardiology,2022-04-28,2022,Outpatient,79.0
Child/Adolescent Psychiatry,2022-04-28,2022,Outpatient,68.0
Clinical (Medical) Genetics,2022-04-28,2022,Outpatient,1847.0
Clinical Immunology,2022-04-28,2022,Outpatient,1074.0
Dental Surgery,2022-04-28,2022,Outpatient,569.0
Dermatology,2022-04-28,2022,Outpatient,3608.0
Developmental Paediatrics,2022-04-28,2022,Outpatient,598.0
Gastro-Enterology,2022-04-28,2022,Outpatient,32.0
General Medicine,2022-04-28,2022,Outpatient,43.0
General Surgery,2022-04-28,2022,Outpatient,1775.0
Gynaecology,2022-04-28,2022,Outpatient,635.0
Haematology,2022-04-28,2022,Outpatient,79.0
Immunology,2022-04-28,2022,Outpatient,484.0
Maxillo-Facial,2022-04-28,2022,Outpatient,343.0
Neurology,2022-04-28,2022,Outpatient,50.0
Ophthalmology,2022-04-28,2022,Outpatient,5411.0
Oral Surgery,2022-04-28,2022,Outpatient,223.0
Orthopaedics,2022-04-28,2022,Outpatient,3085.0
Otolaryngology (ENT),2022-04-28,2022,Outpatient,10488.0
Paed Cardiology,2022-04-28,2022,Outpatient,4026.0
Paed Endocrinology,2022-04-28,2022,Outpatient,883.0
Paed Gastro-Enterol,2022-04-28,2022,Outpatient,714.0
Paed Haematology,2022-04-28,2022,Outpatient,300.0
Paed Metabolic Medicine,2022-04-28,2022,Outpatient,55.0
Paed Nephrology,2022-04-28,2022,Outpatient,501.0
Paed Orthopaedic,2022-04-28,2022,Outpatient,4397.0
Paediatric Dermatology,2022-04-28,2022,Outpatient,5830.0
Paediatric ENT,2022-04-28,2022,Outpatient,5609.0
Paediatric Infectious Diseases,2022-04-28,2022,Outpatient,141.0
Paediatric Neurology,2022-04-28,2022,Outpatient,1317.0
Paediatric Neurosurgery,2022-04-28,2022,Outpatient,54.0
Paediatric Respiratory Medicine,2022-04-28,2022,Outpatient,1987.0
Paediatric Surgery,2022-04-28,2022,Outpatient,5289.0
Paediatric Urology,2022-04-28,2022,Outpatient,1283.0
Paediatrics,2022-04-28,2022,Outpatient,17567.0
Pain Relief,2022-04-28,2022,Outpatient,45.0
Plastic Surgery,2022-04-28,2022,Outpatient,2110.0
Rheumatology,2022-04-28,2022,Outpatient,1271.0
Small Volume Specialities,2022-04-28,2022,Outpatient,89.0
Urology,2022-04-28,2022,Outpatient,2871.0
Vascular Surgery,2022-04-28,2022,Outpatient,22.0
Anaesthetics,2022-05-26,2022,Outpatient,333.0
Audiological Medicine,2022-05-26,2022,Outpatient,79.0
Breast Surgery,2022-05-26,2022,Outpatient,2448.0
Cardio-Thoracic Surgery,2022-05-26,2022,Outpatient,381.0
Cardiology,2022-05-26,2022,Outpatient,33373.0
Chemical Pathology,2022-05-26,2022,Outpatient,115.0
Clinical (Medical) Genetics,2022-05-26,2022,Outpatient,2599.0
Clinical Immunology,2022-05-26,2022,Outpatient,1428.0
Clinical Neurophysiology,2022-05-26,2022,Outpatient,2168.0
Dermatology,2022-05-26,2022,Outpatient,39263.0
Diabetes Mellitus,2022-05-26,2022,Outpatient,1948.0
Endocrinology,2022-05-26,2022,Outpatient,18767.0
Gastro-Enterology,2022-05-26,2022,Outpatient,16363.0
Gastro-Intestinal Surgery,2022-05-26,2022,Outpatient,733.0
General Medicine,2022-05-26,2022,Outpatient,20935.0
General Surgery,2022-05-26,2022,Outpatient,42925.0
Geriatric Medicine,2022-05-26,2022,Outpatient,3654.0
Gynaecology,2022-05-26,2022,Outpatient,30493.0
Haematology,2022-05-26,2022,Outpatient,8475.0
Hepato-Biliary Surgery,2022-05-26,2022,Outpatient,115.0
Infectious Diseases,2022-05-26,2022,Outpatient,707.0
Maxillo-Facial,2022-05-26,2022,Outpatient,4747.0
Metabolic Medicine,2022-05-26,2022,Outpatient,248.0
Microbiology,2022-05-26,2022,Outpatient,41.0
Nephrology,2022-05-26,2022,Outpatient,3508.0
Neurology,2022-05-26,2022,Outpatient,24097.0
Neurosurgery,2022-05-26,2022,Outpatient,7827.0
Oncology,2022-05-26,2022,Outpatient,553.0
Ophthalmology,2022-05-26,2022,Outpatient,38713.0
Oral Surgery,2022-05-26,2022,Outpatient,2486.0
Orthopaedics,2022-05-26,2022,Outpatient,67235.0
Otolaryngology (ENT),2022-05-26,2022,Outpatient,48560.0
Paed Cardiology,2022-05-26,2022,Outpatient,31.0
Paediatric Neurology,2022-05-26,2022,Outpatient,29.0
Paediatrics,2022-05-26,2022,Outpatient,154.0
Pain Relief,2022-05-26,2022,Outpatient,14214.0
Palliative Medicine,2022-05-26,2022,Outpatient,22.0
Pathology,2022-05-26,2022,Outpatient,166.0
Plastic Surgery,2022-05-26,2022,Outpatient,17799.0
Psychiatry,2022-05-26,2022,Outpatient,529.0
Radiology,2022-05-26,2022,Outpatient,36.0
Radiotherapy,2022-05-26,2022,Outpatient,53.0
Respiratory Medicine,2022-05-26,2022,Outpatient,19023.0
Rheumatology,2022-05-26,2022,Outpatient,16818.0
Small Volume Specialities,2022-05-26,2022,Outpatient,87.0
Urology,2022-05-26,2022,Outpatient,28530.0
Vascular Surgery,2022-05-26,2022,Outpatient,14400.0
Cardio-Thoracic Surgery,2022-05-26,2022,Outpatient,86.0
Cardiology,2022-05-26,2022,Outpatient,87.0
Child/Adolescent Psychiatry,2022-05-26,2022,Outpatient,64.0
Clinical (Medical) Genetics,2022-05-26,2022,Outpatient,1814.0
Clinical Immunology,2022-05-26,2022,Outpatient,1049.0
Dental Surgery,2022-05-26,2022,Outpatient,555.0
Dermatology,2022-05-26,2022,Outpatient,3555.0
Developmental Paediatrics,2022-05-26,2022,Outpatient,1081.0
Gastro-Enterology,2022-05-26,2022,Outpatient,33.0
General Medicine,2022-05-26,2022,Outpatient,42.0
General Surgery,2022-05-26,2022,Outpatient,1750.0
Gynaecology,2022-05-26,2022,Outpatient,627.0
Haematology,2022-05-26,2022,Outpatient,86.0
Immunology,2022-05-26,2022,Outpatient,471.0
Maxillo-Facial,2022-05-26,2022,Outpatient,333.0
Neurology,2022-05-26,2022,Outpatient,38.0
Neurosurgery,2022-05-26,2022,Outpatient,21.0
Ophthalmology,2022-05-26,2022,Outpatient,5346.0
Oral Surgery,2022-05-26,2022,Outpatient,208.0
Orthopaedics,2022-05-26,2022,Outpatient,3096.0
Otolaryngology (ENT),2022-05-26,2022,Outpatient,10344.0
Paed Cardiology,2022-05-26,2022,Outpatient,3940.0
Paed Endocrinology,2022-05-26,2022,Outpatient,908.0
Paed Gastro-Enterol,2022-05-26,2022,Outpatient,749.0
Paed Haematology,2022-05-26,2022,Outpatient,283.0
Paed Metabolic Medicine,2022-05-26,2022,Outpatient,61.0
Paed Nephrology,2022-05-26,2022,Outpatient,486.0
Paed Orthopaedic,2022-05-26,2022,Outpatient,4379.0
Paediatric Dermatology,2022-05-26,2022,Outpatient,5909.0
Paediatric ENT,2022-05-26,2022,Outpatient,5742.0
Paediatric Infectious Diseases,2022-05-26,2022,Outpatient,135.0
Paediatric Neurology,2022-05-26,2022,Outpatient,1307.0
Paediatric Neurosurgery,2022-05-26,2022,Outpatient,50.0
Paediatric Respiratory Medicine,2022-05-26,2022,Outpatient,2010.0
Paediatric Surgery,2022-05-26,2022,Outpatient,5259.0
Paediatric Urology,2022-05-26,2022,Outpatient,1304.0
Paediatrics,2022-05-26,2022,Outpatient,17659.0
Pain Relief,2022-05-26,2022,Outpatient,38.0
Plastic Surgery,2022-05-26,2022,Outpatient,2076.0
Rheumatology,2022-05-26,2022,Outpatient,1259.0
Small Volume Specialities,2022-05-26,2022,Outpatient,125.0
Urology,2022-05-26,2022,Outpatient,2873.0
Anaesthetics,2022-06-30,2022,Outpatient,317.0
Audiological Medicine,2022-06-30,2022,Outpatient,73.0
Breast Surgery,2022-06-30,2022,Outpatient,2035.0
Cardio-Thoracic Surgery,2022-06-30,2022,Outpatient,335.0
Cardiology,2022-06-30,2022,Outpatient,32703.0
Chemical Pathology,2022-06-30,2022,Outpatient,123.0
Clinical (Medical) Genetics,2022-06-30,2022,Outpatient,2679.0
Clinical Immunology,2022-06-30,2022,Outpatient,1503.0
Clinical Neurophysiology,2022-06-30,2022,Outpatient,2260.0
Dermatology,2022-06-30,2022,Outpatient,39501.0
Diabetes Mellitus,2022-06-30,2022,Outpatient,2031.0
Endocrinology,2022-06-30,2022,Outpatient,19068.0
Gastro-Enterology,2022-06-30,2022,Outpatient,16307.0
Gastro-Intestinal Surgery,2022-06-30,2022,Outpatient,722.0
General Medicine,2022-06-30,2022,Outpatient,20954.0
General Surgery,2022-06-30,2022,Outpatient,42486.0
Geriatric Medicine,2022-06-30,2022,Outpatient,3654.0
Gynaecology,2022-06-30,2022,Outpatient,32313.0
Haematology,2022-06-30,2022,Outpatient,8762.0
Hepato-Biliary Surgery,2022-06-30,2022,Outpatient,120.0
Infectious Diseases,2022-06-30,2022,Outpatient,757.0
Maxillo-Facial,2022-06-30,2022,Outpatient,4449.0
Metabolic Medicine,2022-06-30,2022,Outpatient,246.0
Microbiology,2022-06-30,2022,Outpatient,47.0
Nephrology,2022-06-30,2022,Outpatient,3572.0
Neurology,2022-06-30,2022,Outpatient,24117.0
Neurosurgery,2022-06-30,2022,Outpatient,8279.0
Oncology,2022-06-30,2022,Outpatient,605.0
Ophthalmology,2022-06-30,2022,Outpatient,38284.0
Oral Surgery,2022-06-30,2022,Outpatient,2496.0
Orthopaedics,2022-06-30,2022,Outpatient,67562.0
Otolaryngology (ENT),2022-06-30,2022,Outpatient,47427.0
Paed Cardiology,2022-06-30,2022,Outpatient,24.0
Paediatric ENT,2022-06-30,2022,Outpatient,26.0
Paediatric Neurology,2022-06-30,2022,Outpatient,29.0
Paediatrics,2022-06-30,2022,Outpatient,168.0
Pain Relief,2022-06-30,2022,Outpatient,13667.0
Palliative Medicine,2022-06-30,2022,Outpatient,26.0
Pathology,2022-06-30,2022,Outpatient,166.0
Plastic Surgery,2022-06-30,2022,Outpatient,17736.0
Psychiatry,2022-06-30,2022,Outpatient,549.0
Radiology,2022-06-30,2022,Outpatient,33.0
Radiotherapy,2022-06-30,2022,Outpatient,39.0
Respiratory Medicine,2022-06-30,2022,Outpatient,19219.0
Rheumatology,2022-06-30,2022,Outpatient,16629.0
Small Volume Specialities,2022-06-30,2022,Outpatient,76.0
Urology,2022-06-30,2022,Outpatient,27805.0
Vascular Surgery,2022-06-30,2022,Outpatient,14715.0
Cardio-Thoracic Surgery,2022-06-30,2022,Outpatient,84.0
Cardiology,2022-06-30,2022,Outpatient,86.0
Child/Adolescent Psychiatry,2022-06-30,2022,Outpatient,32.0
Clinical (Medical) Genetics,2022-06-30,2022,Outpatient,1739.0
Clinical Immunology,2022-06-30,2022,Outpatient,938.0
Dental Surgery,2022-06-30,2022,Outpatient,551.0
Dermatology,2022-06-30,2022,Outpatient,3618.0
Developmental Paediatrics,2022-06-30,2022,Outpatient,1094.0
Gastro-Enterology,2022-06-30,2022,Outpatient,35.0
General Medicine,2022-06-30,2022,Outpatient,35.0
General Surgery,2022-06-30,2022,Outpatient,1710.0
Gynaecology,2022-06-30,2022,Outpatient,663.0
Haematology,2022-06-30,2022,Outpatient,74.0
Immunology,2022-06-30,2022,Outpatient,457.0
Maxillo-Facial,2022-06-30,2022,Outpatient,310.0
Neurology,2022-06-30,2022,Outpatient,41.0
Neurosurgery,2022-06-30,2022,Outpatient,28.0
Ophthalmology,2022-06-30,2022,Outpatient,5253.0
Oral Surgery,2022-06-30,2022,Outpatient,201.0
Orthopaedics,2022-06-30,2022,Outpatient,3084.0
Otolaryngology (ENT),2022-06-30,2022,Outpatient,10104.0
Paed Cardiology,2022-06-30,2022,Outpatient,4077.0
Paed Endocrinology,2022-06-30,2022,Outpatient,932.0
Paed Gastro-Enterol,2022-06-30,2022,Outpatient,769.0
Paed Haematology,2022-06-30,2022,Outpatient,300.0
Paed Metabolic Medicine,2022-06-30,2022,Outpatient,62.0
Paed Nephrology,2022-06-30,2022,Outpatient,466.0
Paed Orthopaedic,2022-06-30,2022,Outpatient,4446.0
Paediatric Dermatology,2022-06-30,2022,Outpatient,5864.0
Paediatric ENT,2022-06-30,2022,Outpatient,5724.0
Paediatric Infectious Diseases,2022-06-30,2022,Outpatient,130.0
Paediatric Neurology,2022-06-30,2022,Outpatient,1243.0
Paediatric Neurosurgery,2022-06-30,2022,Outpatient,52.0
Paediatric Respiratory Medicine,2022-06-30,2022,Outpatient,2037.0
Paediatric Surgery,2022-06-30,2022,Outpatient,5291.0
Paediatric Urology,2022-06-30,2022,Outpatient,1312.0
Paediatrics,2022-06-30,2022,Outpatient,18013.0
Pain Relief,2022-06-30,2022,Outpatient,34.0
Plastic Surgery,2022-06-30,2022,Outpatient,2051.0
Rheumatology,2022-06-30,2022,Outpatient,1255.0
Small Volume Specialities,2022-06-30,2022,Outpatient,113.0
Urology,2022-06-30,2022,Outpatient,2878.0
Vascular Surgery,2022-06-30,2022,Outpatient,25.0
Anaesthetics,2022-07-28,2022,Outpatient,374.0
Breast Surgery,2022-07-28,2022,Outpatient,1692.0
Cardio-Thoracic Surgery,2022-07-28,2022,Outpatient,337.0
Cardiology,2022-07-28,2022,Outpatient,33301.0
Chemical Pathology,2022-07-28,2022,Outpatient,125.0
Clinical (Medical) Genetics,2022-07-28,2022,Outpatient,2656.0
Clinical Immunology,2022-07-28,2022,Outpatient,1533.0
Clinical Neurophysiology,2022-07-28,2022,Outpatient,2194.0
Dermatology,2022-07-28,2022,Outpatient,40004.0
Diabetes Mellitus,2022-07-28,2022,Outpatient,2093.0
Endocrinology,2022-07-28,2022,Outpatient,19744.0
Gastro-Enterology,2022-07-28,2022,Outpatient,16731.0
Gastro-Intestinal Surgery,2022-07-28,2022,Outpatient,828.0
General Medicine,2022-07-28,2022,Outpatient,21141.0
General Surgery,2022-07-28,2022,Outpatient,42152.0
Geriatric Medicine,2022-07-28,2022,Outpatient,3838.0
Gynaecology,2022-07-28,2022,Outpatient,31766.0
Haematology,2022-07-28,2022,Outpatient,8920.0
Hepato-Biliary Surgery,2022-07-28,2022,Outpatient,125.0
Infectious Diseases,2022-07-28,2022,Outpatient,771.0
Maxillo-Facial,2022-07-28,2022,Outpatient,4290.0
Metabolic Medicine,2022-07-28,2022,Outpatient,231.0
Microbiology,2022-07-28,2022,Outpatient,39.0
Nephrology,2022-07-28,2022,Outpatient,3680.0
Neurology,2022-07-28,2022,Outpatient,24374.0
Neurosurgery,2022-07-28,2022,Outpatient,8807.0
Oncology,2022-07-28,2022,Outpatient,664.0
Ophthalmology,2022-07-28,2022,Outpatient,37914.0
Oral Surgery,2022-07-28,2022,Outpatient,2479.0
Orthopaedics,2022-07-28,2022,Outpatient,67906.0
Otolaryngology (ENT),2022-07-28,2022,Outpatient,47902.0
Paed Cardiology,2022-07-28,2022,Outpatient,29.0
Paediatric Neurology,2022-07-28,2022,Outpatient,28.0
Paediatrics,2022-07-28,2022,Outpatient,162.0
Pain Relief,2022-07-28,2022,Outpatient,14070.0
Palliative Medicine,2022-07-28,2022,Outpatient,23.0
Pathology,2022-07-28,2022,Outpatient,168.0
Plastic Surgery,2022-07-28,2022,Outpatient,18042.0
Psychiatry,2022-07-28,2022,Outpatient,564.0
Radiology,2022-07-28,2022,Outpatient,26.0
Radiotherapy,2022-07-28,2022,Outpatient,48.0
Respiratory Medicine,2022-07-28,2022,Outpatient,19568.0
Rheumatology,2022-07-28,2022,Outpatient,16774.0
Small Volume Specialities,2022-07-28,2022,Outpatient,92.0
Urology,2022-07-28,2022,Outpatient,27709.0
Vascular Surgery,2022-07-28,2022,Outpatient,14988.0
Cardio-Thoracic Surgery,2022-07-28,2022,Outpatient,78.0
Cardiology,2022-07-28,2022,Outpatient,75.0
Clinical (Medical) Genetics,2022-07-28,2022,Outpatient,1731.0
Clinical Immunology,2022-07-28,2022,Outpatient,887.0
Dental Surgery,2022-07-28,2022,Outpatient,527.0
Dermatology,2022-07-28,2022,Outpatient,3718.0
Developmental Paediatrics,2022-07-28,2022,Outpatient,1117.0
Gastro-Enterology,2022-07-28,2022,Outpatient,43.0
General Medicine,2022-07-28,2022,Outpatient,34.0
General Surgery,2022-07-28,2022,Outpatient,1709.0
Gynaecology,2022-07-28,2022,Outpatient,635.0
Haematology,2022-07-28,2022,Outpatient,79.0
Immunology,2022-07-28,2022,Outpatient,446.0
Maxillo-Facial,2022-07-28,2022,Outpatient,320.0
Neurology,2022-07-28,2022,Outpatient,47.0
Neurosurgery,2022-07-28,2022,Outpatient,22.0
Ophthalmology,2022-07-28,2022,Outpatient,5248.0
Oral Surgery,2022-07-28,2022,Outpatient,194.0
Orthopaedics,2022-07-28,2022,Outpatient,3105.0
Otolaryngology (ENT),2022-07-28,2022,Outpatient,10137.0
Paed Cardiology,2022-07-28,2022,Outpatient,4132.0
Paed Endocrinology,2022-07-28,2022,Outpatient,975.0
Paed Gastro-Enterol,2022-07-28,2022,Outpatient,749.0
Paed Haematology,2022-07-28,2022,Outpatient,303.0
Paed Metabolic Medicine,2022-07-28,2022,Outpatient,61.0
Paed Nephrology,2022-07-28,2022,Outpatient,441.0
Paed Orthopaedic,2022-07-28,2022,Outpatient,4395.0
Paediatric Dermatology,2022-07-28,2022,Outpatient,5739.0
Paediatric ENT,2022-07-28,2022,Outpatient,5584.0
Paediatric Infectious Diseases,2022-07-28,2022,Outpatient,86.0
Paediatric Neurology,2022-07-28,2022,Outpatient,1236.0
Paediatric Neurosurgery,2022-07-28,2022,Outpatient,53.0
Paediatric Respiratory Medicine,2022-07-28,2022,Outpatient,1985.0
Paediatric Surgery,2022-07-28,2022,Outpatient,5283.0
Paediatric Urology,2022-07-28,2022,Outpatient,1245.0
Paediatrics,2022-07-28,2022,Outpatient,18030.0
Pain Relief,2022-07-28,2022,Outpatient,41.0
Plastic Surgery,2022-07-28,2022,Outpatient,2025.0
Rheumatology,2022-07-28,2022,Outpatient,1436.0
Small Volume Specialities,2022-07-28,2022,Outpatient,86.0
Urology,2022-07-28,2022,Outpatient,2891.0
Vascular Surgery,2022-07-28,2022,Outpatient,27.0
Anaesthetics,2022-08-25,2022,Outpatient,387.0
Breast Surgery,2022-08-25,2022,Outpatient,1669.0
Cardio-Thoracic Surgery,2022-08-25,2022,Outpatient,391.0
Cardiology,2022-08-25,2022,Outpatient,33460.0
Chemical Pathology,2022-08-25,2022,Outpatient,123.0
Clinical (Medical) Genetics,2022-08-25,2022,Outpatient,2746.0
Clinical Immunology,2022-08-25,2022,Outpatient,1585.0
Clinical Neurophysiology,2022-08-25,2022,Outpatient,2128.0
Dermatology,2022-08-25,2022,Outpatient,41261.0
Diabetes Mellitus,2022-08-25,2022,Outpatient,2094.0
Endocrinology,2022-08-25,2022,Outpatient,20066.0
Gastro-Enterology,2022-08-25,2022,Outpatient,16666.0
Gastro-Intestinal Surgery,2022-08-25,2022,Outpatient,841.0
General Medicine,2022-08-25,2022,Outpatient,21571.0
General Surgery,2022-08-25,2022,Outpatient,42325.0
Geriatric Medicine,2022-08-25,2022,Outpatient,3849.0
Gynaecology,2022-08-25,2022,Outpatient,31029.0
Haematology,2022-08-25,2022,Outpatient,9056.0
Hepato-Biliary Surgery,2022-08-25,2022,Outpatient,128.0
Infectious Diseases,2022-08-25,2022,Outpatient,822.0
Maxillo-Facial,2022-08-25,2022,Outpatient,4140.0
Metabolic Medicine,2022-08-25,2022,Outpatient,226.0
Microbiology,2022-08-25,2022,Outpatient,51.0
Nephrology,2022-08-25,2022,Outpatient,3665.0
Neurology,2022-08-25,2022,Outpatient,24848.0
Neurosurgery,2022-08-25,2022,Outpatient,8932.0
Oncology,2022-08-25,2022,Outpatient,621.0
Ophthalmology,2022-08-25,2022,Outpatient,37449.0
Oral Surgery,2022-08-25,2022,Outpatient,2466.0
Orthopaedics,2022-08-25,2022,Outpatient,68608.0
Otolaryngology (ENT),2022-08-25,2022,Outpatient,46478.0
Paed Cardiology,2022-08-25,2022,Outpatient,25.0
Paediatric Dermatology,2022-08-25,2022,Outpatient,104.0
Paediatric Neurology,2022-08-25,2022,Outpatient,28.0
Paediatrics,2022-08-25,2022,Outpatient,174.0
Pain Relief,2022-08-25,2022,Outpatient,14363.0
Pathology,2022-08-25,2022,Outpatient,171.0
Plastic Surgery,2022-08-25,2022,Outpatient,18596.0
Psychiatry,2022-08-25,2022,Outpatient,574.0
Radiotherapy,2022-08-25,2022,Outpatient,45.0
Rehabilitation Medicine,2022-08-25,2022,Outpatient,23.0
Respiratory Medicine,2022-08-25,2022,Outpatient,19451.0
Rheumatology,2022-08-25,2022,Outpatient,16836.0
Small Volume Specialities,2022-08-25,2022,Outpatient,110.0
Urology,2022-08-25,2022,Outpatient,27375.0
Vascular Surgery,2022-08-25,2022,Outpatient,15184.0
Cardio-Thoracic Surgery,2022-08-25,2022,Outpatient,72.0
Cardiology,2022-08-25,2022,Outpatient,69.0
Clinical (Medical) Genetics,2022-08-25,2022,Outpatient,1690.0
Clinical Immunology,2022-08-25,2022,Outpatient,846.0
Dental Surgery,2022-08-25,2022,Outpatient,556.0
Dermatology,2022-08-25,2022,Outpatient,2993.0
Developmental Paediatrics,2022-08-25,2022,Outpatient,1110.0
Gastro-Enterology,2022-08-25,2022,Outpatient,40.0
General Medicine,2022-08-25,2022,Outpatient,34.0
General Surgery,2022-08-25,2022,Outpatient,1713.0
Gynaecology,2022-08-25,2022,Outpatient,615.0
Haematology,2022-08-25,2022,Outpatient,75.0
Immunology,2022-08-25,2022,Outpatient,440.0
Maxillo-Facial,2022-08-25,2022,Outpatient,304.0
Neurology,2022-08-25,2022,Outpatient,46.0
Neurosurgery,2022-08-25,2022,Outpatient,20.0
Ophthalmology,2022-08-25,2022,Outpatient,5508.0
Oral Surgery,2022-08-25,2022,Outpatient,192.0
Orthopaedics,2022-08-25,2022,Outpatient,3085.0
Otolaryngology (ENT),2022-08-25,2022,Outpatient,9939.0
Paed Cardiology,2022-08-25,2022,Outpatient,4024.0
Paed Endocrinology,2022-08-25,2022,Outpatient,945.0
Paed Gastro-Enterol,2022-08-25,2022,Outpatient,697.0
Paed Haematology,2022-08-25,2022,Outpatient,287.0
Paed Metabolic Medicine,2022-08-25,2022,Outpatient,73.0
Paed Nephrology,2022-08-25,2022,Outpatient,457.0
Paed Orthopaedic,2022-08-25,2022,Outpatient,4323.0
Paediatric Dermatology,2022-08-25,2022,Outpatient,6600.0
Paediatric ENT,2022-08-25,2022,Outpatient,5657.0
Paediatric Infectious Diseases,2022-08-25,2022,Outpatient,73.0
Paediatric Neurology,2022-08-25,2022,Outpatient,1168.0
Paediatric Neurosurgery,2022-08-25,2022,Outpatient,65.0
Paediatric Respiratory Medicine,2022-08-25,2022,Outpatient,1997.0
Paediatric Surgery,2022-08-25,2022,Outpatient,5314.0
Paediatric Urology,2022-08-25,2022,Outpatient,1235.0
Paediatrics,2022-08-25,2022,Outpatient,18098.0
Pain Relief,2022-08-25,2022,Outpatient,44.0
Plastic Surgery,2022-08-25,2022,Outpatient,2042.0
Rheumatology,2022-08-25,2022,Outpatient,1420.0
Small Volume Specialities,2022-08-25,2022,Outpatient,88.0
Urology,2022-08-25,2022,Outpatient,2731.0
Vascular Surgery,2022-08-25,2022,Outpatient,25.0
Anaesthetics,2022-09-29,2022,Outpatient,370.0
Breast Surgery,2022-09-29,2022,Outpatient,1591.0
Cardio-Thoracic Surgery,2022-09-29,2022,Outpatient,334.0
Cardiology,2022-09-29,2022,Outpatient,33760.0
Chemical Pathology,2022-09-29,2022,Outpatient,119.0
Clinical (Medical) Genetics,2022-09-29,2022,Outpatient,2758.0
Clinical Immunology,2022-09-29,2022,Outpatient,1721.0
Clinical Neurophysiology,2022-09-29,2022,Outpatient,2131.0
Dermatology,2022-09-29,2022,Outpatient,41839.0
Diabetes Mellitus,2022-09-29,2022,Outpatient,2099.0
Endocrinology,2022-09-29,2022,Outpatient,20309.0
Gastro-Enterology,2022-09-29,2022,Outpatient,16410.0
Gastro-Intestinal Surgery,2022-09-29,2022,Outpatient,818.0
General Medicine,2022-09-29,2022,Outpatient,21476.0
General Surgery,2022-09-29,2022,Outpatient,41383.0
Geriatric Medicine,2022-09-29,2022,Outpatient,3488.0
Gynaecology,2022-09-29,2022,Outpatient,30430.0
Haematology,2022-09-29,2022,Outpatient,9169.0
Hepato-Biliary Surgery,2022-09-29,2022,Outpatient,109.0
Infectious Diseases,2022-09-29,2022,Outpatient,806.0
Maxillo-Facial,2022-09-29,2022,Outpatient,3871.0
Metabolic Medicine,2022-09-29,2022,Outpatient,193.0
Microbiology,2022-09-29,2022,Outpatient,41.0
Nephrology,2022-09-29,2022,Outpatient,3684.0
Neurology,2022-09-29,2022,Outpatient,24922.0
Neurosurgery,2022-09-29,2022,Outpatient,8976.0
Oncology,2022-09-29,2022,Outpatient,704.0
Ophthalmology,2022-09-29,2022,Outpatient,35607.0
Oral Surgery,2022-09-29,2022,Outpatient,2483.0
Orthopaedics,2022-09-29,2022,Outpatient,67938.0
Otolaryngology (ENT),2022-09-29,2022,Outpatient,46754.0
Paediatric Dermatology,2022-09-29,2022,Outpatient,110.0
Paediatric Neurology,2022-09-29,2022,Outpatient,31.0
Paediatrics,2022-09-29,2022,Outpatient,174.0
Pain Relief,2022-09-29,2022,Outpatient,14569.0
Pathology,2022-09-29,2022,Outpatient,173.0
Plastic Surgery,2022-09-29,2022,Outpatient,18694.0
Psychiatry,2022-09-29,2022,Outpatient,557.0
Radiotherapy,2022-09-29,2022,Outpatient,35.0
Rehabilitation Medicine,2022-09-29,2022,Outpatient,21.0
Respiratory Medicine,2022-09-29,2022,Outpatient,19649.0
Rheumatology,2022-09-29,2022,Outpatient,16698.0
Small Volume Specialities,2022-09-29,2022,Outpatient,126.0
Urology,2022-09-29,2022,Outpatient,27165.0
Vascular Surgery,2022-09-29,2022,Outpatient,15408.0
Cardio-Thoracic Surgery,2022-09-29,2022,Outpatient,74.0
Cardiology,2022-09-29,2022,Outpatient,63.0
Clinical (Medical) Genetics,2022-09-29,2022,Outpatient,1622.0
Clinical Immunology,2022-09-29,2022,Outpatient,803.0
Dental Surgery,2022-09-29,2022,Outpatient,513.0
Dermatology,2022-09-29,2022,Outpatient,2943.0
Developmental Paediatrics,2022-09-29,2022,Outpatient,1103.0
Endocrinology,2022-09-29,2022,Outpatient,23.0
Gastro-Enterology,2022-09-29,2022,Outpatient,34.0
General Medicine,2022-09-29,2022,Outpatient,25.0
General Surgery,2022-09-29,2022,Outpatient,1662.0
Gynaecology,2022-09-29,2022,Outpatient,637.0
Haematology,2022-09-29,2022,Outpatient,73.0
Immunology,2022-09-29,2022,Outpatient,438.0
Maxillo-Facial,2022-09-29,2022,Outpatient,273.0
Neurology,2022-09-29,2022,Outpatient,47.0
Neurosurgery,2022-09-29,2022,Outpatient,21.0
Ophthalmology,2022-09-29,2022,Outpatient,5145.0
Oral Surgery,2022-09-29,2022,Outpatient,197.0
Orthopaedics,2022-09-29,2022,Outpatient,3090.0
Otolaryngology (ENT),2022-09-29,2022,Outpatient,9770.0
Paed Cardiology,2022-09-29,2022,Outpatient,4137.0
Paed Endocrinology,2022-09-29,2022,Outpatient,929.0
Paed Gastro-Enterol,2022-09-29,2022,Outpatient,725.0
Paed Haematology,2022-09-29,2022,Outpatient,285.0
Paed Metabolic Medicine,2022-09-29,2022,Outpatient,58.0
Paed Nephrology,2022-09-29,2022,Outpatient,439.0
Paed Orthopaedic,2022-09-29,2022,Outpatient,4389.0
Paediatric Dermatology,2022-09-29,2022,Outpatient,6640.0
Paediatric ENT,2022-09-29,2022,Outpatient,5881.0
Paediatric Infectious Diseases,2022-09-29,2022,Outpatient,62.0
Paediatric Neurology,2022-09-29,2022,Outpatient,1197.0
Paediatric Neurosurgery,2022-09-29,2022,Outpatient,75.0
Paediatric Respiratory Medicine,2022-09-29,2022,Outpatient,1967.0
Paediatric Surgery,2022-09-29,2022,Outpatient,5363.0
Paediatric Urology,2022-09-29,2022,Outpatient,1198.0
Paediatrics,2022-09-29,2022,Outpatient,18119.0
Pain Relief,2022-09-29,2022,Outpatient,34.0
Plastic Surgery,2022-09-29,2022,Outpatient,2018.0
Rheumatology,2022-09-29,2022,Outpatient,1408.0
Small Volume Specialities,2022-09-29,2022,Outpatient,71.0
Urology,2022-09-29,2022,Outpatient,2396.0
Vascular Surgery,2022-09-29,2022,Outpatient,25.0
Anaesthetics,2022-10-27,2022,Outpatient,358.0
Breast Surgery,2022-10-27,2022,Outpatient,1723.0
Cardio-Thoracic Surgery,2022-10-27,2022,Outpatient,344.0
Cardiology,2022-10-27,2022,Outpatient,34047.0
Chemical Pathology,2022-10-27,2022,Outpatient,121.0
Clinical (Medical) Genetics,2022-10-27,2022,Outpatient,2838.0
Clinical Immunology,2022-10-27,2022,Outpatient,1755.0
Clinical Neurophysiology,2022-10-27,2022,Outpatient,2164.0
Dermatology,2022-10-27,2022,Outpatient,41355.0
Diabetes Mellitus,2022-10-27,2022,Outpatient,2080.0
Endocrinology,2022-10-27,2022,Outpatient,20209.0
Gastro-Enterology,2022-10-27,2022,Outpatient,16539.0
Gastro-Intestinal Surgery,2022-10-27,2022,Outpatient,829.0
General Medicine,2022-10-27,2022,Outpatient,21519.0
General Surgery,2022-10-27,2022,Outpatient,40396.0
Geriatric Medicine,2022-10-27,2022,Outpatient,3416.0
Gynaecology,2022-10-27,2022,Outpatient,29927.0
Haematology,2022-10-27,2022,Outpatient,9065.0
Hepato-Biliary Surgery,2022-10-27,2022,Outpatient,112.0
Infectious Diseases,2022-10-27,2022,Outpatient,849.0
Maxillo-Facial,2022-10-27,2022,Outpatient,3636.0
Metabolic Medicine,2022-10-27,2022,Outpatient,166.0
Microbiology,2022-10-27,2022,Outpatient,41.0
Nephrology,2022-10-27,2022,Outpatient,3585.0
Neurology,2022-10-27,2022,Outpatient,24539.0
Neurosurgery,2022-10-27,2022,Outpatient,8907.0
Oncology,2022-10-27,2022,Outpatient,648.0
Ophthalmology,2022-10-27,2022,Outpatient,34811.0
Oral Surgery,2022-10-27,2022,Outpatient,2469.0
Orthopaedics,2022-10-27,2022,Outpatient,66131.0
Otolaryngology (ENT),2022-10-27,2022,Outpatient,45240.0
Paediatric Neurology,2022-10-27,2022,Outpatient,24.0
Paediatrics,2022-10-27,2022,Outpatient,180.0
Pain Relief,2022-10-27,2022,Outpatient,14309.0
Pathology,2022-10-27,2022,Outpatient,166.0
Plastic Surgery,2022-10-27,2022,Outpatient,18291.0
Psychiatry,2022-10-27,2022,Outpatient,514.0
Radiotherapy,2022-10-27,2022,Outpatient,55.0
Respiratory Medicine,2022-10-27,2022,Outpatient,19406.0
Rheumatology,2022-10-27,2022,Outpatient,16408.0
Small Volume Specialities,2022-10-27,2022,Outpatient,160.0
Urology,2022-10-27,2022,Outpatient,26156.0
Vascular Surgery,2022-10-27,2022,Outpatient,14539.0
Cardio-Thoracic Surgery,2022-10-27,2022,Outpatient,67.0
Cardiology,2022-10-27,2022,Outpatient,57.0
Clinical (Medical) Genetics,2022-10-27,2022,Outpatient,1493.0
Clinical Immunology,2022-10-27,2022,Outpatient,800.0
Dental Surgery,2022-10-27,2022,Outpatient,486.0
Dermatology,2022-10-27,2022,Outpatient,2910.0
Developmental Paediatrics,2022-10-27,2022,Outpatient,1083.0
Endocrinology,2022-10-27,2022,Outpatient,23.0
Gastro-Enterology,2022-10-27,2022,Outpatient,34.0
General Medicine,2022-10-27,2022,Outpatient,26.0
General Surgery,2022-10-27,2022,Outpatient,1644.0
Gynaecology,2022-10-27,2022,Outpatient,662.0
Haematology,2022-10-27,2022,Outpatient,85.0
Immunology,2022-10-27,2022,Outpatient,438.0
Maxillo-Facial,2022-10-27,2022,Outpatient,248.0
Neurology,2022-10-27,2022,Outpatient,45.0
Neurosurgery,2022-10-27,2022,Outpatient,22.0
Ophthalmology,2022-10-27,2022,Outpatient,4874.0
Oral Surgery,2022-10-27,2022,Outpatient,210.0
Orthopaedics,2022-10-27,2022,Outpatient,3014.0
Otolaryngology (ENT),2022-10-27,2022,Outpatient,9254.0
Paed Cardiology,2022-10-27,2022,Outpatient,3931.0
Paed Endocrinology,2022-10-27,2022,Outpatient,923.0
Paed Gastro-Enterol,2022-10-27,2022,Outpatient,716.0
Paed Haematology,2022-10-27,2022,Outpatient,268.0
Paed Metabolic Medicine,2022-10-27,2022,Outpatient,57.0
Paed Nephrology,2022-10-27,2022,Outpatient,420.0
Paed Orthopaedic,2022-10-27,2022,Outpatient,4369.0
Paediatric Dermatology,2022-10-27,2022,Outpatient,6649.0
Paediatric ENT,2022-10-27,2022,Outpatient,6052.0
Paediatric Infectious Diseases,2022-10-27,2022,Outpatient,63.0
Paediatric Neurology,2022-10-27,2022,Outpatient,1187.0
Paediatric Neurosurgery,2022-10-27,2022,Outpatient,46.0
Paediatric Respiratory Medicine,2022-10-27,2022,Outpatient,1986.0
Paediatric Surgery,2022-10-27,2022,Outpatient,5028.0
Paediatric Urology,2022-10-27,2022,Outpatient,1161.0
Paediatrics,2022-10-27,2022,Outpatient,18156.0
Pain Relief,2022-10-27,2022,Outpatient,29.0
Plastic Surgery,2022-10-27,2022,Outpatient,1913.0
Rheumatology,2022-10-27,2022,Outpatient,1384.0
Small Volume Specialities,2022-10-27,2022,Outpatient,61.0
Urology,2022-10-27,2022,Outpatient,2307.0
Vascular Surgery,2022-10-27,2022,Outpatient,23.0
Breast Surgery,2022-11-24,2022,Outpatient,1660.0
Cardio-Thoracic Surgery,2022-11-24,2022,Outpatient,361.0
Cardiology,2022-11-24,2022,Outpatient,33334.0
Chemical Pathology,2022-11-24,2022,Outpatient,113.0
Clinical (Medical) Genetics,2022-11-24,2022,Outpatient,2854.0
Clinical Immunology,2022-11-24,2022,Outpatient,1785.0
Clinical Neurophysiology,2022-11-24,2022,Outpatient,2160.0
Dermatology,2022-11-24,2022,Outpatient,41103.0
Diabetes Mellitus,2022-11-24,2022,Outpatient,2054.0
Endocrinology,2022-11-24,2022,Outpatient,19632.0
Gastro-Enterology,2022-11-24,2022,Outpatient,16300.0
Gastro-Intestinal Surgery,2022-11-24,2022,Outpatient,789.0
General Medicine,2022-11-24,2022,Outpatient,21108.0
General Surgery,2022-11-24,2022,Outpatient,39167.0
Geriatric Medicine,2022-11-24,2022,Outpatient,3485.0
Gynaecology,2022-11-24,2022,Outpatient,29082.0
Haematology,2022-11-24,2022,Outpatient,9120.0
Hepato-Biliary Surgery,2022-11-24,2022,Outpatient,108.0
Infectious Diseases,2022-11-24,2022,Outpatient,942.0
Maxillo-Facial,2022-11-24,2022,Outpatient,3293.0
Metabolic Medicine,2022-11-24,2022,Outpatient,172.0
Microbiology,2022-11-24,2022,Outpatient,46.0
Nephrology,2022-11-24,2022,Outpatient,3416.0
Neurology,2022-11-24,2022,Outpatient,23829.0
Neurosurgery,2022-11-24,2022,Outpatient,8773.0
Oncology,2022-11-24,2022,Outpatient,620.0
Ophthalmology,2022-11-24,2022,Outpatient,34398.0
Oral Surgery,2022-11-24,2022,Outpatient,2361.0
Orthopaedics,2022-11-24,2022,Outpatient,64383.0
Otolaryngology (ENT),2022-11-24,2022,Outpatient,43590.0
Paediatric Dermatology,2022-11-24,2022,Outpatient,29.0
Paediatrics,2022-11-24,2022,Outpatient,166.0
Pain Relief,2022-11-24,2022,Outpatient,14644.0
Pathology,2022-11-24,2022,Outpatient,174.0
Plastic Surgery,2022-11-24,2022,Outpatient,17623.0
Psychiatry,2022-11-24,2022,Outpatient,541.0
Radiotherapy,2022-11-24,2022,Outpatient,55.0
Respiratory Medicine,2022-11-24,2022,Outpatient,19405.0
Rheumatology,2022-11-24,2022,Outpatient,16296.0
Small Volume Specialities,2022-11-24,2022,Outpatient,172.0
Urology,2022-11-24,2022,Outpatient,26074.0
Vascular Surgery,2022-11-24,2022,Outpatient,14422.0
Cardio-Thoracic Surgery,2022-11-24,2022,Outpatient,51.0
Cardiology,2022-11-24,2022,Outpatient,53.0
Clinical (Medical) Genetics,2022-11-24,2022,Outpatient,1433.0
Clinical Immunology,2022-11-24,2022,Outpatient,778.0
Dental Surgery,2022-11-24,2022,Outpatient,475.0
Dermatology,2022-11-24,2022,Outpatient,2837.0
Developmental Paediatrics,2022-11-24,2022,Outpatient,1076.0
Endocrinology,2022-11-24,2022,Outpatient,23.0
Gastro-Enterology,2022-11-24,2022,Outpatient,35.0
General Medicine,2022-11-24,2022,Outpatient,35.0
General Surgery,2022-11-24,2022,Outpatient,1636.0
Gynaecology,2022-11-24,2022,Outpatient,654.0
Haematology,2022-11-24,2022,Outpatient,90.0
Immunology,2022-11-24,2022,Outpatient,427.0
Maxillo-Facial,2022-11-24,2022,Outpatient,209.0
Neurology,2022-11-24,2022,Outpatient,44.0
Ophthalmology,2022-11-24,2022,Outpatient,4800.0
Oral Surgery,2022-11-24,2022,Outpatient,205.0
Orthopaedics,2022-11-24,2022,Outpatient,2951.0
Otolaryngology (ENT),2022-11-24,2022,Outpatient,8753.0
Paed Cardiology,2022-11-24,2022,Outpatient,3861.0
Paed Endocrinology,2022-11-24,2022,Outpatient,942.0
Paed Gastro-Enterol,2022-11-24,2022,Outpatient,760.0
Paed Haematology,2022-11-24,2022,Outpatient,245.0
Paed Metabolic Medicine,2022-11-24,2022,Outpatient,51.0
Paed Nephrology,2022-11-24,2022,Outpatient,418.0
Paed Orthopaedic,2022-11-24,2022,Outpatient,4371.0
Paediatric Dermatology,2022-11-24,2022,Outpatient,6705.0
Paediatric ENT,2022-11-24,2022,Outpatient,6095.0
Paediatric Infectious Diseases,2022-11-24,2022,Outpatient,57.0
Paediatric Neurology,2022-11-24,2022,Outpatient,1136.0
Paediatric Neurosurgery,2022-11-24,2022,Outpatient,43.0
Paediatric Respiratory Medicine,2022-11-24,2022,Outpatient,1970.0
Paediatric Surgery,2022-11-24,2022,Outpatient,4723.0
Paediatric Urology,2022-11-24,2022,Outpatient,1133.0
Paediatrics,2022-11-24,2022,Outpatient,18571.0
Pain Relief,2022-11-24,2022,Outpatient,29.0
Plastic Surgery,2022-11-24,2022,Outpatient,1856.0
Rheumatology,2022-11-24,2022,Outpatient,1364.0
Small Volume Specialities,2022-11-24,2022,Outpatient,70.0
Urology,2022-11-24,2022,Outpatient,2199.0
Vascular Surgery,2022-11-24,2022,Outpatient,24.0
Breast Surgery,2022-12-22,2022,Outpatient,1686.0
Cardio-Thoracic Surgery,2022-12-22,2022,Outpatient,384.0
Cardiology,2022-12-22,2022,Outpatient,32057.0
Chemical Pathology,2022-12-22,2022,Outpatient,113.0
Clinical (Medical) Genetics,2022-12-22,2022,Outpatient,2799.0
Clinical Immunology,2022-12-22,2022,Outpatient,1856.0
Clinical Neurophysiology,2022-12-22,2022,Outpatient,2149.0
Dermatology,2022-12-22,2022,Outpatient,39979.0
Diabetes Mellitus,2022-12-22,2022,Outpatient,1864.0
Endocrinology,2022-12-22,2022,Outpatient,18822.0
Gastro-Enterology,2022-12-22,2022,Outpatient,15343.0
Gastro-Intestinal Surgery,2022-12-22,2022,Outpatient,788.0
General Medicine,2022-12-22,2022,Outpatient,19839.0
General Surgery,2022-12-22,2022,Outpatient,36329.0
Geriatric Medicine,2022-12-22,2022,Outpatient,3438.0
Gynaecology,2022-12-22,2022,Outpatient,27915.0
Haematology,2022-12-22,2022,Outpatient,9132.0
Hepato-Biliary Surgery,2022-12-22,2022,Outpatient,111.0
Infectious Diseases,2022-12-22,2022,Outpatient,1244.0
Maxillo-Facial,2022-12-22,2022,Outpatient,2997.0
Metabolic Medicine,2022-12-22,2022,Outpatient,172.0
Microbiology,2022-12-22,2022,Outpatient,35.0
Nephrology,2022-12-22,2022,Outpatient,3365.0
Neurology,2022-12-22,2022,Outpatient,23238.0
Neurosurgery,2022-12-22,2022,Outpatient,8585.0
Oncology,2022-12-22,2022,Outpatient,553.0
Ophthalmology,2022-12-22,2022,Outpatient,33268.0
Oral Surgery,2022-12-22,2022,Outpatient,2146.0
Orthopaedics,2022-12-22,2022,Outpatient,63645.0
Otolaryngology (ENT),2022-12-22,2022,Outpatient,42252.0
Paediatric Dermatology,2022-12-22,2022,Outpatient,37.0
Paediatric Neurology,2022-12-22,2022,Outpatient,22.0
Paediatrics,2022-12-22,2022,Outpatient,168.0
Pain Relief,2022-12-22,2022,Outpatient,14022.0
Pathology,2022-12-22,2022,Outpatient,153.0
Plastic Surgery,2022-12-22,2022,Outpatient,16929.0
Psychiatry,2022-12-22,2022,Outpatient,523.0
Radiotherapy,2022-12-22,2022,Outpatient,42.0
Respiratory Medicine,2022-12-22,2022,Outpatient,18547.0
Rheumatology,2022-12-22,2022,Outpatient,15672.0
Small Volume Specialities,2022-12-22,2022,Outpatient,145.0
Urology,2022-12-22,2022,Outpatient,25072.0
Vascular Surgery,2022-12-22,2022,Outpatient,13949.0
Cardio-Thoracic Surgery,2022-12-22,2022,Outpatient,49.0
Cardiology,2022-12-22,2022,Outpatient,50.0
Clinical (Medical) Genetics,2022-12-22,2022,Outpatient,1448.0
Clinical Immunology,2022-12-22,2022,Outpatient,818.0
Dental Surgery,2022-12-22,2022,Outpatient,515.0
Dermatology,2022-12-22,2022,Outpatient,2772.0
Developmental Paediatrics,2022-12-22,2022,Outpatient,1077.0
Endocrinology,2022-12-22,2022,Outpatient,22.0
Gastro-Enterology,2022-12-22,2022,Outpatient,27.0
General Medicine,2022-12-22,2022,Outpatient,37.0
General Surgery,2022-12-22,2022,Outpatient,1551.0
Gynaecology,2022-12-22,2022,Outpatient,654.0
Haematology,2022-12-22,2022,Outpatient,93.0
Immunology,2022-12-22,2022,Outpatient,393.0
Maxillo-Facial,2022-12-22,2022,Outpatient,189.0
Neurology,2022-12-22,2022,Outpatient,45.0
Ophthalmology,2022-12-22,2022,Outpatient,4633.0
Oral Surgery,2022-12-22,2022,Outpatient,201.0
Orthopaedics,2022-12-22,2022,Outpatient,2833.0
Other,2022-12-22,2022,Outpatient,54.0
Otolaryngology (ENT),2022-12-22,2022,Outpatient,8623.0
Paed Cardiology,2022-12-22,2022,Outpatient,3998.0
Paed Endocrinology,2022-12-22,2022,Outpatient,918.0
Paed Gastro-Enterol,2022-12-22,2022,Outpatient,812.0
Paed Haematology,2022-12-22,2022,Outpatient,234.0
Paed Metabolic Medicine,2022-12-22,2022,Outpatient,54.0
Paed Nephrology,2022-12-22,2022,Outpatient,411.0
Paed Orthopaedic,2022-12-22,2022,Outpatient,4423.0
Paediatric Dermatology,2022-12-22,2022,Outpatient,6857.0
Paediatric ENT,2022-12-22,2022,Outpatient,6281.0
Paediatric Infectious Diseases,2022-12-22,2022,Outpatient,77.0
Paediatric Neurology,2022-12-22,2022,Outpatient,1197.0
Paediatric Neurosurgery,2022-12-22,2022,Outpatient,46.0
Paediatric Respiratory Medicine,2022-12-22,2022,Outpatient,1990.0
Paediatric Surgery,2022-12-22,2022,Outpatient,4585.0
Paediatric Urology,2022-12-22,2022,Outpatient,1187.0
Paediatrics,2022-12-22,2022,Outpatient,18776.0
Pain Relief,2022-12-22,2022,Outpatient,32.0
Plastic Surgery,2022-12-22,2022,Outpatient,1767.0
Rheumatology,2022-12-22,2022,Outpatient,1383.0
Small Volume Specialities,2022-12-22,2022,Outpatient,78.0
Urology,2022-12-22,2022,Outpatient,2026.0
Vascular Surgery,2022-12-22,2022,Outpatient,23.0
Anaesthetics,2023-01-26,2023,Outpatient,21.0
Breast Surgery,2023-01-26,2023,Outpatient,2206.0
Cardio-Thoracic Surgery,2023-01-26,2023,Outpatient,405.0
Cardiology,2023-01-26,2023,Outpatient,32671.0
Chemical Pathology,2023-01-26,2023,Outpatient,124.0
Clinical (Medical) Genetics,2023-01-26,2023,Outpatient,2856.0
Clinical Immunology,2023-01-26,2023,Outpatient,1859.0
Clinical Neurophysiology,2023-01-26,2023,Outpatient,2079.0
Dermatology,2023-01-26,2023,Outpatient,40006.0
Diabetes Mellitus,2023-01-26,2023,Outpatient,1891.0
Endocrinology,2023-01-26,2023,Outpatient,18500.0
Gastro-Enterology,2023-01-26,2023,Outpatient,15363.0
Gastro-Intestinal Surgery,2023-01-26,2023,Outpatient,698.0
General Medicine,2023-01-26,2023,Outpatient,20137.0
General Surgery,2023-01-26,2023,Outpatient,35940.0
Geriatric Medicine,2023-01-26,2023,Outpatient,3676.0
Gynaecology,2023-01-26,2023,Outpatient,28111.0
Haematology,2023-01-26,2023,Outpatient,9150.0
Hepato-Biliary Surgery,2023-01-26,2023,Outpatient,110.0
Infectious Diseases,2023-01-26,2023,Outpatient,1340.0
Maxillo-Facial,2023-01-26,2023,Outpatient,2966.0
Metabolic Medicine,2023-01-26,2023,Outpatient,185.0
Microbiology,2023-01-26,2023,Outpatient,25.0
Nephrology,2023-01-26,2023,Outpatient,3446.0
Neurology,2023-01-26,2023,Outpatient,23364.0
Neurosurgery,2023-01-26,2023,Outpatient,8664.0
Oncology,2023-01-26,2023,Outpatient,588.0
Ophthalmology,2023-01-26,2023,Outpatient,33246.0
Oral Surgery,2023-01-26,2023,Outpatient,2224.0
Orthopaedics,2023-01-26,2023,Outpatient,65137.0
Otolaryngology (ENT),2023-01-26,2023,Outpatient,42736.0
Paediatric Dermatology,2023-01-26,2023,Outpatient,43.0
Paediatric Neurology,2023-01-26,2023,Outpatient,24.0
Paediatrics,2023-01-26,2023,Outpatient,168.0
Pain Relief,2023-01-26,2023,Outpatient,14262.0
Pathology,2023-01-26,2023,Outpatient,174.0
Plastic Surgery,2023-01-26,2023,Outpatient,16963.0
Psychiatry,2023-01-26,2023,Outpatient,507.0
Radiology,2023-01-26,2023,Outpatient,22.0
Radiotherapy,2023-01-26,2023,Outpatient,62.0
Respiratory Medicine,2023-01-26,2023,Outpatient,19200.0
Rheumatology,2023-01-26,2023,Outpatient,15437.0
Small Volume Specialities,2023-01-26,2023,Outpatient,117.0
Urology,2023-01-26,2023,Outpatient,24798.0
Vascular Surgery,2023-01-26,2023,Outpatient,14043.0
Cardio-Thoracic Surgery,2023-01-26,2023,Outpatient,67.0
Cardiology,2023-01-26,2023,Outpatient,51.0
Clinical (Medical) Genetics,2023-01-26,2023,Outpatient,1391.0
Clinical Immunology,2023-01-26,2023,Outpatient,867.0
Dental Surgery,2023-01-26,2023,Outpatient,497.0
Dermatology,2023-01-26,2023,Outpatient,2762.0
Developmental Paediatrics,2023-01-26,2023,Outpatient,1095.0
Endocrinology,2023-01-26,2023,Outpatient,25.0
Gastro-Enterology,2023-01-26,2023,Outpatient,20.0
General Medicine,2023-01-26,2023,Outpatient,37.0
General Surgery,2023-01-26,2023,Outpatient,1563.0
Gynaecology,2023-01-26,2023,Outpatient,675.0
Haematology,2023-01-26,2023,Outpatient,90.0
Immunology,2023-01-26,2023,Outpatient,374.0
Maxillo-Facial,2023-01-26,2023,Outpatient,202.0
Neurology,2023-01-26,2023,Outpatient,43.0
Ophthalmology,2023-01-26,2023,Outpatient,4383.0
Oral Surgery,2023-01-26,2023,Outpatient,213.0
Orthopaedics,2023-01-26,2023,Outpatient,2801.0
Otolaryngology (ENT),2023-01-26,2023,Outpatient,9071.0
Paed Cardiology,2023-01-26,2023,Outpatient,4157.0
Paed Endocrinology,2023-01-26,2023,Outpatient,905.0
Paed Gastro-Enterol,2023-01-26,2023,Outpatient,846.0
Paed Haematology,2023-01-26,2023,Outpatient,249.0
Paed Metabolic Medicine,2023-01-26,2023,Outpatient,62.0
Paed Nephrology,2023-01-26,2023,Outpatient,430.0
Paed Orthopaedic,2023-01-26,2023,Outpatient,3868.0
Paediatric Dermatology,2023-01-26,2023,Outpatient,6912.0
Paediatric ENT,2023-01-26,2023,Outpatient,6580.0
Paediatric Infectious Diseases,2023-01-26,2023,Outpatient,74.0
Paediatric Neurology,2023-01-26,2023,Outpatient,1185.0
Paediatric Neurosurgery,2023-01-26,2023,Outpatient,43.0
Paediatric Respiratory Medicine,2023-01-26,2023,Outpatient,2003.0
Paediatric Surgery,2023-01-26,2023,Outpatient,4651.0
Paediatric Urology,2023-01-26,2023,Outpatient,1204.0
Paediatrics,2023-01-26,2023,Outpatient,19462.0
Pain Relief,2023-01-26,2023,Outpatient,32.0
Plastic Surgery,2023-01-26,2023,Outpatient,1710.0
Rheumatology,2023-01-26,2023,Outpatient,1397.0
Small Volume Specialities,2023-01-26,2023,Outpatient,89.0
Urology,2023-01-26,2023,Outpatient,2017.0
Vascular Surgery,2023-01-26,2023,Outpatient,21.0
Breast Surgery,2023-02-23,2023,Outpatient,2384.0
Cardio-Thoracic Surgery,2023-02-23,2023,Outpatient,409.0
Cardiology,2023-02-23,2023,Outpatient,33735.0
Chemical Pathology,2023-02-23,2023,Outpatient,117.0
Clinical (Medical) Genetics,2023-02-23,2023,Outpatient,2979.0
Clinical Immunology,2023-02-23,2023,Outpatient,1986.0
Clinical Neurophysiology,2023-02-23,2023,Outpatient,2011.0
Dermatology,2023-02-23,2023,Outpatient,40802.0
Diabetes Mellitus,2023-02-23,2023,Outpatient,2001.0
Endocrinology,2023-02-23,2023,Outpatient,18572.0
Gastro-Enterology,2023-02-23,2023,Outpatient,15664.0
Gastro-Intestinal Surgery,2023-02-23,2023,Outpatient,499.0
General Medicine,2023-02-23,2023,Outpatient,20538.0
General Surgery,2023-02-23,2023,Outpatient,36094.0
Geriatric Medicine,2023-02-23,2023,Outpatient,3689.0
Gynaecology,2023-02-23,2023,Outpatient,28390.0
Haematology,2023-02-23,2023,Outpatient,9235.0
Hepato-Biliary Surgery,2023-02-23,2023,Outpatient,112.0
Infectious Diseases,2023-02-23,2023,Outpatient,1445.0
Maxillo-Facial,2023-02-23,2023,Outpatient,2948.0
Metabolic Medicine,2023-02-23,2023,Outpatient,181.0
Microbiology,2023-02-23,2023,Outpatient,20.0
Nephrology,2023-02-23,2023,Outpatient,3389.0
Neurology,2023-02-23,2023,Outpatient,23319.0
Neurosurgery,2023-02-23,2023,Outpatient,8999.0
Oncology,2023-02-23,2023,Outpatient,513.0
Ophthalmology,2023-02-23,2023,Outpatient,33541.0
Oral Surgery,2023-02-23,2023,Outpatient,2272.0
Orthopaedics,2023-02-23,2023,Outpatient,65644.0
Otolaryngology (ENT),2023-02-23,2023,Outpatient,42623.0
Paediatric Dermatology,2023-02-23,2023,Outpatient,46.0
Paediatric ENT,2023-02-23,2023,Outpatient,21.0
Paediatric Neurology,2023-02-23,2023,Outpatient,26.0
Paediatric Surgery,2023-02-23,2023,Outpatient,21.0
Paediatrics,2023-02-23,2023,Outpatient,184.0
Pain Relief,2023-02-23,2023,Outpatient,14437.0
Pathology,2023-02-23,2023,Outpatient,177.0
Plastic Surgery,2023-02-23,2023,Outpatient,17203.0
Psychiatry,2023-02-23,2023,Outpatient,512.0
Radiology,2023-02-23,2023,Outpatient,23.0
Radiotherapy,2023-02-23,2023,Outpatient,61.0
Respiratory Medicine,2023-02-23,2023,Outpatient,19979.0
Rheumatology,2023-02-23,2023,Outpatient,15217.0
Small Volume Specialities,2023-02-23,2023,Outpatient,92.0
Urology,2023-02-23,2023,Outpatient,25156.0
Vascular Surgery,2023-02-23,2023,Outpatient,13856.0
Cardio-Thoracic Surgery,2023-02-23,2023,Outpatient,68.0
Cardiology,2023-02-23,2023,Outpatient,61.0
Clinical (Medical) Genetics,2023-02-23,2023,Outpatient,1275.0
Clinical Immunology,2023-02-23,2023,Outpatient,774.0
Dental Surgery,2023-02-23,2023,Outpatient,482.0
Dermatology,2023-02-23,2023,Outpatient,2838.0
Developmental Paediatrics,2023-02-23,2023,Outpatient,1068.0
Endocrinology,2023-02-23,2023,Outpatient,23.0
General Medicine,2023-02-23,2023,Outpatient,34.0
General Surgery,2023-02-23,2023,Outpatient,1551.0
Gynaecology,2023-02-23,2023,Outpatient,686.0
Haematology,2023-02-23,2023,Outpatient,89.0
Immunology,2023-02-23,2023,Outpatient,352.0
Maxillo-Facial,2023-02-23,2023,Outpatient,196.0
Neurology,2023-02-23,2023,Outpatient,48.0
Ophthalmology,2023-02-23,2023,Outpatient,4288.0
Oral Surgery,2023-02-23,2023,Outpatient,223.0
Orthopaedics,2023-02-23,2023,Outpatient,2843.0
Otolaryngology (ENT),2023-02-23,2023,Outpatient,9284.0
Paed Cardiology,2023-02-23,2023,Outpatient,4305.0
Paed Endocrinology,2023-02-23,2023,Outpatient,872.0
Paed Gastro-Enterol,2023-02-23,2023,Outpatient,828.0
Paed Haematology,2023-02-23,2023,Outpatient,249.0
Paed Metabolic Medicine,2023-02-23,2023,Outpatient,57.0
Paed Nephrology,2023-02-23,2023,Outpatient,423.0
Paed Orthopaedic,2023-02-23,2023,Outpatient,3860.0
Paediatric Dermatology,2023-02-23,2023,Outpatient,6779.0
Paediatric ENT,2023-02-23,2023,Outpatient,6621.0
Paediatric Infectious Diseases,2023-02-23,2023,Outpatient,67.0
Paediatric Neurology,2023-02-23,2023,Outpatient,1270.0
Paediatric Neurosurgery,2023-02-23,2023,Outpatient,55.0
Paediatric Respiratory Medicine,2023-02-23,2023,Outpatient,2016.0
Paediatric Surgery,2023-02-23,2023,Outpatient,4647.0
Paediatric Urology,2023-02-23,2023,Outpatient,1109.0
Paediatrics,2023-02-23,2023,Outpatient,20499.0
Pain Relief,2023-02-23,2023,Outpatient,27.0
Plastic Surgery,2023-02-23,2023,Outpatient,1666.0
Rheumatology,2023-02-23,2023,Outpatient,1305.0
Small Volume Specialities,2023-02-23,2023,Outpatient,108.0
Urology,2023-02-23,2023,Outpatient,2006.0
Vascular Surgery,2023-02-23,2023,Outpatient,25.0
Breast Surgery,2023-03-30,2023,Outpatient,2116.0
Cardio-Thoracic Surgery,2023-03-30,2023,Outpatient,378.0
Cardiology,2023-03-30,2023,Outpatient,34699.0
Chemical Pathology,2023-03-30,2023,Outpatient,105.0
Clinical (Medical) Genetics,2023-03-30,2023,Outpatient,3067.0
Clinical Immunology,2023-03-30,2023,Outpatient,2055.0
Clinical Neurophysiology,2023-03-30,2023,Outpatient,2039.0
Dermatology,2023-03-30,2023,Outpatient,41577.0
Diabetes Mellitus,2023-03-30,2023,Outpatient,2021.0
Endocrinology,2023-03-30,2023,Outpatient,18951.0
Gastro-Enterology,2023-03-30,2023,Outpatient,15405.0
Gastro-Intestinal Surgery,2023-03-30,2023,Outpatient,400.0
General Medicine,2023-03-30,2023,Outpatient,20949.0
General Surgery,2023-03-30,2023,Outpatient,35554.0
Geriatric Medicine,2023-03-30,2023,Outpatient,3517.0
Gynaecology,2023-03-30,2023,Outpatient,28049.0
Haematology,2023-03-30,2023,Outpatient,9194.0
Hepato-Biliary Surgery,2023-03-30,2023,Outpatient,103.0
Infectious Diseases,2023-03-30,2023,Outpatient,1423.0
Maxillo-Facial,2023-03-30,2023,Outpatient,2800.0
Metabolic Medicine,2023-03-30,2023,Outpatient,160.0
Microbiology,2023-03-30,2023,Outpatient,30.0
Nephrology,2023-03-30,2023,Outpatient,3436.0
Neurology,2023-03-30,2023,Outpatient,23238.0
Neurosurgery,2023-03-30,2023,Outpatient,9292.0
Oncology,2023-03-30,2023,Outpatient,643.0
Ophthalmology,2023-03-30,2023,Outpatient,33549.0
Oral Surgery,2023-03-30,2023,Outpatient,2311.0
Orthopaedics,2023-03-30,2023,Outpatient,64837.0
Otolaryngology (ENT),2023-03-30,2023,Outpatient,41109.0
Paediatric Dermatology,2023-03-30,2023,Outpatient,54.0
Paediatric Neurology,2023-03-30,2023,Outpatient,22.0
Paediatrics,2023-03-30,2023,Outpatient,208.0
Pain Relief,2023-03-30,2023,Outpatient,14469.0
Pathology,2023-03-30,2023,Outpatient,189.0
Plastic Surgery,2023-03-30,2023,Outpatient,16604.0
Psychiatry,2023-03-30,2023,Outpatient,548.0
Radiology,2023-03-30,2023,Outpatient,239.0
Radiotherapy,2023-03-30,2023,Outpatient,41.0
Respiratory Medicine,2023-03-30,2023,Outpatient,20317.0
Rheumatology,2023-03-30,2023,Outpatient,14621.0
Small Volume Specialities,2023-03-30,2023,Outpatient,135.0
Urology,2023-03-30,2023,Outpatient,24558.0
Vascular Surgery,2023-03-30,2023,Outpatient,13914.0
Cardio-Thoracic Surgery,2023-03-30,2023,Outpatient,50.0
Cardiology,2023-03-30,2023,Outpatient,61.0
Clinical (Medical) Genetics,2023-03-30,2023,Outpatient,1299.0
Clinical Immunology,2023-03-30,2023,Outpatient,824.0
Dental Surgery,2023-03-30,2023,Outpatient,448.0
Dermatology,2023-03-30,2023,Outpatient,2933.0
Developmental Paediatrics,2023-03-30,2023,Outpatient,1028.0
Endocrinology,2023-03-30,2023,Outpatient,24.0
Gastro-Enterology,2023-03-30,2023,Outpatient,27.0
General Medicine,2023-03-30,2023,Outpatient,37.0
General Surgery,2023-03-30,2023,Outpatient,1598.0
Gynaecology,2023-03-30,2023,Outpatient,690.0
Haematology,2023-03-30,2023,Outpatient,89.0
Immunology,2023-03-30,2023,Outpatient,347.0
Maxillo-Facial,2023-03-30,2023,Outpatient,196.0
Neurology,2023-03-30,2023,Outpatient,45.0
Ophthalmology,2023-03-30,2023,Outpatient,4124.0
Oral Surgery,2023-03-30,2023,Outpatient,232.0
Orthopaedics,2023-03-30,2023,Outpatient,2860.0
Otolaryngology (ENT),2023-03-30,2023,Outpatient,9471.0
Paed Cardiology,2023-03-30,2023,Outpatient,4142.0
Paed Endocrinology,2023-03-30,2023,Outpatient,810.0
Paed Gastro-Enterol,2023-03-30,2023,Outpatient,797.0
Paed Haematology,2023-03-30,2023,Outpatient,238.0
Paed Metabolic Medicine,2023-03-30,2023,Outpatient,48.0
Paed Nephrology,2023-03-30,2023,Outpatient,429.0
Paed Orthopaedic,2023-03-30,2023,Outpatient,3875.0
Paediatric Dermatology,2023-03-30,2023,Outpatient,6750.0
Paediatric ENT,2023-03-30,2023,Outpatient,7066.0
Paediatric Infectious Diseases,2023-03-30,2023,Outpatient,68.0
Paediatric Neurology,2023-03-30,2023,Outpatient,1297.0
Paediatric Neurosurgery,2023-03-30,2023,Outpatient,44.0
Paediatric Respiratory Medicine,2023-03-30,2023,Outpatient,2005.0
Paediatric Surgery,2023-03-30,2023,Outpatient,4718.0
Paediatric Urology,2023-03-30,2023,Outpatient,1096.0
Paediatrics,2023-03-30,2023,Outpatient,21128.0
Pain Relief,2023-03-30,2023,Outpatient,32.0
Plastic Surgery,2023-03-30,2023,Outpatient,1597.0
Rheumatology,2023-03-30,2023,Outpatient,1278.0
Small Volume Specialities,2023-03-30,2023,Outpatient,86.0
Urology,2023-03-30,2023,Outpatient,2025.0
Vascular Surgery,2023-03-30,2023,Outpatient,21.0
Breast Surgery,2023-04-27,2023,Outpatient,2080.0
Cardio-Thoracic Surgery,2023-04-27,2023,Outpatient,386.0
Cardiology,2023-04-27,2023,Outpatient,34780.0
Chemical Pathology,2023-04-27,2023,Outpatient,100.0
Clinical (Medical) Genetics,2023-04-27,2023,Outpatient,3064.0
Clinical Immunology,2023-04-27,2023,Outpatient,2081.0
Clinical Neurophysiology,2023-04-27,2023,Outpatient,1972.0
Dermatology,2023-04-27,2023,Outpatient,41854.0
Diabetes Mellitus,2023-04-27,2023,Outpatient,2191.0
Endocrinology,2023-04-27,2023,Outpatient,19251.0
Gastro-Enterology,2023-04-27,2023,Outpatient,15555.0
Gastro-Intestinal Surgery,2023-04-27,2023,Outpatient,325.0
General Medicine,2023-04-27,2023,Outpatient,21329.0
General Surgery,2023-04-27,2023,Outpatient,35569.0
Geriatric Medicine,2023-04-27,2023,Outpatient,3564.0
Gynaecology,2023-04-27,2023,Outpatient,28295.0
Haematology,2023-04-27,2023,Outpatient,9515.0
Hepato-Biliary Surgery,2023-04-27,2023,Outpatient,95.0
Infectious Diseases,2023-04-27,2023,Outpatient,1465.0
Maxillo-Facial,2023-04-27,2023,Outpatient,2835.0
Metabolic Medicine,2023-04-27,2023,Outpatient,156.0
Microbiology,2023-04-27,2023,Outpatient,36.0
Nephrology,2023-04-27,2023,Outpatient,3431.0
Neurology,2023-04-27,2023,Outpatient,23272.0
Neurosurgery,2023-04-27,2023,Outpatient,9584.0
Oncology,2023-04-27,2023,Outpatient,599.0
Ophthalmology,2023-04-27,2023,Outpatient,33524.0
Oral Surgery,2023-04-27,2023,Outpatient,2277.0
Orthopaedics,2023-04-27,2023,Outpatient,63987.0
Otolaryngology (ENT),2023-04-27,2023,Outpatient,40694.0
Paediatric Dermatology,2023-04-27,2023,Outpatient,52.0
Paediatric ENT,2023-04-27,2023,Outpatient,22.0
Paediatric Neurology,2023-04-27,2023,Outpatient,20.0
Paediatric Surgery,2023-04-27,2023,Outpatient,20.0
Paediatrics,2023-04-27,2023,Outpatient,196.0
Pain Relief,2023-04-27,2023,Outpatient,14398.0
Palliative Medicine,2023-04-27,2023,Outpatient,26.0
Pathology,2023-04-27,2023,Outpatient,191.0
Plastic Surgery,2023-04-27,2023,Outpatient,16700.0
Psychiatry,2023-04-27,2023,Outpatient,499.0
Radiotherapy,2023-04-27,2023,Outpatient,53.0
Respiratory Medicine,2023-04-27,2023,Outpatient,20859.0
Rheumatology,2023-04-27,2023,Outpatient,14488.0
Small Volume Specialities,2023-04-27,2023,Outpatient,92.0
Urology,2023-04-27,2023,Outpatient,24839.0
Vascular Surgery,2023-04-27,2023,Outpatient,13855.0
Cardio-Thoracic Surgery,2023-04-27,2023,Outpatient,41.0
Cardiology,2023-04-27,2023,Outpatient,66.0
Clinical (Medical) Genetics,2023-04-27,2023,Outpatient,1260.0
Clinical Immunology,2023-04-27,2023,Outpatient,826.0
Dental Surgery,2023-04-27,2023,Outpatient,375.0
Dermatology,2023-04-27,2023,Outpatient,2943.0
Developmental Paediatrics,2023-04-27,2023,Outpatient,1038.0
Gastro-Enterology,2023-04-27,2023,Outpatient,27.0
General Medicine,2023-04-27,2023,Outpatient,44.0
General Surgery,2023-04-27,2023,Outpatient,1557.0
Gynaecology,2023-04-27,2023,Outpatient,714.0
Haematology,2023-04-27,2023,Outpatient,91.0
Immunology,2023-04-27,2023,Outpatient,363.0
Maxillo-Facial,2023-04-27,2023,Outpatient,191.0
Neurology,2023-04-27,2023,Outpatient,48.0
Ophthalmology,2023-04-27,2023,Outpatient,4089.0
Oral Surgery,2023-04-27,2023,Outpatient,229.0
Orthopaedics,2023-04-27,2023,Outpatient,2884.0
Otolaryngology (ENT),2023-04-27,2023,Outpatient,9707.0
Paed Cardiology,2023-04-27,2023,Outpatient,4034.0
Paed Endocrinology,2023-04-27,2023,Outpatient,762.0
Paed Gastro-Enterol,2023-04-27,2023,Outpatient,743.0
Paed Haematology,2023-04-27,2023,Outpatient,260.0
Paed Metabolic Medicine,2023-04-27,2023,Outpatient,50.0
Paed Nephrology,2023-04-27,2023,Outpatient,425.0
Paed Orthopaedic,2023-04-27,2023,Outpatient,3817.0
Paediatric Dermatology,2023-04-27,2023,Outpatient,6844.0
Paediatric ENT,2023-04-27,2023,Outpatient,7243.0
Paediatric Infectious Diseases,2023-04-27,2023,Outpatient,70.0
Paediatric Neurology,2023-04-27,2023,Outpatient,1162.0
Paediatric Neurosurgery,2023-04-27,2023,Outpatient,44.0
Paediatric Respiratory Medicine,2023-04-27,2023,Outpatient,2046.0
Paediatric Surgery,2023-04-27,2023,Outpatient,4576.0
Paediatric Urology,2023-04-27,2023,Outpatient,1064.0
Paediatrics,2023-04-27,2023,Outpatient,21548.0
Pain Relief,2023-04-27,2023,Outpatient,33.0
Plastic Surgery,2023-04-27,2023,Outpatient,1516.0
Rheumatology,2023-04-27,2023,Outpatient,1263.0
Small Volume Specialities,2023-04-27,2023,Outpatient,122.0
Urology,2023-04-27,2023,Outpatient,1973.0
Breast Surgery,2023-05-25,2023,Outpatient,2112.0
Cardio-Thoracic Surgery,2023-05-25,2023,Outpatient,367.0
Cardiology,2023-05-25,2023,Outpatient,35071.0
Chemical Pathology,2023-05-25,2023,Outpatient,101.0
Clinical (Medical) Genetics,2023-05-25,2023,Outpatient,3146.0
Clinical Immunology,2023-05-25,2023,Outpatient,2176.0
Clinical Neurophysiology,2023-05-25,2023,Outpatient,1870.0
Dermatology,2023-05-25,2023,Outpatient,42964.0
Diabetes Mellitus,2023-05-25,2023,Outpatient,2172.0
Endocrinology,2023-05-25,2023,Outpatient,19812.0
Gastro-Enterology,2023-05-25,2023,Outpatient,15607.0
Gastro-Intestinal Surgery,2023-05-25,2023,Outpatient,263.0
General Medicine,2023-05-25,2023,Outpatient,21465.0
General Surgery,2023-05-25,2023,Outpatient,35349.0
Geriatric Medicine,2023-05-25,2023,Outpatient,3783.0
Gynaecology,2023-05-25,2023,Outpatient,28755.0
Haematology,2023-05-25,2023,Outpatient,9328.0
Hepato-Biliary Surgery,2023-05-25,2023,Outpatient,98.0
Infectious Diseases,2023-05-25,2023,Outpatient,1655.0
Maxillo-Facial,2023-05-25,2023,Outpatient,2948.0
Metabolic Medicine,2023-05-25,2023,Outpatient,123.0
Microbiology,2023-05-25,2023,Outpatient,33.0
Nephrology,2023-05-25,2023,Outpatient,3438.0
Neurology,2023-05-25,2023,Outpatient,23226.0
Neurosurgery,2023-05-25,2023,Outpatient,9342.0
Oncology,2023-05-25,2023,Outpatient,556.0
Ophthalmology,2023-05-25,2023,Outpatient,33650.0
Oral Surgery,2023-05-25,2023,Outpatient,2362.0
Orthopaedics,2023-05-25,2023,Outpatient,64663.0
Otolaryngology (ENT),2023-05-25,2023,Outpatient,40546.0
Paediatric Dermatology,2023-05-25,2023,Outpatient,50.0
Paediatrics,2023-05-25,2023,Outpatient,212.0
Pain Relief,2023-05-25,2023,Outpatient,14613.0
Palliative Medicine,2023-05-25,2023,Outpatient,26.0
Pathology,2023-05-25,2023,Outpatient,188.0
Plastic Surgery,2023-05-25,2023,Outpatient,16730.0
Psychiatry,2023-05-25,2023,Outpatient,480.0
Radiotherapy,2023-05-25,2023,Outpatient,34.0
Respiratory Medicine,2023-05-25,2023,Outpatient,21547.0
Rheumatology,2023-05-25,2023,Outpatient,14555.0
Small Volume Specialities,2023-05-25,2023,Outpatient,145.0
Urology,2023-05-25,2023,Outpatient,24745.0
Vascular Surgery,2023-05-25,2023,Outpatient,13667.0
Cardio-Thoracic Surgery,2023-05-25,2023,Outpatient,45.0
Cardiology,2023-05-25,2023,Outpatient,78.0
Clinical (Medical) Genetics,2023-05-25,2023,Outpatient,1243.0
Clinical Immunology,2023-05-25,2023,Outpatient,899.0
Dental Surgery,2023-05-25,2023,Outpatient,307.0
Dermatology,2023-05-25,2023,Outpatient,3018.0
Developmental Paediatrics,2023-05-25,2023,Outpatient,1029.0
Gastro-Enterology,2023-05-25,2023,Outpatient,30.0
General Medicine,2023-05-25,2023,Outpatient,39.0
General Surgery,2023-05-25,2023,Outpatient,1519.0
Gynaecology,2023-05-25,2023,Outpatient,726.0
Haematology,2023-05-25,2023,Outpatient,91.0
Immunology,2023-05-25,2023,Outpatient,348.0
Maxillo-Facial,2023-05-25,2023,Outpatient,198.0
Neurology,2023-05-25,2023,Outpatient,47.0
Ophthalmology,2023-05-25,2023,Outpatient,4088.0
Oral Surgery,2023-05-25,2023,Outpatient,228.0
Orthopaedics,2023-05-25,2023,Outpatient,2993.0
Otolaryngology (ENT),2023-05-25,2023,Outpatient,9909.0
Paed Cardiology,2023-05-25,2023,Outpatient,4011.0
Paed Endocrinology,2023-05-25,2023,Outpatient,768.0
Paed Gastro-Enterol,2023-05-25,2023,Outpatient,825.0
Paed Haematology,2023-05-25,2023,Outpatient,241.0
Paed Metabolic Medicine,2023-05-25,2023,Outpatient,49.0
Paed Nephrology,2023-05-25,2023,Outpatient,432.0
Paed Orthopaedic,2023-05-25,2023,Outpatient,3872.0
Paediatric Dermatology,2023-05-25,2023,Outpatient,6943.0
Paediatric ENT,2023-05-25,2023,Outpatient,7499.0
Paediatric Infectious Diseases,2023-05-25,2023,Outpatient,76.0
Paediatric Neurology,2023-05-25,2023,Outpatient,1136.0
Paediatric Neurosurgery,2023-05-25,2023,Outpatient,34.0
Paediatric Respiratory Medicine,2023-05-25,2023,Outpatient,2068.0
Paediatric Surgery,2023-05-25,2023,Outpatient,4455.0
Paediatric Urology,2023-05-25,2023,Outpatient,1077.0
Paediatrics,2023-05-25,2023,Outpatient,21693.0
Pain Relief,2023-05-25,2023,Outpatient,36.0
Plastic Surgery,2023-05-25,2023,Outpatient,1548.0
Respiratory Medicine,2023-05-25,2023,Outpatient,22.0
Rheumatology,2023-05-25,2023,Outpatient,1262.0
Small Volume Specialities,2023-05-25,2023,Outpatient,110.0
Urology,2023-05-25,2023,Outpatient,1924.0
Breast Surgery,2023-06-29,2023,Outpatient,1910.0
Cardio-Thoracic Surgery,2023-06-29,2023,Outpatient,370.0
Cardiology,2023-06-29,2023,Outpatient,36946.0
Chemical Pathology,2023-06-29,2023,Outpatient,83.0
Clinical (Medical) Genetics,2023-06-29,2023,Outpatient,3275.0
Clinical Immunology,2023-06-29,2023,Outpatient,2257.0
Clinical Neurophysiology,2023-06-29,2023,Outpatient,1880.0
Dermatology,2023-06-29,2023,Outpatient,44330.0
Diabetes Mellitus,2023-06-29,2023,Outpatient,2051.0
Endocrinology,2023-06-29,2023,Outpatient,19348.0
Gastro-Enterology,2023-06-29,2023,Outpatient,15976.0
Gastro-Intestinal Surgery,2023-06-29,2023,Outpatient,253.0
General Medicine,2023-06-29,2023,Outpatient,19103.0
General Surgery,2023-06-29,2023,Outpatient,35641.0
Geriatric Medicine,2023-06-29,2023,Outpatient,3831.0
Gynaecology,2023-06-29,2023,Outpatient,28659.0
Haematology,2023-06-29,2023,Outpatient,9192.0
Hepato-Biliary Surgery,2023-06-29,2023,Outpatient,94.0
Infectious Diseases,2023-06-29,2023,Outpatient,1475.0
Maxillo-Facial,2023-06-29,2023,Outpatient,5203.0
Metabolic Medicine,2023-06-29,2023,Outpatient,116.0
Microbiology,2023-06-29,2023,Outpatient,29.0
Nephrology,2023-06-29,2023,Outpatient,3569.0
Neurology,2023-06-29,2023,Outpatient,22874.0
Neurosurgery,2023-06-29,2023,Outpatient,9585.0
Oncology,2023-06-29,2023,Outpatient,583.0
Ophthalmology,2023-06-29,2023,Outpatient,33673.0
Orthopaedics,2023-06-29,2023,Outpatient,64867.0
Otolaryngology (ENT),2023-06-29,2023,Outpatient,39114.0
Paediatric Dermatology,2023-06-29,2023,Outpatient,48.0
Paediatric Neurology,2023-06-29,2023,Outpatient,21.0
Paediatrics,2023-06-29,2023,Outpatient,212.0
Pain Relief,2023-06-29,2023,Outpatient,14649.0
Palliative Medicine,2023-06-29,2023,Outpatient,26.0
Pathology,2023-06-29,2023,Outpatient,198.0
Plastic Surgery,2023-06-29,2023,Outpatient,16744.0
Psychiatry,2023-06-29,2023,Outpatient,494.0
Radiotherapy,2023-06-29,2023,Outpatient,48.0
Respiratory Medicine,2023-06-29,2023,Outpatient,21630.0
Rheumatology,2023-06-29,2023,Outpatient,14504.0
Small Volume Specialities,2023-06-29,2023,Outpatient,118.0
Urology,2023-06-29,2023,Outpatient,23695.0
Vascular Surgery,2023-06-29,2023,Outpatient,13888.0
Cardio-Thoracic Surgery,2023-06-29,2023,Outpatient,64.0
Cardiology,2023-06-29,2023,Outpatient,77.0
Clinical (Medical) Genetics,2023-06-29,2023,Outpatient,1206.0
Clinical Immunology,2023-06-29,2023,Outpatient,923.0
Dental Surgery,2023-06-29,2023,Outpatient,318.0
Dermatology,2023-06-29,2023,Outpatient,3078.0
Developmental Paediatrics,2023-06-29,2023,Outpatient,988.0
Gastro-Enterology,2023-06-29,2023,Outpatient,32.0
General Medicine,2023-06-29,2023,Outpatient,31.0
General Surgery,2023-06-29,2023,Outpatient,1551.0
Gynaecology,2023-06-29,2023,Outpatient,741.0
Haematology,2023-06-29,2023,Outpatient,88.0
Immunology,2023-06-29,2023,Outpatient,336.0
Maxillo-Facial,2023-06-29,2023,Outpatient,427.0
Neurology,2023-06-29,2023,Outpatient,40.0
Ophthalmology,2023-06-29,2023,Outpatient,3968.0
Orthopaedics,2023-06-29,2023,Outpatient,2984.0
Otolaryngology (ENT),2023-06-29,2023,Outpatient,9729.0
Paed Cardiology,2023-06-29,2023,Outpatient,4129.0
Paed Endocrinology,2023-06-29,2023,Outpatient,731.0
Paed Gastro-Enterol,2023-06-29,2023,Outpatient,851.0
Paed Haematology,2023-06-29,2023,Outpatient,252.0
Paed Metabolic Medicine,2023-06-29,2023,Outpatient,45.0
Paed Nephrology,2023-06-29,2023,Outpatient,455.0
Paed Orthopaedic,2023-06-29,2023,Outpatient,3949.0
Paediatric Dermatology,2023-06-29,2023,Outpatient,6710.0
Paediatric ENT,2023-06-29,2023,Outpatient,7454.0
Paediatric Infectious Diseases,2023-06-29,2023,Outpatient,55.0
Paediatric Neurology,2023-06-29,2023,Outpatient,1096.0
Paediatric Neurosurgery,2023-06-29,2023,Outpatient,28.0
Paediatric Respiratory Medicine,2023-06-29,2023,Outpatient,1908.0
Paediatric Surgery,2023-06-29,2023,Outpatient,4245.0
Paediatric Urology,2023-06-29,2023,Outpatient,1103.0
Paediatrics,2023-06-29,2023,Outpatient,21309.0
Pain Relief,2023-06-29,2023,Outpatient,27.0
Plastic Surgery,2023-06-29,2023,Outpatient,1461.0
Respiratory Medicine,2023-06-29,2023,Outpatient,24.0
Rheumatology,2023-06-29,2023,Outpatient,1250.0
Small Volume Specialities,2023-06-29,2023,Outpatient,89.0
Urology,2023-06-29,2023,Outpatient,1918.0
Breast Surgery,2023-07-27,2023,Outpatient,2125.0
Cardio-Thoracic Surgery,2023-07-27,2023,Outpatient,404.0
Cardiology,2023-07-27,2023,Outpatient,36584.0
Chemical Pathology,2023-07-27,2023,Outpatient,63.0
Clinical (Medical) Genetics,2023-07-27,2023,Outpatient,3359.0
Clinical Immunology,2023-07-27,2023,Outpatient,2334.0
Clinical Neurophysiology,2023-07-27,2023,Outpatient,1736.0
Dermatology,2023-07-27,2023,Outpatient,45587.0
Diabetes Mellitus,2023-07-27,2023,Outpatient,2057.0
Endocrinology,2023-07-27,2023,Outpatient,19628.0
Gastro-Enterology,2023-07-27,2023,Outpatient,16396.0
Gastro-Intestinal Surgery,2023-07-27,2023,Outpatient,269.0
General Medicine,2023-07-27,2023,Outpatient,18940.0
General Surgery,2023-07-27,2023,Outpatient,36104.0
Geriatric Medicine,2023-07-27,2023,Outpatient,3854.0
Gynaecology,2023-07-27,2023,Outpatient,29179.0
Haematology,2023-07-27,2023,Outpatient,9197.0
Hepato-Biliary Surgery,2023-07-27,2023,Outpatient,97.0
Infectious Diseases,2023-07-27,2023,Outpatient,1307.0
Maxillo-Facial,2023-07-27,2023,Outpatient,4498.0
Metabolic Medicine,2023-07-27,2023,Outpatient,121.0
Microbiology,2023-07-27,2023,Outpatient,28.0
Nephrology,2023-07-27,2023,Outpatient,3773.0
Neurology,2023-07-27,2023,Outpatient,22968.0
Neurosurgery,2023-07-27,2023,Outpatient,9929.0
Oncology,2023-07-27,2023,Outpatient,570.0
Ophthalmology,2023-07-27,2023,Outpatient,33631.0
Orthopaedics,2023-07-27,2023,Outpatient,64975.0
Otolaryngology (ENT),2023-07-27,2023,Outpatient,39260.0
Paediatric Dermatology,2023-07-27,2023,Outpatient,45.0
Paediatric Neurology,2023-07-27,2023,Outpatient,24.0
Paediatrics,2023-07-27,2023,Outpatient,232.0
Pain Relief,2023-07-27,2023,Outpatient,14862.0
Palliative Medicine,2023-07-27,2023,Outpatient,39.0
Pathology,2023-07-27,2023,Outpatient,176.0
Plastic Surgery,2023-07-27,2023,Outpatient,16762.0
Psychiatry,2023-07-27,2023,Outpatient,485.0
Radiology,2023-07-27,2023,Outpatient,40.0
Radiotherapy,2023-07-27,2023,Outpatient,40.0
Respiratory Medicine,2023-07-27,2023,Outpatient,21629.0
Rheumatology,2023-07-27,2023,Outpatient,14511.0
Small Volume Specialities,2023-07-27,2023,Outpatient,128.0
Urology,2023-07-27,2023,Outpatient,23312.0
Vascular Surgery,2023-07-27,2023,Outpatient,14261.0
Cardio-Thoracic Surgery,2023-07-27,2023,Outpatient,60.0
Cardiology,2023-07-27,2023,Outpatient,80.0
Clinical (Medical) Genetics,2023-07-27,2023,Outpatient,1221.0
Clinical Immunology,2023-07-27,2023,Outpatient,869.0
Dental Surgery,2023-07-27,2023,Outpatient,319.0
Dermatology,2023-07-27,2023,Outpatient,3168.0
Developmental Paediatrics,2023-07-27,2023,Outpatient,1101.0
Gastro-Enterology,2023-07-27,2023,Outpatient,31.0
General Medicine,2023-07-27,2023,Outpatient,31.0
General Surgery,2023-07-27,2023,Outpatient,1533.0
Gynaecology,2023-07-27,2023,Outpatient,732.0
Haematology,2023-07-27,2023,Outpatient,85.0
Immunology,2023-07-27,2023,Outpatient,328.0
Maxillo-Facial,2023-07-27,2023,Outpatient,436.0
Neurology,2023-07-27,2023,Outpatient,38.0
Ophthalmology,2023-07-27,2023,Outpatient,3923.0
Orthopaedics,2023-07-27,2023,Outpatient,2994.0
Otolaryngology (ENT),2023-07-27,2023,Outpatient,9724.0
Paed Cardiology,2023-07-27,2023,Outpatient,4372.0
Paed Endocrinology,2023-07-27,2023,Outpatient,723.0
Paed Gastro-Enterol,2023-07-27,2023,Outpatient,878.0
Paed Haematology,2023-07-27,2023,Outpatient,279.0
Paed Metabolic Medicine,2023-07-27,2023,Outpatient,49.0
Paed Nephrology,2023-07-27,2023,Outpatient,457.0
Paed Orthopaedic,2023-07-27,2023,Outpatient,3987.0
Paediatric Dermatology,2023-07-27,2023,Outpatient,6623.0
Paediatric ENT,2023-07-27,2023,Outpatient,7491.0
Paediatric Infectious Diseases,2023-07-27,2023,Outpatient,51.0
Paediatric Neurology,2023-07-27,2023,Outpatient,1069.0
Paediatric Neurosurgery,2023-07-27,2023,Outpatient,39.0
Paediatric Respiratory Medicine,2023-07-27,2023,Outpatient,1781.0
Paediatric Surgery,2023-07-27,2023,Outpatient,4316.0
Paediatric Urology,2023-07-27,2023,Outpatient,1087.0
Paediatrics,2023-07-27,2023,Outpatient,20957.0
Pain Relief,2023-07-27,2023,Outpatient,27.0
Plastic Surgery,2023-07-27,2023,Outpatient,1469.0
Rheumatology,2023-07-27,2023,Outpatient,1248.0
Small Volume Specialities,2023-07-27,2023,Outpatient,110.0
Urology,2023-07-27,2023,Outpatient,1933.0
Breast Surgery,2023-08-31,2023,Outpatient,2120.0
Cardio-Thoracic Surgery,2023-08-31,2023,Outpatient,436.0
Cardiology,2023-08-31,2023,Outpatient,36598.0
Chemical Pathology,2023-08-31,2023,Outpatient,46.0
Clinical (Medical) Genetics,2023-08-31,2023,Outpatient,3056.0
Clinical Immunology,2023-08-31,2023,Outpatient,2413.0
Clinical Neurophysiology,2023-08-31,2023,Outpatient,1729.0
Dermatology,2023-08-31,2023,Outpatient,46453.0
Diabetes Mellitus,2023-08-31,2023,Outpatient,1888.0
Endocrinology,2023-08-31,2023,Outpatient,20012.0
Gastro-Enterology,2023-08-31,2023,Outpatient,16741.0
Gastro-Intestinal Surgery,2023-08-31,2023,Outpatient,255.0
General Medicine,2023-08-31,2023,Outpatient,19108.0
General Surgery,2023-08-31,2023,Outpatient,35824.0
Geriatric Medicine,2023-08-31,2023,Outpatient,3998.0
Gynaecology,2023-08-31,2023,Outpatient,29448.0
Haematology,2023-08-31,2023,Outpatient,9102.0
Hepato-Biliary Surgery,2023-08-31,2023,Outpatient,112.0
Infectious Diseases,2023-08-31,2023,Outpatient,1370.0
Maxillo-Facial,2023-08-31,2023,Outpatient,3920.0
Metabolic Medicine,2023-08-31,2023,Outpatient,141.0
Microbiology,2023-08-31,2023,Outpatient,30.0
Nephrology,2023-08-31,2023,Outpatient,3906.0
Neurology,2023-08-31,2023,Outpatient,23002.0
Neurosurgery,2023-08-31,2023,Outpatient,10073.0
Oncology,2023-08-31,2023,Outpatient,588.0
Ophthalmology,2023-08-31,2023,Outpatient,33049.0
Orthopaedics,2023-08-31,2023,Outpatient,65590.0
Otolaryngology (ENT),2023-08-31,2023,Outpatient,38279.0
Paediatric Dermatology,2023-08-31,2023,Outpatient,48.0
Paediatric ENT,2023-08-31,2023,Outpatient,27.0
Paediatric Neurology,2023-08-31,2023,Outpatient,23.0
Paediatrics,2023-08-31,2023,Outpatient,226.0
Pain Relief,2023-08-31,2023,Outpatient,15045.0
Palliative Medicine,2023-08-31,2023,Outpatient,33.0
Pathology,2023-08-31,2023,Outpatient,193.0
Plastic Surgery,2023-08-31,2023,Outpatient,16613.0
Psychiatry,2023-08-31,2023,Outpatient,458.0
Radiology,2023-08-31,2023,Outpatient,66.0
Radiotherapy,2023-08-31,2023,Outpatient,50.0
Respiratory Medicine,2023-08-31,2023,Outpatient,21700.0
Rheumatology,2023-08-31,2023,Outpatient,14630.0
Small Volume Specialities,2023-08-31,2023,Outpatient,127.0
Urology,2023-08-31,2023,Outpatient,23503.0
Vascular Surgery,2023-08-31,2023,Outpatient,14370.0
Cardio-Thoracic Surgery,2023-08-31,2023,Outpatient,46.0
Cardiology,2023-08-31,2023,Outpatient,76.0
Clinical (Medical) Genetics,2023-08-31,2023,Outpatient,1117.0
Clinical Immunology,2023-08-31,2023,Outpatient,826.0
Dental Surgery,2023-08-31,2023,Outpatient,355.0
Dermatology,2023-08-31,2023,Outpatient,3138.0
Developmental Paediatrics,2023-08-31,2023,Outpatient,1096.0
Gastro-Enterology,2023-08-31,2023,Outpatient,29.0
General Medicine,2023-08-31,2023,Outpatient,28.0
General Surgery,2023-08-31,2023,Outpatient,1505.0
Gynaecology,2023-08-31,2023,Outpatient,708.0
Haematology,2023-08-31,2023,Outpatient,98.0
Immunology,2023-08-31,2023,Outpatient,318.0
Maxillo-Facial,2023-08-31,2023,Outpatient,419.0
Neurology,2023-08-31,2023,Outpatient,35.0
Ophthalmology,2023-08-31,2023,Outpatient,3862.0
Orthopaedics,2023-08-31,2023,Outpatient,2947.0
Otolaryngology (ENT),2023-08-31,2023,Outpatient,9270.0
Paed Cardiology,2023-08-31,2023,Outpatient,4579.0
Paed Endocrinology,2023-08-31,2023,Outpatient,707.0
Paed Gastro-Enterol,2023-08-31,2023,Outpatient,943.0
Paed Haematology,2023-08-31,2023,Outpatient,290.0
Paed Metabolic Medicine,2023-08-31,2023,Outpatient,59.0
Paed Nephrology,2023-08-31,2023,Outpatient,481.0
Paed Orthopaedic,2023-08-31,2023,Outpatient,4021.0
Paediatric Dermatology,2023-08-31,2023,Outpatient,6602.0
Paediatric ENT,2023-08-31,2023,Outpatient,7123.0
Paediatric Infectious Diseases,2023-08-31,2023,Outpatient,57.0
Paediatric Neurology,2023-08-31,2023,Outpatient,1058.0
Paediatric Neurosurgery,2023-08-31,2023,Outpatient,32.0
Paediatric Respiratory Medicine,2023-08-31,2023,Outpatient,1677.0
Paediatric Surgery,2023-08-31,2023,Outpatient,4132.0
Paediatric Urology,2023-08-31,2023,Outpatient,1049.0
Paediatrics,2023-08-31,2023,Outpatient,20916.0
Pain Relief,2023-08-31,2023,Outpatient,23.0
Plastic Surgery,2023-08-31,2023,Outpatient,1502.0
Rheumatology,2023-08-31,2023,Outpatient,1210.0
Small Volume Specialities,2023-08-31,2023,Outpatient,111.0
Urology,2023-08-31,2023,Outpatient,1974.0
Breast Surgery,2023-09-28,2023,Outpatient,2125.0
Cardio-Thoracic Surgery,2023-09-28,2023,Outpatient,400.0
Cardiology,2023-09-28,2023,Outpatient,37220.0
Chemical Pathology,2023-09-28,2023,Outpatient,45.0
Clinical (Medical) Genetics,2023-09-28,2023,Outpatient,3060.0
Clinical Immunology,2023-09-28,2023,Outpatient,2445.0
Clinical Neurophysiology,2023-09-28,2023,Outpatient,1734.0
Dermatology,2023-09-28,2023,Outpatient,47492.0
Diabetes Mellitus,2023-09-28,2023,Outpatient,1856.0
Endocrinology,2023-09-28,2023,Outpatient,19823.0
Gastro-Enterology,2023-09-28,2023,Outpatient,16744.0
Gastro-Intestinal Surgery,2023-09-28,2023,Outpatient,260.0
General Medicine,2023-09-28,2023,Outpatient,18319.0
General Surgery,2023-09-28,2023,Outpatient,34730.0
Geriatric Medicine,2023-09-28,2023,Outpatient,3951.0
Gynaecology,2023-09-28,2023,Outpatient,29191.0
Haematology,2023-09-28,2023,Outpatient,8934.0
Hepato-Biliary Surgery,2023-09-28,2023,Outpatient,96.0
Infectious Diseases,2023-09-28,2023,Outpatient,1379.0
Maxillo-Facial,2023-09-28,2023,Outpatient,4119.0
Metabolic Medicine,2023-09-28,2023,Outpatient,132.0
Microbiology,2023-09-28,2023,Outpatient,28.0
Nephrology,2023-09-28,2023,Outpatient,3816.0
Neurology,2023-09-28,2023,Outpatient,22750.0
Neurosurgery,2023-09-28,2023,Outpatient,10042.0
Oncology,2023-09-28,2023,Outpatient,531.0
Ophthalmology,2023-09-28,2023,Outpatient,33525.0
Orthopaedics,2023-09-28,2023,Outpatient,65716.0
Otolaryngology (ENT),2023-09-28,2023,Outpatient,37597.0
Paediatric Dermatology,2023-09-28,2023,Outpatient,40.0
Paediatric Neurology,2023-09-28,2023,Outpatient,23.0
Paediatrics,2023-09-28,2023,Outpatient,228.0
Pain Relief,2023-09-28,2023,Outpatient,15073.0
Palliative Medicine,2023-09-28,2023,Outpatient,36.0
Pathology,2023-09-28,2023,Outpatient,190.0
Plastic Surgery,2023-09-28,2023,Outpatient,16085.0
Psychiatry,2023-09-28,2023,Outpatient,430.0
Radiotherapy,2023-09-28,2023,Outpatient,49.0
Rehabilitation Medicine,2023-09-28,2023,Outpatient,24.0
Respiratory Medicine,2023-09-28,2023,Outpatient,21798.0
Rheumatology,2023-09-28,2023,Outpatient,14427.0
Small Volume Specialities,2023-09-28,2023,Outpatient,140.0
Urology,2023-09-28,2023,Outpatient,22810.0
Vascular Surgery,2023-09-28,2023,Outpatient,14242.0
Cardio-Thoracic Surgery,2023-09-28,2023,Outpatient,43.0
Cardiology,2023-09-28,2023,Outpatient,80.0
Clinical (Medical) Genetics,2023-09-28,2023,Outpatient,993.0
Clinical Immunology,2023-09-28,2023,Outpatient,851.0
Dental Surgery,2023-09-28,2023,Outpatient,368.0
Dermatology,2023-09-28,2023,Outpatient,3211.0
Developmental Paediatrics,2023-09-28,2023,Outpatient,1080.0
Gastro-Enterology,2023-09-28,2023,Outpatient,27.0
General Medicine,2023-09-28,2023,Outpatient,23.0
General Surgery,2023-09-28,2023,Outpatient,1539.0
Gynaecology,2023-09-28,2023,Outpatient,711.0
Haematology,2023-09-28,2023,Outpatient,112.0
Immunology,2023-09-28,2023,Outpatient,318.0
Maxillo-Facial,2023-09-28,2023,Outpatient,413.0
Neurology,2023-09-28,2023,Outpatient,34.0
Ophthalmology,2023-09-28,2023,Outpatient,3793.0
Orthopaedics,2023-09-28,2023,Outpatient,2957.0
Otolaryngology (ENT),2023-09-28,2023,Outpatient,8770.0
Paed Cardiology,2023-09-28,2023,Outpatient,4489.0
Paed Endocrinology,2023-09-28,2023,Outpatient,702.0
Paed Gastro-Enterol,2023-09-28,2023,Outpatient,906.0
Paed Haematology,2023-09-28,2023,Outpatient,283.0
Paed Metabolic Medicine,2023-09-28,2023,Outpatient,50.0
Paed Nephrology,2023-09-28,2023,Outpatient,509.0
Paed Orthopaedic,2023-09-28,2023,Outpatient,4155.0
Paediatric Dermatology,2023-09-28,2023,Outpatient,6444.0
Paediatric ENT,2023-09-28,2023,Outpatient,6942.0
Paediatric Infectious Diseases,2023-09-28,2023,Outpatient,46.0
Paediatric Neurology,2023-09-28,2023,Outpatient,1075.0
Paediatric Neurosurgery,2023-09-28,2023,Outpatient,34.0
Paediatric Respiratory Medicine,2023-09-28,2023,Outpatient,1617.0
Paediatric Surgery,2023-09-28,2023,Outpatient,4063.0
Paediatric Urology,2023-09-28,2023,Outpatient,1056.0
Paediatrics,2023-09-28,2023,Outpatient,20944.0
Pain Relief,2023-09-28,2023,Outpatient,35.0
Plastic Surgery,2023-09-28,2023,Outpatient,1458.0
Rheumatology,2023-09-28,2023,Outpatient,1178.0
Small Volume Specialities,2023-09-28,2023,Outpatient,101.0
Urology,2023-09-28,2023,Outpatient,2016.0
Breast Surgery,2023-10-26,2023,Outpatient,2377.0
Cardio-Thoracic Surgery,2023-10-26,2023,Outpatient,393.0
Cardiology,2023-10-26,2023,Outpatient,36599.0
Chemical Pathology,2023-10-26,2023,Outpatient,61.0
Clinical (Medical) Genetics,2023-10-26,2023,Outpatient,3045.0
Clinical Immunology,2023-10-26,2023,Outpatient,2537.0
Clinical Neurophysiology,2023-10-26,2023,Outpatient,1730.0
Dermatology,2023-10-26,2023,Outpatient,48828.0
Diabetes Mellitus,2023-10-26,2023,Outpatient,1852.0
Endocrinology,2023-10-26,2023,Outpatient,19721.0
Gastro-Enterology,2023-10-26,2023,Outpatient,16447.0
Gastro-Intestinal Surgery,2023-10-26,2023,Outpatient,268.0
General Medicine,2023-10-26,2023,Outpatient,17431.0
General Surgery,2023-10-26,2023,Outpatient,33701.0
Geriatric Medicine,2023-10-26,2023,Outpatient,4065.0
Gynaecology,2023-10-26,2023,Outpatient,29007.0
Haematology,2023-10-26,2023,Outpatient,9054.0
Hepato-Biliary Surgery,2023-10-26,2023,Outpatient,78.0
Infectious Diseases,2023-10-26,2023,Outpatient,1368.0
Maxillo-Facial,2023-10-26,2023,Outpatient,4020.0
Metabolic Medicine,2023-10-26,2023,Outpatient,134.0
Microbiology,2023-10-26,2023,Outpatient,38.0
Nephrology,2023-10-26,2023,Outpatient,3700.0
Neurology,2023-10-26,2023,Outpatient,21965.0
Neurosurgery,2023-10-26,2023,Outpatient,9846.0
Oncology,2023-10-26,2023,Outpatient,583.0
Ophthalmology,2023-10-26,2023,Outpatient,33627.0
Orthopaedics,2023-10-26,2023,Outpatient,65619.0
Other,2023-10-26,2023,Outpatient,25.0
Otolaryngology (ENT),2023-10-26,2023,Outpatient,36438.0
Paediatric Dermatology,2023-10-26,2023,Outpatient,35.0
Paediatrics,2023-10-26,2023,Outpatient,244.0
Pain Relief,2023-10-26,2023,Outpatient,14807.0
Palliative Medicine,2023-10-26,2023,Outpatient,35.0
Pathology,2023-10-26,2023,Outpatient,183.0
Plastic Surgery,2023-10-26,2023,Outpatient,15734.0
Psychiatry,2023-10-26,2023,Outpatient,395.0
Radiotherapy,2023-10-26,2023,Outpatient,57.0
Rehabilitation Medicine,2023-10-26,2023,Outpatient,26.0
Respiratory Medicine,2023-10-26,2023,Outpatient,21282.0
Rheumatology,2023-10-26,2023,Outpatient,13508.0
Small Volume Specialities,2023-10-26,2023,Outpatient,133.0
Urology,2023-10-26,2023,Outpatient,22563.0
Vascular Surgery,2023-10-26,2023,Outpatient,13897.0
Cardio-Thoracic Surgery,2023-10-26,2023,Outpatient,53.0
Cardiology,2023-10-26,2023,Outpatient,88.0
Clinical (Medical) Genetics,2023-10-26,2023,Outpatient,865.0
Clinical Immunology,2023-10-26,2023,Outpatient,834.0
Dental Surgery,2023-10-26,2023,Outpatient,362.0
Dermatology,2023-10-26,2023,Outpatient,3233.0
Developmental Paediatrics,2023-10-26,2023,Outpatient,1091.0
Gastro-Enterology,2023-10-26,2023,Outpatient,27.0
General Medicine,2023-10-26,2023,Outpatient,24.0
General Surgery,2023-10-26,2023,Outpatient,1520.0
Gynaecology,2023-10-26,2023,Outpatient,719.0
Haematology,2023-10-26,2023,Outpatient,105.0
Immunology,2023-10-26,2023,Outpatient,307.0
Maxillo-Facial,2023-10-26,2023,Outpatient,419.0
Neurology,2023-10-26,2023,Outpatient,41.0
Ophthalmology,2023-10-26,2023,Outpatient,3792.0
Orthopaedics,2023-10-26,2023,Outpatient,2984.0
Otolaryngology (ENT),2023-10-26,2023,Outpatient,8341.0
Paed Cardiology,2023-10-26,2023,Outpatient,4432.0
Paed Endocrinology,2023-10-26,2023,Outpatient,693.0
Paed Gastro-Enterol,2023-10-26,2023,Outpatient,913.0
Paed Haematology,2023-10-26,2023,Outpatient,265.0
Paed Metabolic Medicine,2023-10-26,2023,Outpatient,36.0
Paed Nephrology,2023-10-26,2023,Outpatient,507.0
Paed Orthopaedic,2023-10-26,2023,Outpatient,4227.0
Paediatric Dermatology,2023-10-26,2023,Outpatient,6431.0
Paediatric ENT,2023-10-26,2023,Outpatient,6688.0
Paediatric Infectious Diseases,2023-10-26,2023,Outpatient,41.0
Paediatric Neurology,2023-10-26,2023,Outpatient,1078.0
Paediatric Neurosurgery,2023-10-26,2023,Outpatient,60.0
Paediatric Respiratory Medicine,2023-10-26,2023,Outpatient,1565.0
Paediatric Surgery,2023-10-26,2023,Outpatient,3857.0
Paediatric Urology,2023-10-26,2023,Outpatient,1061.0
Paediatrics,2023-10-26,2023,Outpatient,20024.0
Pain Relief,2023-10-26,2023,Outpatient,30.0
Plastic Surgery,2023-10-26,2023,Outpatient,1467.0
Rheumatology,2023-10-26,2023,Outpatient,1141.0
Small Volume Specialities,2023-10-26,2023,Outpatient,105.0
Urology,2023-10-26,2023,Outpatient,1929.0
Breast Surgery,2023-11-30,2023,Outpatient,2438.0
Cardio-Thoracic Surgery,2023-11-30,2023,Outpatient,404.0
Cardiology,2023-11-30,2023,Outpatient,36465.0
Chemical Pathology,2023-11-30,2023,Outpatient,64.0
Clinical (Medical) Genetics,2023-11-30,2023,Outpatient,3022.0
Clinical Immunology,2023-11-30,2023,Outpatient,2581.0
Clinical Neurophysiology,2023-11-30,2023,Outpatient,1687.0
Dermatology,2023-11-30,2023,Outpatient,48478.0
Diabetes Mellitus,2023-11-30,2023,Outpatient,1898.0
Endocrinology,2023-11-30,2023,Outpatient,19618.0
Gastro-Enterology,2023-11-30,2023,Outpatient,16041.0
Gastro-Intestinal Surgery,2023-11-30,2023,Outpatient,273.0
General Medicine,2023-11-30,2023,Outpatient,15879.0
General Surgery,2023-11-30,2023,Outpatient,32596.0
Geriatric Medicine,2023-11-30,2023,Outpatient,4146.0
Gynaecology,2023-11-30,2023,Outpatient,28572.0
Haematology,2023-11-30,2023,Outpatient,8835.0
Hepato-Biliary Surgery,2023-11-30,2023,Outpatient,89.0
Infectious Diseases,2023-11-30,2023,Outpatient,1397.0
Maxillo-Facial,2023-11-30,2023,Outpatient,3829.0
Metabolic Medicine,2023-11-30,2023,Outpatient,129.0
Microbiology,2023-11-30,2023,Outpatient,31.0
Nephrology,2023-11-30,2023,Outpatient,3627.0
Neurology,2023-11-30,2023,Outpatient,21957.0
Neurosurgery,2023-11-30,2023,Outpatient,10176.0
Oncology,2023-11-30,2023,Outpatient,584.0
Ophthalmology,2023-11-30,2023,Outpatient,33336.0
Orthopaedics,2023-11-30,2023,Outpatient,65392.0
Other,2023-11-30,2023,Outpatient,25.0
Otolaryngology (ENT),2023-11-30,2023,Outpatient,35686.0
Paediatric Dermatology,2023-11-30,2023,Outpatient,25.0
Paediatrics,2023-11-30,2023,Outpatient,232.0
Pain Relief,2023-11-30,2023,Outpatient,14842.0
Pathology,2023-11-30,2023,Outpatient,191.0
Plastic Surgery,2023-11-30,2023,Outpatient,14739.0
Psychiatry,2023-11-30,2023,Outpatient,450.0
Radiotherapy,2023-11-30,2023,Outpatient,56.0
Respiratory Medicine,2023-11-30,2023,Outpatient,21170.0
Rheumatology,2023-11-30,2023,Outpatient,13231.0
Small Volume Specialities,2023-11-30,2023,Outpatient,160.0
Urology,2023-11-30,2023,Outpatient,22350.0
Vascular Surgery,2023-11-30,2023,Outpatient,13755.0
Cardio-Thoracic Surgery,2023-11-30,2023,Outpatient,60.0
Cardiology,2023-11-30,2023,Outpatient,92.0
Clinical (Medical) Genetics,2023-11-30,2023,Outpatient,759.0
Clinical Immunology,2023-11-30,2023,Outpatient,783.0
Dental Surgery,2023-11-30,2023,Outpatient,362.0
Dermatology,2023-11-30,2023,Outpatient,3284.0
Developmental Paediatrics,2023-11-30,2023,Outpatient,1031.0
Gastro-Enterology,2023-11-30,2023,Outpatient,32.0
General Surgery,2023-11-30,2023,Outpatient,1502.0
Gynaecology,2023-11-30,2023,Outpatient,758.0
Haematology,2023-11-30,2023,Outpatient,102.0
Immunology,2023-11-30,2023,Outpatient,318.0
Maxillo-Facial,2023-11-30,2023,Outpatient,435.0
Neurology,2023-11-30,2023,Outpatient,49.0
Ophthalmology,2023-11-30,2023,Outpatient,3678.0
Orthopaedics,2023-11-30,2023,Outpatient,3033.0
Otolaryngology (ENT),2023-11-30,2023,Outpatient,8113.0
Paed Cardiology,2023-11-30,2023,Outpatient,4519.0
Paed Endocrinology,2023-11-30,2023,Outpatient,685.0
Paed Gastro-Enterol,2023-11-30,2023,Outpatient,881.0
Paed Haematology,2023-11-30,2023,Outpatient,274.0
Paed Metabolic Medicine,2023-11-30,2023,Outpatient,38.0
Paed Nephrology,2023-11-30,2023,Outpatient,521.0
Paed Orthopaedic,2023-11-30,2023,Outpatient,4192.0
Paediatric Dermatology,2023-11-30,2023,Outpatient,6110.0
Paediatric ENT,2023-11-30,2023,Outpatient,6329.0
Paediatric Infectious Diseases,2023-11-30,2023,Outpatient,59.0
Paediatric Neurology,2023-11-30,2023,Outpatient,1090.0
Paediatric Neurosurgery,2023-11-30,2023,Outpatient,59.0
Paediatric Respiratory Medicine,2023-11-30,2023,Outpatient,1472.0
Paediatric Surgery,2023-11-30,2023,Outpatient,3596.0
Paediatric Urology,2023-11-30,2023,Outpatient,1084.0
Paediatrics,2023-11-30,2023,Outpatient,19726.0
Pain Relief,2023-11-30,2023,Outpatient,29.0
Plastic Surgery,2023-11-30,2023,Outpatient,1394.0
Rheumatology,2023-11-30,2023,Outpatient,1111.0
Small Volume Specialities,2023-11-30,2023,Outpatient,98.0
Urology,2023-11-30,2023,Outpatient,1921.0
Vascular Surgery,2023-11-30,2023,Outpatient,23.0
Anaesthetics,2023-12-28,2023,Outpatient,23.0
Breast Surgery,2023-12-28,2023,Outpatient,2380.0
Cardio-Thoracic Surgery,2023-12-28,2023,Outpatient,434.0
Cardiology,2023-12-28,2023,Outpatient,36496.0
Chemical Pathology,2023-12-28,2023,Outpatient,64.0
Clinical (Medical) Genetics,2023-12-28,2023,Outpatient,2977.0
Clinical Immunology,2023-12-28,2023,Outpatient,2525.0
Clinical Neurophysiology,2023-12-28,2023,Outpatient,1590.0
Dermatology,2023-12-28,2023,Outpatient,47240.0
Diabetes Mellitus,2023-12-28,2023,Outpatient,1882.0
Endocrinology,2023-12-28,2023,Outpatient,19075.0
Gastro-Enterology,2023-12-28,2023,Outpatient,15704.0
Gastro-Intestinal Surgery,2023-12-28,2023,Outpatient,321.0
General Medicine,2023-12-28,2023,Outpatient,14710.0
General Surgery,2023-12-28,2023,Outpatient,31224.0
Geriatric Medicine,2023-12-28,2023,Outpatient,4077.0
Gynaecology,2023-12-28,2023,Outpatient,27829.0
Haematology,2023-12-28,2023,Outpatient,8601.0
Hepato-Biliary Surgery,2023-12-28,2023,Outpatient,90.0
Infectious Diseases,2023-12-28,2023,Outpatient,1319.0
Maxillo-Facial,2023-12-28,2023,Outpatient,3339.0
Metabolic Medicine,2023-12-28,2023,Outpatient,108.0
Microbiology,2023-12-28,2023,Outpatient,27.0
Nephrology,2023-12-28,2023,Outpatient,3662.0
Neurology,2023-12-28,2023,Outpatient,21134.0
Neurosurgery,2023-12-28,2023,Outpatient,10268.0
Oncology,2023-12-28,2023,Outpatient,594.0
Ophthalmology,2023-12-28,2023,Outpatient,32832.0
Orthopaedics,2023-12-28,2023,Outpatient,63737.0
Other,2023-12-28,2023,Outpatient,22.0
Otolaryngology (ENT),2023-12-28,2023,Outpatient,34377.0
Paediatric Dermatology,2023-12-28,2023,Outpatient,26.0
Paediatrics,2023-12-28,2023,Outpatient,204.0
Pain Relief,2023-12-28,2023,Outpatient,13548.0
Pathology,2023-12-28,2023,Outpatient,189.0
Plastic Surgery,2023-12-28,2023,Outpatient,13008.0
Psychiatry,2023-12-28,2023,Outpatient,422.0
Radiotherapy,2023-12-28,2023,Outpatient,34.0
Rehabilitation Medicine,2023-12-28,2023,Outpatient,21.0
Respiratory Medicine,2023-12-28,2023,Outpatient,21161.0
Rheumatology,2023-12-28,2023,Outpatient,12636.0
Small Volume Specialities,2023-12-28,2023,Outpatient,112.0
Urology,2023-12-28,2023,Outpatient,21209.0
Vascular Surgery,2023-12-28,2023,Outpatient,13123.0
Cardio-Thoracic Surgery,2023-12-28,2023,Outpatient,66.0
Cardiology,2023-12-28,2023,Outpatient,86.0
Clinical (Medical) Genetics,2023-12-28,2023,Outpatient,704.0
Clinical Immunology,2023-12-28,2023,Outpatient,757.0
Dental Surgery,2023-12-28,2023,Outpatient,345.0
Dermatology,2023-12-28,2023,Outpatient,3091.0
Developmental Paediatrics,2023-12-28,2023,Outpatient,1010.0
Endocrinology,2023-12-28,2023,Outpatient,22.0
Gastro-Enterology,2023-12-28,2023,Outpatient,23.0
General Medicine,2023-12-28,2023,Outpatient,22.0
General Surgery,2023-12-28,2023,Outpatient,1399.0
Gynaecology,2023-12-28,2023,Outpatient,753.0
Haematology,2023-12-28,2023,Outpatient,98.0
Immunology,2023-12-28,2023,Outpatient,281.0
Maxillo-Facial,2023-12-28,2023,Outpatient,455.0
Neurology,2023-12-28,2023,Outpatient,59.0
Ophthalmology,2023-12-28,2023,Outpatient,3584.0
Orthopaedics,2023-12-28,2023,Outpatient,3008.0
Otolaryngology (ENT),2023-12-28,2023,Outpatient,7824.0
Paed Cardiology,2023-12-28,2023,Outpatient,4680.0
Paed Endocrinology,2023-12-28,2023,Outpatient,672.0
Paed Gastro-Enterol,2023-12-28,2023,Outpatient,874.0
Paed Haematology,2023-12-28,2023,Outpatient,261.0
Paed Metabolic Medicine,2023-12-28,2023,Outpatient,32.0
Paed Nephrology,2023-12-28,2023,Outpatient,539.0
Paed Orthopaedic,2023-12-28,2023,Outpatient,4179.0
Paediatric Dermatology,2023-12-28,2023,Outpatient,5846.0
Paediatric ENT,2023-12-28,2023,Outpatient,6263.0
Paediatric Infectious Diseases,2023-12-28,2023,Outpatient,49.0
Paediatric Neurology,2023-12-28,2023,Outpatient,1105.0
Paediatric Neurosurgery,2023-12-28,2023,Outpatient,61.0
Paediatric Respiratory Medicine,2023-12-28,2023,Outpatient,1467.0
Paediatric Surgery,2023-12-28,2023,Outpatient,3500.0
Paediatric Urology,2023-12-28,2023,Outpatient,1106.0
Paediatrics,2023-12-28,2023,Outpatient,19185.0
Pain Relief,2023-12-28,2023,Outpatient,34.0
Plastic Surgery,2023-12-28,2023,Outpatient,1201.0
Rheumatology,2023-12-28,2023,Outpatient,1098.0
Small Volume Specialities,2023-12-28,2023,Outpatient,80.0
Urology,2023-12-28,2023,Outpatient,1866.0
Anaesthetics,2024-01-25,2024,Outpatient,25.0
Breast Surgery,2024-01-25,2024,Outpatient,2525.0
Cardio-Thoracic Surgery,2024-01-25,2024,Outpatient,444.0
Cardiology,2024-01-25,2024,Outpatient,37549.0
Chemical Pathology,2024-01-25,2024,Outpatient,62.0
Clinical (Medical) Genetics,2024-01-25,2024,Outpatient,2977.0
Clinical Immunology,2024-01-25,2024,Outpatient,2568.0
Clinical Neurophysiology,2024-01-25,2024,Outpatient,1631.0
Dermatology,2024-01-25,2024,Outpatient,47904.0
Diabetes Mellitus,2024-01-25,2024,Outpatient,1856.0
Endocrinology,2024-01-25,2024,Outpatient,18240.0
Gastro-Enterology,2024-01-25,2024,Outpatient,15992.0
Gastro-Intestinal Surgery,2024-01-25,2024,Outpatient,385.0
General Medicine,2024-01-25,2024,Outpatient,14644.0
General Surgery,2024-01-25,2024,Outpatient,31886.0
Geriatric Medicine,2024-01-25,2024,Outpatient,4120.0
Gynaecology,2024-01-25,2024,Outpatient,28299.0
Haematology,2024-01-25,2024,Outpatient,8825.0
Hepato-Biliary Surgery,2024-01-25,2024,Outpatient,103.0
Infectious Diseases,2024-01-25,2024,Outpatient,1436.0
Maxillo-Facial,2024-01-25,2024,Outpatient,3483.0
Metabolic Medicine,2024-01-25,2024,Outpatient,107.0
Nephrology,2024-01-25,2024,Outpatient,3718.0
Neurology,2024-01-25,2024,Outpatient,21468.0
Neurosurgery,2024-01-25,2024,Outpatient,10627.0
Oncology,2024-01-25,2024,Outpatient,544.0
Ophthalmology,2024-01-25,2024,Outpatient,32942.0
Orthopaedics,2024-01-25,2024,Outpatient,63365.0
Other,2024-01-25,2024,Outpatient,23.0
Otolaryngology (ENT),2024-01-25,2024,Outpatient,35201.0
Paediatric Dermatology,2024-01-25,2024,Outpatient,27.0
Paediatrics,2024-01-25,2024,Outpatient,117.0
Pain Relief,2024-01-25,2024,Outpatient,13531.0
Pathology,2024-01-25,2024,Outpatient,192.0
Plastic Surgery,2024-01-25,2024,Outpatient,13174.0
Psychiatry,2024-01-25,2024,Outpatient,411.0
Radiotherapy,2024-01-25,2024,Outpatient,30.0
Respiratory Medicine,2024-01-25,2024,Outpatient,21804.0
Rheumatology,2024-01-25,2024,Outpatient,12489.0
Small Volume Specialties,2024-01-25,2024,Outpatient,686.0
Urology,2024-01-25,2024,Outpatient,21570.0
Vascular Surgery,2024-01-25,2024,Outpatient,12470.0
Cardio-Thoracic Surgery,2024-01-25,2024,Outpatient,56.0
Cardiology,2024-01-25,2024,Outpatient,37.0
Clinical (Medical) Genetics,2024-01-25,2024,Outpatient,595.0
Clinical Immunology,2024-01-25,2024,Outpatient,816.0
Dental Surgery,2024-01-25,2024,Outpatient,354.0
Dermatology,2024-01-25,2024,Outpatient,3109.0
Developmental Paediatrics,2024-01-25,2024,Outpatient,1015.0
General Surgery,2024-01-25,2024,Outpatient,1427.0
Gynaecology,2024-01-25,2024,Outpatient,591.0
Haematology,2024-01-25,2024,Outpatient,76.0
Immunology,2024-01-25,2024,Outpatient,297.0
Maxillo-Facial,2024-01-25,2024,Outpatient,448.0
Ophthalmology,2024-01-25,2024,Outpatient,3635.0
Orthopaedics,2024-01-25,2024,Outpatient,2855.0
Otolaryngology (ENT),2024-01-25,2024,Outpatient,7985.0
Paed Cardiology,2024-01-25,2024,Outpatient,4913.0
Paed Endocrinology,2024-01-25,2024,Outpatient,653.0
Paed Gastro-Enterol,2024-01-25,2024,Outpatient,913.0
Paed Haematology,2024-01-25,2024,Outpatient,290.0
Paed Metabolic Medicine,2024-01-25,2024,Outpatient,45.0
Paed Nephrology,2024-01-25,2024,Outpatient,563.0
Paed Orthopaedic,2024-01-25,2024,Outpatient,4237.0
Paediatric Dermatology,2024-01-25,2024,Outpatient,6011.0
Paediatric ENT,2024-01-25,2024,Outpatient,6530.0
Paediatric Infectious Diseases,2024-01-25,2024,Outpatient,64.0
Paediatric Neurology,2024-01-25,2024,Outpatient,1152.0
Paediatric Neurosurgery,2024-01-25,2024,Outpatient,67.0
Paediatric Respiratory Medicine,2024-01-25,2024,Outpatient,1487.0
Paediatric Surgery,2024-01-25,2024,Outpatient,3414.0
Paediatric Urology,2024-01-25,2024,Outpatient,1135.0
Paediatrics,2024-01-25,2024,Outpatient,19524.0
Pain Relief,2024-01-25,2024,Outpatient,29.0
Plastic Surgery,2024-01-25,2024,Outpatient,1210.0
Rheumatology,2024-01-25,2024,Outpatient,1080.0
Small Volume Specialties,2024-01-25,2024,Outpatient,760.0
Urology,2024-01-25,2024,Outpatient,1871.0
Anaesthetics,2024-02-29,2024,Outpatient,32.0
Breast Surgery,2024-02-29,2024,Outpatient,2759.0
Cardio-Thoracic Surgery,2024-02-29,2024,Outpatient,472.0
Cardiology,2024-02-29,2024,Outpatient,38909.0
Chemical Pathology,2024-02-29,2024,Outpatient,68.0
Clinical (Medical) Genetics,2024-02-29,2024,Outpatient,2877.0
Clinical Immunology,2024-02-29,2024,Outpatient,2750.0
Clinical Neurophysiology,2024-02-29,2024,Outpatient,1739.0
Dermatology,2024-02-29,2024,Outpatient,49650.0
Diabetes Mellitus,2024-02-29,2024,Outpatient,1910.0
Endocrinology,2024-02-29,2024,Outpatient,18664.0
Gastro-Enterology,2024-02-29,2024,Outpatient,16323.0
Gastro-Intestinal Surgery,2024-02-29,2024,Outpatient,473.0
General Medicine,2024-02-29,2024,Outpatient,13891.0
General Surgery,2024-02-29,2024,Outpatient,32946.0
Geriatric Medicine,2024-02-29,2024,Outpatient,4340.0
Gynaecology,2024-02-29,2024,Outpatient,29026.0
Haematology,2024-02-29,2024,Outpatient,9020.0
Hepato-Biliary Surgery,2024-02-29,2024,Outpatient,129.0
Infectious Diseases,2024-02-29,2024,Outpatient,1401.0
Maxillo-Facial,2024-02-29,2024,Outpatient,3457.0
Metabolic Medicine,2024-02-29,2024,Outpatient,108.0
Nephrology,2024-02-29,2024,Outpatient,3828.0
Neurology,2024-02-29,2024,Outpatient,21957.0
Neurosurgery,2024-02-29,2024,Outpatient,10939.0
Oncology,2024-02-29,2024,Outpatient,596.0
Ophthalmology,2024-02-29,2024,Outpatient,33167.0
Orthopaedics,2024-02-29,2024,Outpatient,63319.0
Other,2024-02-29,2024,Outpatient,27.0
Otolaryngology (ENT),2024-02-29,2024,Outpatient,35694.0
Paediatric Dermatology,2024-02-29,2024,Outpatient,29.0
Paediatric Neurology,2024-02-29,2024,Outpatient,23.0
Paediatrics,2024-02-29,2024,Outpatient,144.0
Pain Relief,2024-02-29,2024,Outpatient,13605.0
Pathology,2024-02-29,2024,Outpatient,190.0
Plastic Surgery,2024-02-29,2024,Outpatient,13110.0
Psychiatry,2024-02-29,2024,Outpatient,469.0
Respiratory Medicine,2024-02-29,2024,Outpatient,22818.0
Rheumatology,2024-02-29,2024,Outpatient,12026.0
Small Volume Specialties,2024-02-29,2024,Outpatient,650.0
Urology,2024-02-29,2024,Outpatient,22158.0
Vascular Surgery,2024-02-29,2024,Outpatient,12015.0
Cardio-Thoracic Surgery,2024-02-29,2024,Outpatient,54.0
Cardiology,2024-02-29,2024,Outpatient,36.0
Clinical (Medical) Genetics,2024-02-29,2024,Outpatient,506.0
Clinical Immunology,2024-02-29,2024,Outpatient,807.0
Dental Surgery,2024-02-29,2024,Outpatient,368.0
Dermatology,2024-02-29,2024,Outpatient,3376.0
Developmental Paediatrics,2024-02-29,2024,Outpatient,926.0
General Surgery,2024-02-29,2024,Outpatient,1421.0
Gynaecology,2024-02-29,2024,Outpatient,615.0
Haematology,2024-02-29,2024,Outpatient,76.0
Immunology,2024-02-29,2024,Outpatient,291.0
Maxillo-Facial,2024-02-29,2024,Outpatient,442.0
Ophthalmology,2024-02-29,2024,Outpatient,3658.0
Orthopaedics,2024-02-29,2024,Outpatient,2756.0
Otolaryngology (ENT),2024-02-29,2024,Outpatient,8281.0
Paed Cardiology,2024-02-29,2024,Outpatient,5030.0
Paed Endocrinology,2024-02-29,2024,Outpatient,644.0
Paed Gastro-Enterol,2024-02-29,2024,Outpatient,923.0
Paed Haematology,2024-02-29,2024,Outpatient,294.0
Paed Metabolic Medicine,2024-02-29,2024,Outpatient,39.0
Paed Nephrology,2024-02-29,2024,Outpatient,589.0
Paed Orthopaedic,2024-02-29,2024,Outpatient,4365.0
Paediatric Dermatology,2024-02-29,2024,Outpatient,6060.0
Paediatric ENT,2024-02-29,2024,Outpatient,6747.0
Paediatric Infectious Diseases,2024-02-29,2024,Outpatient,60.0
Paediatric Neurology,2024-02-29,2024,Outpatient,1272.0
Paediatric Neurosurgery,2024-02-29,2024,Outpatient,41.0
Paediatric Respiratory Medicine,2024-02-29,2024,Outpatient,1534.0
Paediatric Surgery,2024-02-29,2024,Outpatient,3374.0
Paediatric Urology,2024-02-29,2024,Outpatient,1271.0
Paediatrics,2024-02-29,2024,Outpatient,20275.0
Plastic Surgery,2024-02-29,2024,Outpatient,1182.0
Rheumatology,2024-02-29,2024,Outpatient,1000.0
Small Volume Specialties,2024-02-29,2024,Outpatient,703.0
Urology,2024-02-29,2024,Outpatient,1872.0
Anaesthetics,2024-03-28,2024,Outpatient,31.0
Breast Surgery,2024-03-28,2024,Outpatient,2933.0
Cardio-Thoracic Surgery,2024-03-28,2024,Outpatient,450.0
Cardiology,2024-03-28,2024,Outpatient,39116.0
Chemical Pathology,2024-03-28,2024,Outpatient,67.0
Clinical (Medical) Genetics,2024-03-28,2024,Outpatient,2739.0
Clinical Immunology,2024-03-28,2024,Outpatient,2874.0
Clinical Neurophysiology,2024-03-28,2024,Outpatient,1704.0
Dermatology,2024-03-28,2024,Outpatient,50983.0
Diabetes Mellitus,2024-03-28,2024,Outpatient,1954.0
Endocrinology,2024-03-28,2024,Outpatient,18547.0
Gastro-Enterology,2024-03-28,2024,Outpatient,16576.0
Gastro-Intestinal Surgery,2024-03-28,2024,Outpatient,516.0
General Medicine,2024-03-28,2024,Outpatient,13905.0
General Surgery,2024-03-28,2024,Outpatient,33754.0
Geriatric Medicine,2024-03-28,2024,Outpatient,4402.0
Gynaecology,2024-03-28,2024,Outpatient,29086.0
Haematology,2024-03-28,2024,Outpatient,9196.0
Hepato-Biliary Surgery,2024-03-28,2024,Outpatient,132.0
Infectious Diseases,2024-03-28,2024,Outpatient,1463.0
Maxillo-Facial,2024-03-28,2024,Outpatient,3353.0
Metabolic Medicine,2024-03-28,2024,Outpatient,100.0
Nephrology,2024-03-28,2024,Outpatient,3876.0
Neurology,2024-03-28,2024,Outpatient,22378.0
Neurosurgery,2024-03-28,2024,Outpatient,11152.0
Oncology,2024-03-28,2024,Outpatient,647.0
Ophthalmology,2024-03-28,2024,Outpatient,34102.0
Orthopaedics,2024-03-28,2024,Outpatient,63613.0
Otolaryngology (ENT),2024-03-28,2024,Outpatient,35870.0
Paediatric Dermatology,2024-03-28,2024,Outpatient,25.0
Paediatric Neurology,2024-03-28,2024,Outpatient,25.0
Paediatrics,2024-03-28,2024,Outpatient,143.0
Pain Relief,2024-03-28,2024,Outpatient,13561.0
Pathology,2024-03-28,2024,Outpatient,192.0
Plastic Surgery,2024-03-28,2024,Outpatient,13115.0
Psychiatry,2024-03-28,2024,Outpatient,505.0
Radiotherapy,2024-03-28,2024,Outpatient,23.0
Respiratory Medicine,2024-03-28,2024,Outpatient,22878.0
Rheumatology,2024-03-28,2024,Outpatient,11754.0
Small Volume Specialties,2024-03-28,2024,Outpatient,639.0
Urology,2024-03-28,2024,Outpatient,22571.0
Vascular Surgery,2024-03-28,2024,Outpatient,12073.0
Cardio-Thoracic Surgery,2024-03-28,2024,Outpatient,90.0
Cardiology,2024-03-28,2024,Outpatient,42.0
Clinical (Medical) Genetics,2024-03-28,2024,Outpatient,395.0
Clinical Immunology,2024-03-28,2024,Outpatient,849.0
Dental Surgery,2024-03-28,2024,Outpatient,378.0
Dermatology,2024-03-28,2024,Outpatient,3538.0
Developmental Paediatrics,2024-03-28,2024,Outpatient,925.0
General Surgery,2024-03-28,2024,Outpatient,1435.0
Gynaecology,2024-03-28,2024,Outpatient,601.0
Haematology,2024-03-28,2024,Outpatient,80.0
Immunology,2024-03-28,2024,Outpatient,336.0
Maxillo-Facial,2024-03-28,2024,Outpatient,454.0
Ophthalmology,2024-03-28,2024,Outpatient,3778.0
Orthopaedics,2024-03-28,2024,Outpatient,2770.0
Otolaryngology (ENT),2024-03-28,2024,Outpatient,8539.0
Paed Cardiology,2024-03-28,2024,Outpatient,5208.0
Paed Endocrinology,2024-03-28,2024,Outpatient,673.0
Paed Gastro-Enterol,2024-03-28,2024,Outpatient,874.0
Paed Haematology,2024-03-28,2024,Outpatient,283.0
Paed Metabolic Medicine,2024-03-28,2024,Outpatient,32.0
Paed Nephrology,2024-03-28,2024,Outpatient,596.0
Paed Orthopaedic,2024-03-28,2024,Outpatient,4310.0
Paediatric Dermatology,2024-03-28,2024,Outpatient,6099.0
Paediatric ENT,2024-03-28,2024,Outpatient,6924.0
Paediatric Infectious Diseases,2024-03-28,2024,Outpatient,55.0
Paediatric Neurology,2024-03-28,2024,Outpatient,1297.0
Paediatric Neurosurgery,2024-03-28,2024,Outpatient,52.0
Paediatric Respiratory Medicine,2024-03-28,2024,Outpatient,1526.0
Paediatric Surgery,2024-03-28,2024,Outpatient,3231.0
Paediatric Urology,2024-03-28,2024,Outpatient,1366.0
Paediatrics,2024-03-28,2024,Outpatient,20677.0
Plastic Surgery,2024-03-28,2024,Outpatient,1099.0
Rheumatology,2024-03-28,2024,Outpatient,918.0
Small Volume Specialties,2024-03-28,2024,Outpatient,693.0
Urology,2024-03-28,2024,Outpatient,1886.0
Anaesthetics,2024-04-25,2024,Outpatient,29.0
Breast Surgery,2024-04-25,2024,Outpatient,3003.0
Cardio-Thoracic Surgery,2024-04-25,2024,Outpatient,429.0
Cardiology,2024-04-25,2024,Outpatient,39460.0
Chemical Pathology,2024-04-25,2024,Outpatient,68.0
Clinical (Medical) Genetics,2024-04-25,2024,Outpatient,2666.0
Clinical Immunology,2024-04-25,2024,Outpatient,2953.0
Clinical Neurophysiology,2024-04-25,2024,Outpatient,1773.0
Dermatology,2024-04-25,2024,Outpatient,51455.0
Diabetes Mellitus,2024-04-25,2024,Outpatient,1987.0
Endocrinology,2024-04-25,2024,Outpatient,18601.0
Gastro-Enterology,2024-04-25,2024,Outpatient,16578.0
Gastro-Intestinal Surgery,2024-04-25,2024,Outpatient,590.0
General Medicine,2024-04-25,2024,Outpatient,13748.0
General Surgery,2024-04-25,2024,Outpatient,33548.0
Geriatric Medicine,2024-04-25,2024,Outpatient,4442.0
Gynaecology,2024-04-25,2024,Outpatient,29134.0
Haematology,2024-04-25,2024,Outpatient,9451.0
Hepato-Biliary Surgery,2024-04-25,2024,Outpatient,136.0
Infectious Diseases,2024-04-25,2024,Outpatient,1442.0
Maxillo-Facial,2024-04-25,2024,Outpatient,3505.0
Metabolic Medicine,2024-04-25,2024,Outpatient,100.0
Nephrology,2024-04-25,2024,Outpatient,3956.0
Neurology,2024-04-25,2024,Outpatient,22648.0
Neurosurgery,2024-04-25,2024,Outpatient,11501.0
Oncology,2024-04-25,2024,Outpatient,660.0
Ophthalmology,2024-04-25,2024,Outpatient,34142.0
Orthopaedics,2024-04-25,2024,Outpatient,64605.0
Otolaryngology (ENT),2024-04-25,2024,Outpatient,36066.0
Paediatric Dermatology,2024-04-25,2024,Outpatient,23.0
Paediatrics,2024-04-25,2024,Outpatient,140.0
Pain Relief,2024-04-25,2024,Outpatient,13713.0
Pathology,2024-04-25,2024,Outpatient,195.0
Plastic Surgery,2024-04-25,2024,Outpatient,12903.0
Psychiatry,2024-04-25,2024,Outpatient,468.0
Respiratory Medicine,2024-04-25,2024,Outpatient,23433.0
Rheumatology,2024-04-25,2024,Outpatient,12105.0
Small Volume Specialties,2024-04-25,2024,Outpatient,628.0
Urology,2024-04-25,2024,Outpatient,22892.0
Vascular Surgery,2024-04-25,2024,Outpatient,11711.0
Cardio-Thoracic Surgery,2024-04-25,2024,Outpatient,71.0
Cardiology,2024-04-25,2024,Outpatient,37.0
Clinical (Medical) Genetics,2024-04-25,2024,Outpatient,390.0
Clinical Immunology,2024-04-25,2024,Outpatient,844.0
Dental Surgery,2024-04-25,2024,Outpatient,394.0
Dermatology,2024-04-25,2024,Outpatient,3670.0
Developmental Paediatrics,2024-04-25,2024,Outpatient,955.0
General Surgery,2024-04-25,2024,Outpatient,1349.0
Gynaecology,2024-04-25,2024,Outpatient,651.0
Haematology,2024-04-25,2024,Outpatient,79.0
Immunology,2024-04-25,2024,Outpatient,324.0
Maxillo-Facial,2024-04-25,2024,Outpatient,413.0
Ophthalmology,2024-04-25,2024,Outpatient,3672.0
Orthopaedics,2024-04-25,2024,Outpatient,2761.0
Otolaryngology (ENT),2024-04-25,2024,Outpatient,8538.0
Paed Cardiology,2024-04-25,2024,Outpatient,5401.0
Paed Endocrinology,2024-04-25,2024,Outpatient,681.0
Paed Gastro-Enterol,2024-04-25,2024,Outpatient,869.0
Paed Haematology,2024-04-25,2024,Outpatient,310.0
Paed Metabolic Medicine,2024-04-25,2024,Outpatient,35.0
Paed Nephrology,2024-04-25,2024,Outpatient,596.0
Paed Orthopaedic,2024-04-25,2024,Outpatient,4201.0
Paediatric Dermatology,2024-04-25,2024,Outpatient,6130.0
Paediatric ENT,2024-04-25,2024,Outpatient,7092.0
Paediatric Infectious Diseases,2024-04-25,2024,Outpatient,52.0
Paediatric Neurology,2024-04-25,2024,Outpatient,1322.0
Paediatric Neurosurgery,2024-04-25,2024,Outpatient,49.0
Paediatric Respiratory Medicine,2024-04-25,2024,Outpatient,1596.0
Paediatric Surgery,2024-04-25,2024,Outpatient,3072.0
Paediatric Urology,2024-04-25,2024,Outpatient,1445.0
Paediatrics,2024-04-25,2024,Outpatient,20814.0
Plastic Surgery,2024-04-25,2024,Outpatient,1091.0
Rheumatology,2024-04-25,2024,Outpatient,883.0
Small Volume Specialties,2024-04-25,2024,Outpatient,694.0
Urology,2024-04-25,2024,Outpatient,1851.0
Anaesthetics,2024-05-30,2024,Outpatient,22.0
Breast Surgery,2024-05-30,2024,Outpatient,2929.0
Cardio-Thoracic Surgery,2024-05-30,2024,Outpatient,390.0
Cardiology,2024-05-30,2024,Outpatient,40574.0
Chemical Pathology,2024-05-30,2024,Outpatient,75.0
Clinical (Medical) Genetics,2024-05-30,2024,Outpatient,2634.0
Clinical Immunology,2024-05-30,2024,Outpatient,3146.0
Clinical Neurophysiology,2024-05-30,2024,Outpatient,1693.0
Dermatology,2024-05-30,2024,Outpatient,53067.0
Diabetes Mellitus,2024-05-30,2024,Outpatient,1972.0
Endocrinology,2024-05-30,2024,Outpatient,18653.0
Gastro-Enterology,2024-05-30,2024,Outpatient,16932.0
Gastro-Intestinal Surgery,2024-05-30,2024,Outpatient,670.0
General Medicine,2024-05-30,2024,Outpatient,13464.0
General Surgery,2024-05-30,2024,Outpatient,33241.0
Geriatric Medicine,2024-05-30,2024,Outpatient,4380.0
Gynaecology,2024-05-30,2024,Outpatient,29147.0
Haematology,2024-05-30,2024,Outpatient,9630.0
Hepato-Biliary Surgery,2024-05-30,2024,Outpatient,127.0
Infectious Diseases,2024-05-30,2024,Outpatient,1535.0
Maxillo-Facial,2024-05-30,2024,Outpatient,3479.0
Metabolic Medicine,2024-05-30,2024,Outpatient,123.0
Nephrology,2024-05-30,2024,Outpatient,4002.0
Neurology,2024-05-30,2024,Outpatient,22381.0
Neurosurgery,2024-05-30,2024,Outpatient,11343.0
Oncology,2024-05-30,2024,Outpatient,557.0
Ophthalmology,2024-05-30,2024,Outpatient,33334.0
Orthopaedics,2024-05-30,2024,Outpatient,65342.0
Otolaryngology (ENT),2024-05-30,2024,Outpatient,36142.0
Paed Cardiology,2024-05-30,2024,Outpatient,21.0
Paediatric Dermatology,2024-05-30,2024,Outpatient,21.0
Paediatric Neurology,2024-05-30,2024,Outpatient,26.0
Paediatrics,2024-05-30,2024,Outpatient,141.0
Pain Relief,2024-05-30,2024,Outpatient,14115.0
Pathology,2024-05-30,2024,Outpatient,187.0
Plastic Surgery,2024-05-30,2024,Outpatient,13094.0
Psychiatry,2024-05-30,2024,Outpatient,488.0
Radiology,2024-05-30,2024,Outpatient,21.0
Respiratory Medicine,2024-05-30,2024,Outpatient,23723.0
Rheumatology,2024-05-30,2024,Outpatient,12076.0
Small Volume Specialties,2024-05-30,2024,Outpatient,660.0
Urology,2024-05-30,2024,Outpatient,22963.0
Vascular Surgery,2024-05-30,2024,Outpatient,11715.0
Cardio-Thoracic Surgery,2024-05-30,2024,Outpatient,86.0
Cardiology,2024-05-30,2024,Outpatient,38.0
Clinical (Medical) Genetics,2024-05-30,2024,Outpatient,348.0
Clinical Immunology,2024-05-30,2024,Outpatient,884.0
Dental Surgery,2024-05-30,2024,Outpatient,388.0
Dermatology,2024-05-30,2024,Outpatient,3696.0
Developmental Paediatrics,2024-05-30,2024,Outpatient,962.0
General Surgery,2024-05-30,2024,Outpatient,1278.0
Gynaecology,2024-05-30,2024,Outpatient,668.0
Haematology,2024-05-30,2024,Outpatient,72.0
Immunology,2024-05-30,2024,Outpatient,342.0
Maxillo-Facial,2024-05-30,2024,Outpatient,370.0
Ophthalmology,2024-05-30,2024,Outpatient,3639.0
Orthopaedics,2024-05-30,2024,Outpatient,2859.0
Otolaryngology (ENT),2024-05-30,2024,Outpatient,8811.0
Paed Cardiology,2024-05-30,2024,Outpatient,5488.0
Paed Endocrinology,2024-05-30,2024,Outpatient,685.0
Paed Gastro-Enterol,2024-05-30,2024,Outpatient,940.0
Paed Haematology,2024-05-30,2024,Outpatient,321.0
Paed Metabolic Medicine,2024-05-30,2024,Outpatient,38.0
Paed Nephrology,2024-05-30,2024,Outpatient,604.0
Paed Orthopaedic,2024-05-30,2024,Outpatient,4277.0
Paediatric Dermatology,2024-05-30,2024,Outpatient,6348.0
Paediatric ENT,2024-05-30,2024,Outpatient,7275.0
Paediatric Infectious Diseases,2024-05-30,2024,Outpatient,65.0
Paediatric Neurology,2024-05-30,2024,Outpatient,1384.0
Paediatric Neurosurgery,2024-05-30,2024,Outpatient,48.0
Paediatric Respiratory Medicine,2024-05-30,2024,Outpatient,1657.0
Paediatric Surgery,2024-05-30,2024,Outpatient,2977.0
Paediatric Urology,2024-05-30,2024,Outpatient,1564.0
Paediatrics,2024-05-30,2024,Outpatient,20509.0
Plastic Surgery,2024-05-30,2024,Outpatient,1122.0
Rheumatology,2024-05-30,2024,Outpatient,918.0
Small Volume Specialties,2024-05-30,2024,Outpatient,677.0
Urology,2024-05-30,2024,Outpatient,1819.0
Anaesthetics,2024-06-27,2024,Outpatient,28.0
Breast Surgery,2024-06-27,2024,Outpatient,2896.0
Cardio-Thoracic Surgery,2024-06-27,2024,Outpatient,389.0
Cardiology,2024-06-27,2024,Outpatient,40371.0
Chemical Pathology,2024-06-27,2024,Outpatient,70.0
Clinical (Medical) Genetics,2024-06-27,2024,Outpatient,2638.0
Clinical Immunology,2024-06-27,2024,Outpatient,3239.0
Clinical Neurophysiology,2024-06-27,2024,Outpatient,1631.0
Dermatology,2024-06-27,2024,Outpatient,54214.0
Diabetes Mellitus,2024-06-27,2024,Outpatient,2020.0
Endocrinology,2024-06-27,2024,Outpatient,18875.0
Gastro-Enterology,2024-06-27,2024,Outpatient,17329.0
Gastro-Intestinal Surgery,2024-06-27,2024,Outpatient,689.0
General Medicine,2024-06-27,2024,Outpatient,13411.0
General Surgery,2024-06-27,2024,Outpatient,33187.0
Geriatric Medicine,2024-06-27,2024,Outpatient,4428.0
Gynaecology,2024-06-27,2024,Outpatient,29523.0
Haematology,2024-06-27,2024,Outpatient,9844.0
Hepato-Biliary Surgery,2024-06-27,2024,Outpatient,136.0
Infectious Diseases,2024-06-27,2024,Outpatient,1656.0
Maxillo-Facial,2024-06-27,2024,Outpatient,3439.0
Metabolic Medicine,2024-06-27,2024,Outpatient,110.0
Nephrology,2024-06-27,2024,Outpatient,4112.0
Neurology,2024-06-27,2024,Outpatient,22574.0
Neurosurgery,2024-06-27,2024,Outpatient,11441.0
Oncology,2024-06-27,2024,Outpatient,616.0
Ophthalmology,2024-06-27,2024,Outpatient,33335.0
Orthopaedics,2024-06-27,2024,Outpatient,65698.0
Otolaryngology (ENT),2024-06-27,2024,Outpatient,36524.0
Paediatric Dermatology,2024-06-27,2024,Outpatient,25.0
Paediatric Neurology,2024-06-27,2024,Outpatient,22.0
Paediatrics,2024-06-27,2024,Outpatient,146.0
Pain Relief,2024-06-27,2024,Outpatient,14366.0
Palliative Medicine,2024-06-27,2024,Outpatient,23.0
Pathology,2024-06-27,2024,Outpatient,192.0
Plastic Surgery,2024-06-27,2024,Outpatient,13213.0
Psychiatry,2024-06-27,2024,Outpatient,471.0
Respiratory Medicine,2024-06-27,2024,Outpatient,24273.0
Rheumatology,2024-06-27,2024,Outpatient,12247.0
Small Volume Specialties,2024-06-27,2024,Outpatient,697.0
Urology,2024-06-27,2024,Outpatient,23104.0
Vascular Surgery,2024-06-27,2024,Outpatient,12080.0
Cardio-Thoracic Surgery,2024-06-27,2024,Outpatient,88.0
Cardiology,2024-06-27,2024,Outpatient,29.0
Clinical (Medical) Genetics,2024-06-27,2024,Outpatient,311.0
Clinical Immunology,2024-06-27,2024,Outpatient,864.0
Dental Surgery,2024-06-27,2024,Outpatient,418.0
Dermatology,2024-06-27,2024,Outpatient,3707.0
Developmental Paediatrics,2024-06-27,2024,Outpatient,965.0
General Surgery,2024-06-27,2024,Outpatient,1253.0
Gynaecology,2024-06-27,2024,Outpatient,644.0
Haematology,2024-06-27,2024,Outpatient,61.0
Immunology,2024-06-27,2024,Outpatient,350.0
Maxillo-Facial,2024-06-27,2024,Outpatient,383.0
Ophthalmology,2024-06-27,2024,Outpatient,3614.0
Orthopaedics,2024-06-27,2024,Outpatient,2797.0
Otolaryngology (ENT),2024-06-27,2024,Outpatient,9086.0
Paed Cardiology,2024-06-27,2024,Outpatient,4969.0
Paed Endocrinology,2024-06-27,2024,Outpatient,680.0
Paed Gastro-Enterol,2024-06-27,2024,Outpatient,965.0
Paed Haematology,2024-06-27,2024,Outpatient,307.0
Paed Metabolic Medicine,2024-06-27,2024,Outpatient,44.0
Paed Nephrology,2024-06-27,2024,Outpatient,621.0
Paed Orthopaedic,2024-06-27,2024,Outpatient,4206.0
Paediatric Dermatology,2024-06-27,2024,Outpatient,6348.0
Paediatric ENT,2024-06-27,2024,Outpatient,7266.0
Paediatric Infectious Diseases,2024-06-27,2024,Outpatient,40.0
Paediatric Neurology,2024-06-27,2024,Outpatient,1415.0
Paediatric Neurosurgery,2024-06-27,2024,Outpatient,36.0
Paediatric Respiratory Medicine,2024-06-27,2024,Outpatient,1648.0
Paediatric Surgery,2024-06-27,2024,Outpatient,2853.0
Paediatric Urology,2024-06-27,2024,Outpatient,1612.0
Paediatrics,2024-06-27,2024,Outpatient,20547.0
Plastic Surgery,2024-06-27,2024,Outpatient,1098.0
Rheumatology,2024-06-27,2024,Outpatient,919.0
Small Volume Specialties,2024-06-27,2024,Outpatient,677.0
Urology,2024-06-27,2024,Outpatient,1844.0
Anaesthetics,2024-07-25,2024,Outpatient,59.0
Breast Surgery,2024-07-25,2024,Outpatient,2661.0
Cardio-Thoracic Surgery,2024-07-25,2024,Outpatient,430.0
Cardiology,2024-07-25,2024,Outpatient,40210.0
Chemical Pathology,2024-07-25,2024,Outpatient,71.0
Clinical (Medical) Genetics,2024-07-25,2024,Outpatient,2569.0
Clinical Immunology,2024-07-25,2024,Outpatient,3340.0
Clinical Neurophysiology,2024-07-25,2024,Outpatient,1598.0
Dermatology,2024-07-25,2024,Outpatient,55580.0
Diabetes Mellitus,2024-07-25,2024,Outpatient,2015.0
Endocrinology,2024-07-25,2024,Outpatient,19161.0
Gastro-Enterology,2024-07-25,2024,Outpatient,18221.0
Gastro-Intestinal Surgery,2024-07-25,2024,Outpatient,696.0
General Medicine,2024-07-25,2024,Outpatient,12568.0
General Surgery,2024-07-25,2024,Outpatient,32452.0
Geriatric Medicine,2024-07-25,2024,Outpatient,4423.0
Gynaecology,2024-07-25,2024,Outpatient,29870.0
Haematology,2024-07-25,2024,Outpatient,9813.0
Hepato-Biliary Surgery,2024-07-25,2024,Outpatient,129.0
Infectious Diseases,2024-07-25,2024,Outpatient,1687.0
Maxillo-Facial,2024-07-25,2024,Outpatient,3012.0
Metabolic Medicine,2024-07-25,2024,Outpatient,143.0
Microbiology,2024-07-25,2024,Outpatient,23.0
Nephrology,2024-07-25,2024,Outpatient,4176.0
Neurology,2024-07-25,2024,Outpatient,22571.0
Neurosurgery,2024-07-25,2024,Outpatient,11366.0
Oncology,2024-07-25,2024,Outpatient,612.0
Ophthalmology,2024-07-25,2024,Outpatient,33626.0
Orthopaedics,2024-07-25,2024,Outpatient,66333.0
Otolaryngology (ENT),2024-07-25,2024,Outpatient,36372.0
Paed Cardiology,2024-07-25,2024,Outpatient,23.0
Paediatric Dermatology,2024-07-25,2024,Outpatient,23.0
Paediatric Neurology,2024-07-25,2024,Outpatient,26.0
Paediatrics,2024-07-25,2024,Outpatient,163.0
Pain Relief,2024-07-25,2024,Outpatient,14550.0
Palliative Medicine,2024-07-25,2024,Outpatient,22.0
Pathology,2024-07-25,2024,Outpatient,186.0
Plastic Surgery,2024-07-25,2024,Outpatient,13093.0
Psychiatry,2024-07-25,2024,Outpatient,494.0
Respiratory Medicine,2024-07-25,2024,Outpatient,24308.0
Rheumatology,2024-07-25,2024,Outpatient,12583.0
Small Volume Specialties,2024-07-25,2024,Outpatient,639.0
Urology,2024-07-25,2024,Outpatient,23134.0
Vascular Surgery,2024-07-25,2024,Outpatient,12400.0
Cardio-Thoracic Surgery,2024-07-25,2024,Outpatient,88.0
Cardiology,2024-07-25,2024,Outpatient,26.0
Clinical (Medical) Genetics,2024-07-25,2024,Outpatient,258.0
Clinical Immunology,2024-07-25,2024,Outpatient,809.0
Dental Surgery,2024-07-25,2024,Outpatient,440.0
Dermatology,2024-07-25,2024,Outpatient,3789.0
Developmental Paediatrics,2024-07-25,2024,Outpatient,954.0
General Surgery,2024-07-25,2024,Outpatient,1196.0
Gynaecology,2024-07-25,2024,Outpatient,601.0
Haematology,2024-07-25,2024,Outpatient,36.0
Immunology,2024-07-25,2024,Outpatient,336.0
Maxillo-Facial,2024-07-25,2024,Outpatient,341.0
Ophthalmology,2024-07-25,2024,Outpatient,3634.0
Orthopaedics,2024-07-25,2024,Outpatient,2647.0
Otolaryngology (ENT),2024-07-25,2024,Outpatient,9191.0
Paed Cardiology,2024-07-25,2024,Outpatient,4937.0
Paed Endocrinology,2024-07-25,2024,Outpatient,708.0
Paed Gastro-Enterol,2024-07-25,2024,Outpatient,877.0
Paed Haematology,2024-07-25,2024,Outpatient,307.0
Paed Metabolic Medicine,2024-07-25,2024,Outpatient,56.0
Paed Nephrology,2024-07-25,2024,Outpatient,590.0
Paed Orthopaedic,2024-07-25,2024,Outpatient,4086.0
Paediatric Dermatology,2024-07-25,2024,Outpatient,6399.0
Paediatric ENT,2024-07-25,2024,Outpatient,7197.0
Paediatric Infectious Diseases,2024-07-25,2024,Outpatient,37.0
Paediatric Neurology,2024-07-25,2024,Outpatient,1450.0
Paediatric Neurosurgery,2024-07-25,2024,Outpatient,38.0
Paediatric Respiratory Medicine,2024-07-25,2024,Outpatient,1622.0
Paediatric Surgery,2024-07-25,2024,Outpatient,2772.0
Paediatric Urology,2024-07-25,2024,Outpatient,1685.0
Paediatrics,2024-07-25,2024,Outpatient,20325.0
Pain Relief,2024-07-25,2024,Outpatient,33.0
Plastic Surgery,2024-07-25,2024,Outpatient,1132.0
Rheumatology,2024-07-25,2024,Outpatient,923.0
Small Volume Specialties,2024-07-25,2024,Outpatient,652.0
Urology,2024-07-25,2024,Outpatient,1850.0
Anaesthetics,2024-08-29,2024,Outpatient,54.0
Breast Surgery,2024-08-29,2024,Outpatient,2304.0
Cardio-Thoracic Surgery,2024-08-29,2024,Outpatient,428.0
Cardiology,2024-08-29,2024,Outpatient,39613.0
Chemical Pathology,2024-08-29,2024,Outpatient,62.0
Clinical (Medical) Genetics,2024-08-29,2024,Outpatient,2613.0
Clinical Immunology,2024-08-29,2024,Outpatient,3361.0
Clinical Neurophysiology,2024-08-29,2024,Outpatient,1429.0
Dermatology,2024-08-29,2024,Outpatient,56138.0
Diabetes Mellitus,2024-08-29,2024,Outpatient,2052.0
Endocrinology,2024-08-29,2024,Outpatient,19413.0
Gastro-Enterology,2024-08-29,2024,Outpatient,18211.0
Gastro-Intestinal Surgery,2024-08-29,2024,Outpatient,718.0
General Medicine,2024-08-29,2024,Outpatient,12586.0
General Surgery,2024-08-29,2024,Outpatient,32187.0
Geriatric Medicine,2024-08-29,2024,Outpatient,4336.0
Gynaecology,2024-08-29,2024,Outpatient,30227.0
Haematology,2024-08-29,2024,Outpatient,9929.0
Hepato-Biliary Surgery,2024-08-29,2024,Outpatient,133.0
Infectious Diseases,2024-08-29,2024,Outpatient,1686.0
Maxillo-Facial,2024-08-29,2024,Outpatient,2910.0
Metabolic Medicine,2024-08-29,2024,Outpatient,120.0
Microbiology,2024-08-29,2024,Outpatient,26.0
Nephrology,2024-08-29,2024,Outpatient,4237.0
Neurology,2024-08-29,2024,Outpatient,22831.0
Neurosurgery,2024-08-29,2024,Outpatient,11527.0
Oncology,2024-08-29,2024,Outpatient,672.0
Ophthalmology,2024-08-29,2024,Outpatient,34384.0
Orthopaedics,2024-08-29,2024,Outpatient,65134.0
Otolaryngology (ENT),2024-08-29,2024,Outpatient,36488.0
Paed Cardiology,2024-08-29,2024,Outpatient,26.0
Paediatric Dermatology,2024-08-29,2024,Outpatient,20.0
Paediatric Neurology,2024-08-29,2024,Outpatient,32.0
Paediatrics,2024-08-29,2024,Outpatient,163.0
Pain Relief,2024-08-29,2024,Outpatient,14596.0
Pathology,2024-08-29,2024,Outpatient,181.0
Plastic Surgery,2024-08-29,2024,Outpatient,13692.0
Psychiatry,2024-08-29,2024,Outpatient,486.0
Radiotherapy,2024-08-29,2024,Outpatient,29.0
Respiratory Medicine,2024-08-29,2024,Outpatient,24669.0
Rheumatology,2024-08-29,2024,Outpatient,13656.0
Small Volume Specialties,2024-08-29,2024,Outpatient,647.0
Urology,2024-08-29,2024,Outpatient,23286.0
Vascular Surgery,2024-08-29,2024,Outpatient,12594.0
Cardio-Thoracic Surgery,2024-08-29,2024,Outpatient,91.0
Cardiology,2024-08-29,2024,Outpatient,29.0
Clinical (Medical) Genetics,2024-08-29,2024,Outpatient,159.0
Clinical Immunology,2024-08-29,2024,Outpatient,834.0
Dental Surgery,2024-08-29,2024,Outpatient,445.0
Dermatology,2024-08-29,2024,Outpatient,3920.0
Developmental Paediatrics,2024-08-29,2024,Outpatient,970.0
General Surgery,2024-08-29,2024,Outpatient,1210.0
Gynaecology,2024-08-29,2024,Outpatient,602.0
Immunology,2024-08-29,2024,Outpatient,341.0
Maxillo-Facial,2024-08-29,2024,Outpatient,343.0
Ophthalmology,2024-08-29,2024,Outpatient,3628.0
Orthopaedics,2024-08-29,2024,Outpatient,2498.0
Otolaryngology (ENT),2024-08-29,2024,Outpatient,9210.0
Paed Cardiology,2024-08-29,2024,Outpatient,4715.0
Paed Endocrinology,2024-08-29,2024,Outpatient,770.0
Paed Gastro-Enterol,2024-08-29,2024,Outpatient,934.0
Paed Haematology,2024-08-29,2024,Outpatient,293.0
Paed Metabolic Medicine,2024-08-29,2024,Outpatient,53.0
Paed Nephrology,2024-08-29,2024,Outpatient,605.0
Paed Orthopaedic,2024-08-29,2024,Outpatient,4116.0
Paediatric Dermatology,2024-08-29,2024,Outpatient,6523.0
Paediatric ENT,2024-08-29,2024,Outpatient,6975.0
Paediatric Infectious Diseases,2024-08-29,2024,Outpatient,47.0
Paediatric Neurology,2024-08-29,2024,Outpatient,1492.0
Paediatric Neurosurgery,2024-08-29,2024,Outpatient,45.0
Paediatric Respiratory Medicine,2024-08-29,2024,Outpatient,1669.0
Paediatric Surgery,2024-08-29,2024,Outpatient,2702.0
Paediatric Urology,2024-08-29,2024,Outpatient,1760.0
Paediatrics,2024-08-29,2024,Outpatient,19970.0
Pain Relief,2024-08-29,2024,Outpatient,29.0
Plastic Surgery,2024-08-29,2024,Outpatient,1146.0
Rheumatology,2024-08-29,2024,Outpatient,925.0
Small Volume Specialties,2024-08-29,2024,Outpatient,694.0
Urology,2024-08-29,2024,Outpatient,1860.0
Anaesthetics,2024-09-26,2024,Outpatient,49.0
Breast Surgery,2024-09-26,2024,Outpatient,2116.0
Cardio-Thoracic Surgery,2024-09-26,2024,Outpatient,431.0
Cardiology,2024-09-26,2024,Outpatient,39750.0
Chemical Pathology,2024-09-26,2024,Outpatient,61.0
Clinical (Medical) Genetics,2024-09-26,2024,Outpatient,2620.0
Clinical Immunology,2024-09-26,2024,Outpatient,3455.0
Clinical Neurophysiology,2024-09-26,2024,Outpatient,1426.0
Dermatology,2024-09-26,2024,Outpatient,55753.0
Diabetes Mellitus,2024-09-26,2024,Outpatient,2003.0
Endocrinology,2024-09-26,2024,Outpatient,19457.0
Gastro-Enterology,2024-09-26,2024,Outpatient,17995.0
Gastro-Intestinal Surgery,2024-09-26,2024,Outpatient,635.0
General Medicine,2024-09-26,2024,Outpatient,12497.0
General Surgery,2024-09-26,2024,Outpatient,31347.0
Geriatric Medicine,2024-09-26,2024,Outpatient,4352.0
Gynaecology,2024-09-26,2024,Outpatient,30004.0
Haematology,2024-09-26,2024,Outpatient,9873.0
Hepato-Biliary Surgery,2024-09-26,2024,Outpatient,128.0
Infectious Diseases,2024-09-26,2024,Outpatient,1610.0
Maxillo-Facial,2024-09-26,2024,Outpatient,2814.0
Metabolic Medicine,2024-09-26,2024,Outpatient,114.0
Microbiology,2024-09-26,2024,Outpatient,24.0
Nephrology,2024-09-26,2024,Outpatient,4192.0
Neurology,2024-09-26,2024,Outpatient,22680.0
Neurosurgery,2024-09-26,2024,Outpatient,11139.0
Obstetrics,2024-09-26,2024,Outpatient,67.0
Oncology,2024-09-26,2024,Outpatient,696.0
Ophthalmology,2024-09-26,2024,Outpatient,34051.0
Orthopaedics,2024-09-26,2024,Outpatient,64997.0
Otolaryngology (ENT),2024-09-26,2024,Outpatient,36358.0
Paed Cardiology,2024-09-26,2024,Outpatient,22.0
Paediatric Dermatology,2024-09-26,2024,Outpatient,22.0
Paediatric Neurology,2024-09-26,2024,Outpatient,30.0
Paediatrics,2024-09-26,2024,Outpatient,162.0
Pain Relief,2024-09-26,2024,Outpatient,14377.0
Pathology,2024-09-26,2024,Outpatient,193.0
Plastic Surgery,2024-09-26,2024,Outpatient,13699.0
Psychiatry,2024-09-26,2024,Outpatient,456.0
Radiotherapy,2024-09-26,2024,Outpatient,20.0
Respiratory Medicine,2024-09-26,2024,Outpatient,24582.0
Rheumatology,2024-09-26,2024,Outpatient,13143.0
Small Volume Specialties,2024-09-26,2024,Outpatient,663.0
Urology,2024-09-26,2024,Outpatient,22779.0
Vascular Surgery,2024-09-26,2024,Outpatient,12613.0
Cardio-Thoracic Surgery,2024-09-26,2024,Outpatient,62.0
Cardiology,2024-09-26,2024,Outpatient,33.0
Clinical (Medical) Genetics,2024-09-26,2024,Outpatient,126.0
Clinical Immunology,2024-09-26,2024,Outpatient,826.0
Dental Surgery,2024-09-26,2024,Outpatient,451.0
Dermatology,2024-09-26,2024,Outpatient,3755.0
Developmental Paediatrics,2024-09-26,2024,Outpatient,938.0
General Surgery,2024-09-26,2024,Outpatient,1187.0
Gynaecology,2024-09-26,2024,Outpatient,625.0
Immunology,2024-09-26,2024,Outpatient,322.0
Maxillo-Facial,2024-09-26,2024,Outpatient,328.0
Ophthalmology,2024-09-26,2024,Outpatient,3632.0
Orthopaedics,2024-09-26,2024,Outpatient,2446.0
Otolaryngology (ENT),2024-09-26,2024,Outpatient,8789.0
Paed Cardiology,2024-09-26,2024,Outpatient,4479.0
Paed Endocrinology,2024-09-26,2024,Outpatient,767.0
Paed Gastro-Enterol,2024-09-26,2024,Outpatient,914.0
Paed Haematology,2024-09-26,2024,Outpatient,294.0
Paed Metabolic Medicine,2024-09-26,2024,Outpatient,41.0
Paed Nephrology,2024-09-26,2024,Outpatient,610.0
Paed Orthopaedic,2024-09-26,2024,Outpatient,4008.0
Paediatric Dermatology,2024-09-26,2024,Outpatient,6382.0
Paediatric ENT,2024-09-26,2024,Outpatient,6943.0
Paediatric Infectious Diseases,2024-09-26,2024,Outpatient,40.0
Paediatric Neurology,2024-09-26,2024,Outpatient,1540.0
Paediatric Neurosurgery,2024-09-26,2024,Outpatient,52.0
Paediatric Respiratory Medicine,2024-09-26,2024,Outpatient,1658.0
Paediatric Surgery,2024-09-26,2024,Outpatient,2651.0
Paediatric Urology,2024-09-26,2024,Outpatient,1884.0
Paediatrics,2024-09-26,2024,Outpatient,19710.0
Pain Relief,2024-09-26,2024,Outpatient,43.0
Plastic Surgery,2024-09-26,2024,Outpatient,1167.0
Rheumatology,2024-09-26,2024,Outpatient,928.0
Small Volume Specialties,2024-09-26,2024,Outpatient,656.0
Urology,2024-09-26,2024,Outpatient,1830.0
Anaesthetics,2024-10-31,2024,Outpatient,75.0
Breast Surgery,2024-10-31,2024,Outpatient,2220.0
Cardio-Thoracic Surgery,2024-10-31,2024,Outpatient,441.0
Cardiology,2024-10-31,2024,Outpatient,39307.0
Chemical Pathology,2024-10-31,2024,Outpatient,82.0
Clinical (Medical) Genetics,2024-10-31,2024,Outpatient,2543.0
Clinical Immunology,2024-10-31,2024,Outpatient,3613.0
Clinical Neurophysiology,2024-10-31,2024,Outpatient,1359.0
Dermatology,2024-10-31,2024,Outpatient,54186.0
Diabetes Mellitus,2024-10-31,2024,Outpatient,2109.0
Endocrinology,2024-10-31,2024,Outpatient,19866.0
Gastro-Enterology,2024-10-31,2024,Outpatient,17911.0
Gastro-Intestinal Surgery,2024-10-31,2024,Outpatient,570.0
General Medicine,2024-10-31,2024,Outpatient,11670.0
General Surgery,2024-10-31,2024,Outpatient,30222.0
Geriatric Medicine,2024-10-31,2024,Outpatient,4234.0
Gynaecology,2024-10-31,2024,Outpatient,30751.0
Haematology,2024-10-31,2024,Outpatient,10056.0
Hepato-Biliary Surgery,2024-10-31,2024,Outpatient,135.0
Infectious Diseases,2024-10-31,2024,Outpatient,1644.0
Maxillo-Facial,2024-10-31,2024,Outpatient,2564.0
Metabolic Medicine,2024-10-31,2024,Outpatient,132.0
Microbiology,2024-10-31,2024,Outpatient,20.0
Nephrology,2024-10-31,2024,Outpatient,4058.0
Neurology,2024-10-31,2024,Outpatient,22090.0
Neurosurgery,2024-10-31,2024,Outpatient,11255.0
Oncology,2024-10-31,2024,Outpatient,696.0
Ophthalmology,2024-10-31,2024,Outpatient,34437.0
Orthopaedics,2024-10-31,2024,Outpatient,64093.0
Otolaryngology (ENT),2024-10-31,2024,Outpatient,35739.0
Paed Cardiology,2024-10-31,2024,Outpatient,22.0
Paediatric Neurology,2024-10-31,2024,Outpatient,35.0
Paediatrics,2024-10-31,2024,Outpatient,141.0
Pain Relief,2024-10-31,2024,Outpatient,14551.0
Pathology,2024-10-31,2024,Outpatient,188.0
Plastic Surgery,2024-10-31,2024,Outpatient,13637.0
Psychiatry,2024-10-31,2024,Outpatient,531.0
Radiotherapy,2024-10-31,2024,Outpatient,24.0
Respiratory Medicine,2024-10-31,2024,Outpatient,24285.0
Rheumatology,2024-10-31,2024,Outpatient,12320.0
Small Volume Specialties,2024-10-31,2024,Outpatient,583.0
Urology,2024-10-31,2024,Outpatient,23000.0
Vascular Surgery,2024-10-31,2024,Outpatient,12773.0
Cardio-Thoracic Surgery,2024-10-31,2024,Outpatient,57.0
Cardiology,2024-10-31,2024,Outpatient,34.0
Clinical (Medical) Genetics,2024-10-31,2024,Outpatient,106.0
Clinical Immunology,2024-10-31,2024,Outpatient,714.0
Dental Surgery,2024-10-31,2024,Outpatient,452.0
Dermatology,2024-10-31,2024,Outpatient,3809.0
Developmental Paediatrics,2024-10-31,2024,Outpatient,929.0
General Surgery,2024-10-31,2024,Outpatient,1126.0
Gynaecology,2024-10-31,2024,Outpatient,661.0
Immunology,2024-10-31,2024,Outpatient,377.0
Maxillo-Facial,2024-10-31,2024,Outpatient,300.0
Ophthalmology,2024-10-31,2024,Outpatient,3596.0
Orthopaedics,2024-10-31,2024,Outpatient,2388.0
Otolaryngology (ENT),2024-10-31,2024,Outpatient,8810.0
Paed Cardiology,2024-10-31,2024,Outpatient,4188.0
Paed Endocrinology,2024-10-31,2024,Outpatient,752.0
Paed Gastro-Enterol,2024-10-31,2024,Outpatient,878.0
Paed Haematology,2024-10-31,2024,Outpatient,274.0
Paed Metabolic Medicine,2024-10-31,2024,Outpatient,32.0
Paed Nephrology,2024-10-31,2024,Outpatient,580.0
Paed Orthopaedic,2024-10-31,2024,Outpatient,3748.0
Paediatric Dermatology,2024-10-31,2024,Outpatient,6206.0
Paediatric ENT,2024-10-31,2024,Outpatient,6736.0
Paediatric Infectious Diseases,2024-10-31,2024,Outpatient,60.0
Paediatric Neurology,2024-10-31,2024,Outpatient,1628.0
Paediatric Neurosurgery,2024-10-31,2024,Outpatient,70.0
Paediatric Respiratory Medicine,2024-10-31,2024,Outpatient,1635.0
Paediatric Surgery,2024-10-31,2024,Outpatient,2441.0
Paediatric Urology,2024-10-31,2024,Outpatient,1939.0
Paediatrics,2024-10-31,2024,Outpatient,19189.0
Pain Relief,2024-10-31,2024,Outpatient,39.0
Plastic Surgery,2024-10-31,2024,Outpatient,1190.0
Rheumatology,2024-10-31,2024,Outpatient,932.0
Small Volume Specialties,2024-10-31,2024,Outpatient,644.0
Urology,2024-10-31,2024,Outpatient,1855.0
Anaesthetics,2024-11-28,2024,Outpatient,62.0
Breast Surgery,2024-11-28,2024,Outpatient,2212.0
Cardio-Thoracic Surgery,2024-11-28,2024,Outpatient,414.0
Cardiology,2024-11-28,2024,Outpatient,37296.0
Chemical Pathology,2024-11-28,2024,Outpatient,84.0
Clinical (Medical) Genetics,2024-11-28,2024,Outpatient,2571.0
Clinical Immunology,2024-11-28,2024,Outpatient,3597.0
Clinical Neurophysiology,2024-11-28,2024,Outpatient,1360.0
Dermatology,2024-11-28,2024,Outpatient,52384.0
Diabetes Mellitus,2024-11-28,2024,Outpatient,2027.0
Endocrinology,2024-11-28,2024,Outpatient,19683.0
Gastro-Enterology,2024-11-28,2024,Outpatient,17761.0
Gastro-Intestinal Surgery,2024-11-28,2024,Outpatient,509.0
General Medicine,2024-11-28,2024,Outpatient,10960.0
General Surgery,2024-11-28,2024,Outpatient,30287.0
Geriatric Medicine,2024-11-28,2024,Outpatient,3981.0
Gynaecology,2024-11-28,2024,Outpatient,29611.0
Haematology,2024-11-28,2024,Outpatient,9690.0
Hepato-Biliary Surgery,2024-11-28,2024,Outpatient,127.0
Infectious Diseases,2024-11-28,2024,Outpatient,1509.0
Maxillo-Facial,2024-11-28,2024,Outpatient,2535.0
Metabolic Medicine,2024-11-28,2024,Outpatient,117.0
Microbiology,2024-11-28,2024,Outpatient,20.0
Nephrology,2024-11-28,2024,Outpatient,3922.0
Neurology,2024-11-28,2024,Outpatient,21547.0
Neurosurgery,2024-11-28,2024,Outpatient,10757.0
Oncology,2024-11-28,2024,Outpatient,631.0
Ophthalmology,2024-11-28,2024,Outpatient,34300.0
Orthopaedics,2024-11-28,2024,Outpatient,61741.0
Otolaryngology (ENT),2024-11-28,2024,Outpatient,34068.0
Paed Cardiology,2024-11-28,2024,Outpatient,20.0
Paediatric Neurology,2024-11-28,2024,Outpatient,35.0
Paediatrics,2024-11-28,2024,Outpatient,141.0
Pain Relief,2024-11-28,2024,Outpatient,14580.0
Pathology,2024-11-28,2024,Outpatient,185.0
Plastic Surgery,2024-11-28,2024,Outpatient,13255.0
Psychiatry,2024-11-28,2024,Outpatient,543.0
Radiotherapy,2024-11-28,2024,Outpatient,23.0
Respiratory Medicine,2024-11-28,2024,Outpatient,24341.0
Rheumatology,2024-11-28,2024,Outpatient,12262.0
Small Volume Specialties,2024-11-28,2024,Outpatient,576.0
Urology,2024-11-28,2024,Outpatient,22234.0
Vascular Surgery,2024-11-28,2024,Outpatient,12549.0
Cardio-Thoracic Surgery,2024-11-28,2024,Outpatient,43.0
Cardiology,2024-11-28,2024,Outpatient,29.0
Clinical (Medical) Genetics,2024-11-28,2024,Outpatient,74.0
Clinical Immunology,2024-11-28,2024,Outpatient,698.0
Dental Surgery,2024-11-28,2024,Outpatient,418.0
Dermatology,2024-11-28,2024,Outpatient,3839.0
Developmental Paediatrics,2024-11-28,2024,Outpatient,870.0
General Surgery,2024-11-28,2024,Outpatient,1157.0
Gynaecology,2024-11-28,2024,Outpatient,531.0
Immunology,2024-11-28,2024,Outpatient,372.0
Maxillo-Facial,2024-11-28,2024,Outpatient,317.0
Ophthalmology,2024-11-28,2024,Outpatient,3428.0
Orthopaedics,2024-11-28,2024,Outpatient,2302.0
Otolaryngology (ENT),2024-11-28,2024,Outpatient,8490.0
Paed Cardiology,2024-11-28,2024,Outpatient,3990.0
Paed Endocrinology,2024-11-28,2024,Outpatient,740.0
Paed Gastro-Enterol,2024-11-28,2024,Outpatient,921.0
Paed Haematology,2024-11-28,2024,Outpatient,278.0
Paed Metabolic Medicine,2024-11-28,2024,Outpatient,36.0
Paed Nephrology,2024-11-28,2024,Outpatient,577.0
Paed Orthopaedic,2024-11-28,2024,Outpatient,3773.0
Paediatric Dermatology,2024-11-28,2024,Outpatient,6074.0
Paediatric ENT,2024-11-28,2024,Outpatient,6255.0
Paediatric Infectious Diseases,2024-11-28,2024,Outpatient,49.0
Paediatric Neurology,2024-11-28,2024,Outpatient,1630.0
Paediatric Neurosurgery,2024-11-28,2024,Outpatient,63.0
Paediatric Respiratory Medicine,2024-11-28,2024,Outpatient,1630.0
Paediatric Surgery,2024-11-28,2024,Outpatient,2264.0
Paediatric Urology,2024-11-28,2024,Outpatient,2000.0
Paediatrics,2024-11-28,2024,Outpatient,18470.0
Pain Relief,2024-11-28,2024,Outpatient,30.0
Plastic Surgery,2024-11-28,2024,Outpatient,1167.0
Rheumatology,2024-11-28,2024,Outpatient,833.0
Small Volume Specialties,2024-11-28,2024,Outpatient,728.0
Urology,2024-11-28,2024,Outpatient,1814.0
Anaesthetics,2024-12-19,2024,Outpatient,71.0
Breast Surgery,2024-12-19,2024,Outpatient,2090.0
Cardio-Thoracic Surgery,2024-12-19,2024,Outpatient,401.0
Cardiology,2024-12-19,2024,Outpatient,36548.0
Chemical Pathology,2024-12-19,2024,Outpatient,83.0
Clinical (Medical) Genetics,2024-12-19,2024,Outpatient,2610.0
Clinical Immunology,2024-12-19,2024,Outpatient,3479.0
Clinical Neurophysiology,2024-12-19,2024,Outpatient,1371.0
Dermatology,2024-12-19,2024,Outpatient,51085.0
Diabetes Mellitus,2024-12-19,2024,Outpatient,1939.0
Endocrinology,2024-12-19,2024,Outpatient,19259.0
Gastro-Enterology,2024-12-19,2024,Outpatient,17142.0
Gastro-Intestinal Surgery,2024-12-19,2024,Outpatient,479.0
General Medicine,2024-12-19,2024,Outpatient,10722.0
General Surgery,2024-12-19,2024,Outpatient,28948.0
Geriatric Medicine,2024-12-19,2024,Outpatient,3916.0
Gynaecology,2024-12-19,2024,Outpatient,28884.0
Haematology,2024-12-19,2024,Outpatient,9698.0
Hepato-Biliary Surgery,2024-12-19,2024,Outpatient,124.0
Infectious Diseases,2024-12-19,2024,Outpatient,1416.0
Maxillo-Facial,2024-12-19,2024,Outpatient,2303.0
Metabolic Medicine,2024-12-19,2024,Outpatient,119.0
Nephrology,2024-12-19,2024,Outpatient,3785.0
Neurology,2024-12-19,2024,Outpatient,21151.0
Neurosurgery,2024-12-19,2024,Outpatient,10723.0
Oncology,2024-12-19,2024,Outpatient,551.0
Ophthalmology,2024-12-19,2024,Outpatient,33704.0
Orthopaedics,2024-12-19,2024,Outpatient,59764.0
Otolaryngology (ENT),2024-12-19,2024,Outpatient,32868.0
Paediatric Neurology,2024-12-19,2024,Outpatient,33.0
Paediatrics,2024-12-19,2024,Outpatient,149.0
Pain Relief,2024-12-19,2024,Outpatient,14336.0
Pathology,2024-12-19,2024,Outpatient,172.0
Plastic Surgery,2024-12-19,2024,Outpatient,12836.0
Psychiatry,2024-12-19,2024,Outpatient,536.0
Radiotherapy,2024-12-19,2024,Outpatient,29.0
Respiratory Medicine,2024-12-19,2024,Outpatient,23894.0
Rheumatology,2024-12-19,2024,Outpatient,11665.0
Small Volume Specialties,2024-12-19,2024,Outpatient,606.0
Urology,2024-12-19,2024,Outpatient,21596.0
Vascular Surgery,2024-12-19,2024,Outpatient,12340.0
Cardio-Thoracic Surgery,2024-12-19,2024,Outpatient,43.0
Cardiology,2024-12-19,2024,Outpatient,26.0
Clinical (Medical) Genetics,2024-12-19,2024,Outpatient,71.0
Clinical Immunology,2024-12-19,2024,Outpatient,765.0
Dental Surgery,2024-12-19,2024,Outpatient,426.0
Dermatology,2024-12-19,2024,Outpatient,3754.0
Developmental Paediatrics,2024-12-19,2024,Outpatient,863.0
General Surgery,2024-12-19,2024,Outpatient,1121.0
Gynaecology,2024-12-19,2024,Outpatient,530.0
Haematology,2024-12-19,2024,Outpatient,20.0
Immunology,2024-12-19,2024,Outpatient,352.0
Maxillo-Facial,2024-12-19,2024,Outpatient,300.0
Ophthalmology,2024-12-19,2024,Outpatient,3338.0
Orthopaedics,2024-12-19,2024,Outpatient,2227.0
Otolaryngology (ENT),2024-12-19,2024,Outpatient,8190.0
Paed Cardiology,2024-12-19,2024,Outpatient,3689.0
Paed Endocrinology,2024-12-19,2024,Outpatient,736.0
Paed Gastro-Enterol,2024-12-19,2024,Outpatient,882.0
Paed Haematology,2024-12-19,2024,Outpatient,277.0
Paed Metabolic Medicine,2024-12-19,2024,Outpatient,38.0
Paed Nephrology,2024-12-19,2024,Outpatient,563.0
Paed Orthopaedic,2024-12-19,2024,Outpatient,3622.0
Paediatric Dermatology,2024-12-19,2024,Outpatient,5983.0
Paediatric ENT,2024-12-19,2024,Outpatient,6112.0
Paediatric Infectious Diseases,2024-12-19,2024,Outpatient,36.0
Paediatric Neurology,2024-12-19,2024,Outpatient,1630.0
Paediatric Neurosurgery,2024-12-19,2024,Outpatient,68.0
Paediatric Respiratory Medicine,2024-12-19,2024,Outpatient,1656.0
Paediatric Surgery,2024-12-19,2024,Outpatient,1991.0
Paediatric Urology,2024-12-19,2024,Outpatient,1911.0
Paediatrics,2024-12-19,2024,Outpatient,18159.0
Pain Relief,2024-12-19,2024,Outpatient,43.0
Plastic Surgery,2024-12-19,2024,Outpatient,1141.0
Rheumatology,2024-12-19,2024,Outpatient,717.0
Small Volume Specialties,2024-12-19,2024,Outpatient,714.0
Urology,2024-12-19,2024,Outpatient,1767.0
Anaesthetics,2025-01-30,2025,Outpatient,71.0
Breast Surgery,2025-01-30,2025,Outpatient,2443.0
Cardio-Thoracic Surgery,2025-01-30,2025,Outpatient,403.0
Cardiology,2025-01-30,2025,Outpatient,37356.0
Chemical Pathology,2025-01-30,2025,Outpatient,84.0
Clinical (Medical) Genetics,2025-01-30,2025,Outpatient,2624.0
Clinical Immunology,2025-01-30,2025,Outpatient,3675.0
Clinical Neurophysiology,2025-01-30,2025,Outpatient,1441.0
Dermatology,2025-01-30,2025,Outpatient,50864.0
Diabetes Mellitus,2025-01-30,2025,Outpatient,2051.0
Endocrinology,2025-01-30,2025,Outpatient,19589.0
Gastro-Enterology,2025-01-30,2025,Outpatient,17630.0
Gastro-Intestinal Surgery,2025-01-30,2025,Outpatient,437.0
General Medicine,2025-01-30,2025,Outpatient,10997.0
General Surgery,2025-01-30,2025,Outpatient,30707.0
Geriatric Medicine,2025-01-30,2025,Outpatient,4077.0
Gynaecology,2025-01-30,2025,Outpatient,29485.0
Haematology,2025-01-30,2025,Outpatient,10035.0
Hepato-Biliary Surgery,2025-01-30,2025,Outpatient,145.0
Infectious Diseases,2025-01-30,2025,Outpatient,1507.0
Maxillo-Facial,2025-01-30,2025,Outpatient,2696.0
Metabolic Medicine,2025-01-30,2025,Outpatient,126.0
Nephrology,2025-01-30,2025,Outpatient,3851.0
Neurology,2025-01-30,2025,Outpatient,21956.0
Neurosurgery,2025-01-30,2025,Outpatient,11177.0
Oncology,2025-01-30,2025,Outpatient,561.0
Ophthalmology,2025-01-30,2025,Outpatient,33784.0
Orthopaedics,2025-01-30,2025,Outpatient,61309.0
Otolaryngology (ENT),2025-01-30,2025,Outpatient,33948.0
Paediatric Neurology,2025-01-30,2025,Outpatient,39.0
Paediatrics,2025-01-30,2025,Outpatient,181.0
Pain Relief,2025-01-30,2025,Outpatient,13940.0
Pathology,2025-01-30,2025,Outpatient,187.0
Plastic Surgery,2025-01-30,2025,Outpatient,13333.0
Psychiatry,2025-01-30,2025,Outpatient,566.0
Radiotherapy,2025-01-30,2025,Outpatient,38.0
Respiratory Medicine,2025-01-30,2025,Outpatient,24411.0
Rheumatology,2025-01-30,2025,Outpatient,11711.0
Small Volume Specialties,2025-01-30,2025,Outpatient,655.0
Urology,2025-01-30,2025,Outpatient,21949.0
Vascular Surgery,2025-01-30,2025,Outpatient,12579.0
Cardio-Thoracic Surgery,2025-01-30,2025,Outpatient,43.0
Cardiology,2025-01-30,2025,Outpatient,27.0
Clinical (Medical) Genetics,2025-01-30,2025,Outpatient,71.0
Clinical Immunology,2025-01-30,2025,Outpatient,767.0
Dental Surgery,2025-01-30,2025,Outpatient,414.0
Dermatology,2025-01-30,2025,Outpatient,3762.0
Developmental Paediatrics,2025-01-30,2025,Outpatient,794.0
General Surgery,2025-01-30,2025,Outpatient,1116.0
Gynaecology,2025-01-30,2025,Outpatient,536.0
Haematology,2025-01-30,2025,Outpatient,30.0
Immunology,2025-01-30,2025,Outpatient,368.0
Maxillo-Facial,2025-01-30,2025,Outpatient,350.0
Ophthalmology,2025-01-30,2025,Outpatient,3312.0
Orthopaedics,2025-01-30,2025,Outpatient,2282.0
Otolaryngology (ENT),2025-01-30,2025,Outpatient,8259.0
Paed Cardiology,2025-01-30,2025,Outpatient,3563.0
Paed Endocrinology,2025-01-30,2025,Outpatient,712.0
Paed Gastro-Enterol,2025-01-30,2025,Outpatient,979.0
Paed Haematology,2025-01-30,2025,Outpatient,314.0
Paed Metabolic Medicine,2025-01-30,2025,Outpatient,41.0
Paed Nephrology,2025-01-30,2025,Outpatient,594.0
Paed Orthopaedic,2025-01-30,2025,Outpatient,3632.0
Paediatric Dermatology,2025-01-30,2025,Outpatient,6186.0
Paediatric ENT,2025-01-30,2025,Outpatient,6266.0
Paediatric Infectious Diseases,2025-01-30,2025,Outpatient,56.0
Paediatric Neurology,2025-01-30,2025,Outpatient,1658.0
Paediatric Neurosurgery,2025-01-30,2025,Outpatient,57.0
Paediatric Respiratory Medicine,2025-01-30,2025,Outpatient,1667.0
Paediatric Surgery,2025-01-30,2025,Outpatient,1780.0
Paediatric Urology,2025-01-30,2025,Outpatient,2098.0
Paediatrics,2025-01-30,2025,Outpatient,18456.0
Pain Relief,2025-01-30,2025,Outpatient,52.0
Plastic Surgery,2025-01-30,2025,Outpatient,1148.0
Rheumatology,2025-01-30,2025,Outpatient,707.0
Small Volume Specialties,2025-01-30,2025,Outpatient,672.0
Urology,2025-01-30,2025,Outpatient,1862.0
Anaesthetics,2025-02-27,2025,Outpatient,34.0
Breast Surgery,2025-02-27,2025,Outpatient,2502.0
Cardio-Thoracic Surgery,2025-02-27,2025,Outpatient,449.0
Cardiology,2025-02-27,2025,Outpatient,38481.0
Chemical Pathology,2025-02-27,2025,Outpatient,92.0
Clinical (Medical) Genetics,2025-02-27,2025,Outpatient,2588.0
Clinical Immunology,2025-02-27,2025,Outpatient,3710.0
Clinical Neurophysiology,2025-02-27,2025,Outpatient,360.0
Dermatology,2025-02-27,2025,Outpatient,51838.0
Diabetes Mellitus,2025-02-27,2025,Outpatient,1984.0
Endocrinology,2025-02-27,2025,Outpatient,19805.0
Gastro-Enterology,2025-02-27,2025,Outpatient,18128.0
Gastro-Intestinal Surgery,2025-02-27,2025,Outpatient,373.0
General Medicine,2025-02-27,2025,Outpatient,11322.0
General Surgery,2025-02-27,2025,Outpatient,32630.0
Geriatric Medicine,2025-02-27,2025,Outpatient,4013.0
Gynaecology,2025-02-27,2025,Outpatient,30007.0
Haematology,2025-02-27,2025,Outpatient,10337.0
Hepato-Biliary Surgery,2025-02-27,2025,Outpatient,131.0
Infectious Diseases,2025-02-27,2025,Outpatient,1587.0
Maxillo-Facial,2025-02-27,2025,Outpatient,2615.0
Metabolic Medicine,2025-02-27,2025,Outpatient,127.0
Nephrology,2025-02-27,2025,Outpatient,3867.0
Neurology,2025-02-27,2025,Outpatient,21837.0
Neurosurgery,2025-02-27,2025,Outpatient,11010.0
Oncology,2025-02-27,2025,Outpatient,556.0
Ophthalmology,2025-02-27,2025,Outpatient,34585.0
Orthopaedics,2025-02-27,2025,Outpatient,62184.0
Otolaryngology (ENT),2025-02-27,2025,Outpatient,33926.0
Paed Cardiology,2025-02-27,2025,Outpatient,21.0
Paediatric Neurology,2025-02-27,2025,Outpatient,41.0
Paediatrics,2025-02-27,2025,Outpatient,169.0
Pain Relief,2025-02-27,2025,Outpatient,13946.0
Pathology,2025-02-27,2025,Outpatient,184.0
Plastic Surgery,2025-02-27,2025,Outpatient,13387.0
Psychiatry,2025-02-27,2025,Outpatient,602.0
Radiotherapy,2025-02-27,2025,Outpatient,36.0
Respiratory Medicine,2025-02-27,2025,Outpatient,24650.0
Rheumatology,2025-02-27,2025,Outpatient,11308.0
Small Volume Specialties,2025-02-27,2025,Outpatient,586.0
Urology,2025-02-27,2025,Outpatient,22187.0
Vascular Surgery,2025-02-27,2025,Outpatient,12443.0
Cardio-Thoracic Surgery,2025-02-27,2025,Outpatient,30.0
Cardiology,2025-02-27,2025,Outpatient,32.0
Clinical (Medical) Genetics,2025-02-27,2025,Outpatient,72.0
Clinical Immunology,2025-02-27,2025,Outpatient,772.0
Dental Surgery,2025-02-27,2025,Outpatient,403.0
Dermatology,2025-02-27,2025,Outpatient,3877.0
Developmental Paediatrics,2025-02-27,2025,Outpatient,764.0
General Surgery,2025-02-27,2025,Outpatient,1068.0
Gynaecology,2025-02-27,2025,Outpatient,613.0
Haematology,2025-02-27,2025,Outpatient,37.0
Immunology,2025-02-27,2025,Outpatient,380.0
Maxillo-Facial,2025-02-27,2025,Outpatient,338.0
Ophthalmology,2025-02-27,2025,Outpatient,3410.0
Orthopaedics,2025-02-27,2025,Outpatient,2414.0
Otolaryngology (ENT),2025-02-27,2025,Outpatient,8219.0
Paed Cardiology,2025-02-27,2025,Outpatient,3756.0
Paed Endocrinology,2025-02-27,2025,Outpatient,712.0
Paed Gastro-Enterol,2025-02-27,2025,Outpatient,1005.0
Paed Haematology,2025-02-27,2025,Outpatient,306.0
Paed Metabolic Medicine,2025-02-27,2025,Outpatient,32.0
Paed Nephrology,2025-02-27,2025,Outpatient,572.0
Paed Orthopaedic,2025-02-27,2025,Outpatient,3539.0
Paediatric Dermatology,2025-02-27,2025,Outpatient,6297.0
Paediatric ENT,2025-02-27,2025,Outpatient,6329.0
Paediatric Infectious Diseases,2025-02-27,2025,Outpatient,59.0
Paediatric Neurology,2025-02-27,2025,Outpatient,1650.0
Paediatric Neurosurgery,2025-02-27,2025,Outpatient,56.0
Paediatric Respiratory Medicine,2025-02-27,2025,Outpatient,1702.0
Paediatric Surgery,2025-02-27,2025,Outpatient,1707.0
Paediatric Urology,2025-02-27,2025,Outpatient,2154.0
Paediatrics,2025-02-27,2025,Outpatient,18306.0
Pain Relief,2025-02-27,2025,Outpatient,47.0
Plastic Surgery,2025-02-27,2025,Outpatient,1202.0
Rheumatology,2025-02-27,2025,Outpatient,618.0
Small Volume Specialties,2025-02-27,2025,Outpatient,675.0
Urology,2025-02-27,2025,Outpatient,1925.0
Anaesthetics,2025-03-27,2025,Outpatient,56.0
Breast Surgery,2025-03-27,2025,Outpatient,2450.0
Cardio-Thoracic Surgery,2025-03-27,2025,Outpatient,428.0
Cardiology,2025-03-27,2025,Outpatient,39322.0
Chemical Pathology,2025-03-27,2025,Outpatient,92.0
Clinical (Medical) Genetics,2025-03-27,2025,Outpatient,2719.0
Clinical Immunology,2025-03-27,2025,Outpatient,3861.0
Clinical Neurophysiology,2025-03-27,2025,Outpatient,21.0
Dermatology,2025-03-27,2025,Outpatient,52638.0
Diabetes Mellitus,2025-03-27,2025,Outpatient,1975.0
Endocrinology,2025-03-27,2025,Outpatient,20194.0
Gastro-Enterology,2025-03-27,2025,Outpatient,18331.0
Gastro-Intestinal Surgery,2025-03-27,2025,Outpatient,392.0
General Medicine,2025-03-27,2025,Outpatient,11453.0
General Surgery,2025-03-27,2025,Outpatient,32423.0
Geriatric Medicine,2025-03-27,2025,Outpatient,4131.0
Gynaecology,2025-03-27,2025,Outpatient,30726.0
Haematology,2025-03-27,2025,Outpatient,10463.0
Hepato-Biliary Surgery,2025-03-27,2025,Outpatient,139.0
Infectious Diseases,2025-03-27,2025,Outpatient,1450.0
Maxillo-Facial,2025-03-27,2025,Outpatient,2788.0
Metabolic Medicine,2025-03-27,2025,Outpatient,119.0
Nephrology,2025-03-27,2025,Outpatient,3829.0
Neurology,2025-03-27,2025,Outpatient,21808.0
Neurosurgery,2025-03-27,2025,Outpatient,11019.0
Obstetrics,2025-03-27,2025,Outpatient,20.0
Oncology,2025-03-27,2025,Outpatient,639.0
Ophthalmology,2025-03-27,2025,Outpatient,35124.0
Orthopaedics,2025-03-27,2025,Outpatient,62988.0
Otolaryngology (ENT),2025-03-27,2025,Outpatient,33985.0
Paed Cardiology,2025-03-27,2025,Outpatient,24.0
Paediatric Neurology,2025-03-27,2025,Outpatient,41.0
Paediatrics,2025-03-27,2025,Outpatient,139.0
Pain Relief,2025-03-27,2025,Outpatient,14037.0
Pathology,2025-03-27,2025,Outpatient,176.0
Plastic Surgery,2025-03-27,2025,Outpatient,13975.0
Psychiatry,2025-03-27,2025,Outpatient,643.0
Radiotherapy,2025-03-27,2025,Outpatient,24.0
Respiratory Medicine,2025-03-27,2025,Outpatient,24868.0
Rheumatology,2025-03-27,2025,Outpatient,11686.0
Small Volume Specialties,2025-03-27,2025,Outpatient,524.0
Urology,2025-03-27,2025,Outpatient,22137.0
Vascular Surgery,2025-03-27,2025,Outpatient,12554.0
Cardio-Thoracic Surgery,2025-03-27,2025,Outpatient,33.0
Cardiology,2025-03-27,2025,Outpatient,28.0
Clinical (Medical) Genetics,2025-03-27,2025,Outpatient,58.0
Clinical Immunology,2025-03-27,2025,Outpatient,807.0
Dental Surgery,2025-03-27,2025,Outpatient,419.0
Dermatology,2025-03-27,2025,Outpatient,3969.0
Developmental Paediatrics,2025-03-27,2025,Outpatient,694.0
General Surgery,2025-03-27,2025,Outpatient,1016.0
Gynaecology,2025-03-27,2025,Outpatient,587.0
Haematology,2025-03-27,2025,Outpatient,38.0
Immunology,2025-03-27,2025,Outpatient,373.0
Maxillo-Facial,2025-03-27,2025,Outpatient,354.0
Ophthalmology,2025-03-27,2025,Outpatient,3391.0
Orthopaedics,2025-03-27,2025,Outpatient,2366.0
Otolaryngology (ENT),2025-03-27,2025,Outpatient,8228.0
Paed Cardiology,2025-03-27,2025,Outpatient,3569.0
Paed Endocrinology,2025-03-27,2025,Outpatient,730.0
Paed Gastro-Enterol,2025-03-27,2025,Outpatient,1027.0
Paed Haematology,2025-03-27,2025,Outpatient,340.0
Paed Metabolic Medicine,2025-03-27,2025,Outpatient,29.0
Paed Nephrology,2025-03-27,2025,Outpatient,559.0
Paed Orthopaedic,2025-03-27,2025,Outpatient,3477.0
Paediatric Dermatology,2025-03-27,2025,Outpatient,6490.0
Paediatric ENT,2025-03-27,2025,Outpatient,6062.0
Paediatric Infectious Diseases,2025-03-27,2025,Outpatient,54.0
Paediatric Neurology,2025-03-27,2025,Outpatient,1771.0
Paediatric Neurosurgery,2025-03-27,2025,Outpatient,74.0
Paediatric Respiratory Medicine,2025-03-27,2025,Outpatient,1641.0
Paediatric Surgery,2025-03-27,2025,Outpatient,1655.0
Paediatric Urology,2025-03-27,2025,Outpatient,2260.0
Paediatrics,2025-03-27,2025,Outpatient,18647.0
Pain Relief,2025-03-27,2025,Outpatient,60.0
Plastic Surgery,2025-03-27,2025,Outpatient,1205.0
Rheumatology,2025-03-27,2025,Outpatient,649.0
Small Volume Specialties,2025-03-27,2025,Outpatient,643.0
Urology,2025-03-27,2025,Outpatient,2021.0
Anaesthetics,2025-04-24,2025,Outpatient,58.0
Breast Surgery,2025-04-24,2025,Outpatient,2427.0
Cardio-Thoracic Surgery,2025-04-24,2025,Outpatient,414.0
Cardiology,2025-04-24,2025,Outpatient,39256.0
Chemical Pathology,2025-04-24,2025,Outpatient,99.0
Clinical (Medical) Genetics,2025-04-24,2025,Outpatient,2803.0
Clinical Immunology,2025-04-24,2025,Outpatient,3897.0
Dermatology,2025-04-24,2025,Outpatient,53713.0
Diabetes Mellitus,2025-04-24,2025,Outpatient,1918.0
Endocrinology,2025-04-24,2025,Outpatient,20328.0
Gastro-Enterology,2025-04-24,2025,Outpatient,18236.0
Gastro-Intestinal Surgery,2025-04-24,2025,Outpatient,511.0
General Medicine,2025-04-24,2025,Outpatient,11595.0
General Surgery,2025-04-24,2025,Outpatient,32659.0
Geriatric Medicine,2025-04-24,2025,Outpatient,4254.0
Gynaecology,2025-04-24,2025,Outpatient,30490.0
Haematology,2025-04-24,2025,Outpatient,10591.0
Hepato-Biliary Surgery,2025-04-24,2025,Outpatient,135.0
Infectious Diseases,2025-04-24,2025,Outpatient,1413.0
Maxillo-Facial,2025-04-24,2025,Outpatient,2730.0
Metabolic Medicine,2025-04-24,2025,Outpatient,131.0
Nephrology,2025-04-24,2025,Outpatient,3729.0
Neurology,2025-04-24,2025,Outpatient,21783.0
Neurosurgery,2025-04-24,2025,Outpatient,11098.0
Obstetrics,2025-04-24,2025,Outpatient,23.0
Oncology,2025-04-24,2025,Outpatient,660.0
Ophthalmology,2025-04-24,2025,Outpatient,35407.0
Orthopaedics,2025-04-24,2025,Outpatient,64204.0
Otolaryngology (ENT),2025-04-24,2025,Outpatient,34523.0
Paed Cardiology,2025-04-24,2025,Outpatient,28.0
Paediatric Neurology,2025-04-24,2025,Outpatient,37.0
Paediatrics,2025-04-24,2025,Outpatient,160.0
Pain Relief,2025-04-24,2025,Outpatient,14200.0
Pathology,2025-04-24,2025,Outpatient,178.0
Plastic Surgery,2025-04-24,2025,Outpatient,13424.0
Psychiatry,2025-04-24,2025,Outpatient,523.0
Radiotherapy,2025-04-24,2025,Outpatient,29.0
Respiratory Medicine,2025-04-24,2025,Outpatient,24821.0
Rheumatology,2025-04-24,2025,Outpatient,12112.0
Small Volume Specialties,2025-04-24,2025,Outpatient,484.0
Urology,2025-04-24,2025,Outpatient,22552.0
Vascular Surgery,2025-04-24,2025,Outpatient,12600.0
Cardio-Thoracic Surgery,2025-04-24,2025,Outpatient,23.0
Clinical (Medical) Genetics,2025-04-24,2025,Outpatient,58.0
Clinical Immunology,2025-04-24,2025,Outpatient,775.0
Dental Surgery,2025-04-24,2025,Outpatient,414.0
Dermatology,2025-04-24,2025,Outpatient,3973.0
Developmental Paediatrics,2025-04-24,2025,Outpatient,681.0
General Surgery,2025-04-24,2025,Outpatient,1043.0
Gynaecology,2025-04-24,2025,Outpatient,582.0
Haematology,2025-04-24,2025,Outpatient,37.0
Immunology,2025-04-24,2025,Outpatient,345.0
Maxillo-Facial,2025-04-24,2025,Outpatient,356.0
Ophthalmology,2025-04-24,2025,Outpatient,3339.0
Orthopaedics,2025-04-24,2025,Outpatient,2375.0
Otolaryngology (ENT),2025-04-24,2025,Outpatient,8319.0
Paed Cardiology,2025-04-24,2025,Outpatient,3430.0
Paed Endocrinology,2025-04-24,2025,Outpatient,748.0
Paed Gastro-Enterol,2025-04-24,2025,Outpatient,1025.0
Paed Haematology,2025-04-24,2025,Outpatient,319.0
Paed Metabolic Medicine,2025-04-24,2025,Outpatient,25.0
Paed Nephrology,2025-04-24,2025,Outpatient,566.0
Paed Orthopaedic,2025-04-24,2025,Outpatient,3547.0
Paediatric Dermatology,2025-04-24,2025,Outpatient,6455.0
Paediatric ENT,2025-04-24,2025,Outpatient,5925.0
Paediatric Infectious Diseases,2025-04-24,2025,Outpatient,41.0
Paediatric Neurology,2025-04-24,2025,Outpatient,1693.0
Paediatric Neurosurgery,2025-04-24,2025,Outpatient,64.0
Paediatric Respiratory Medicine,2025-04-24,2025,Outpatient,1630.0
Paediatric Surgery,2025-04-24,2025,Outpatient,1532.0
Paediatric Urology,2025-04-24,2025,Outpatient,2166.0
Paediatrics,2025-04-24,2025,Outpatient,18445.0
Pain Relief,2025-04-24,2025,Outpatient,55.0
Plastic Surgery,2025-04-24,2025,Outpatient,1213.0
Rheumatology,2025-04-24,2025,Outpatient,627.0
Small Volume Specialties,2025-04-24,2025,Outpatient,655.0
Urology,2025-04-24,2025,Outpatient,2003.0
Anaesthetics,2025-05-29,2025,Outpatient,48.0
Breast Surgery,2025-05-29,2025,Outpatient,2693.0
Cardio-Thoracic Surgery,2025-05-29,2025,Outpatient,420.0
Cardiology,2025-05-29,2025,Outpatient,38566.0
Chemical Pathology,2025-05-29,2025,Outpatient,94.0
Clinical (Medical) Genetics,2025-05-29,2025,Outpatient,2795.0
Clinical Immunology,2025-05-29,2025,Outpatient,3770.0
Dermatology,2025-05-29,2025,Outpatient,54594.0
Diabetes Mellitus,2025-05-29,2025,Outpatient,1705.0
Endocrinology,2025-05-29,2025,Outpatient,20602.0
Gastro-Enterology,2025-05-29,2025,Outpatient,18492.0
Gastro-Intestinal Surgery,2025-05-29,2025,Outpatient,589.0
General Medicine,2025-05-29,2025,Outpatient,11455.0
General Surgery,2025-05-29,2025,Outpatient,32270.0
Geriatric Medicine,2025-05-29,2025,Outpatient,4274.0
Gynaecology,2025-05-29,2025,Outpatient,31017.0
Haematology,2025-05-29,2025,Outpatient,10714.0
Hepato-Biliary Surgery,2025-05-29,2025,Outpatient,155.0
Infectious Diseases,2025-05-29,2025,Outpatient,1358.0
Maxillo-Facial,2025-05-29,2025,Outpatient,2906.0
Metabolic Medicine,2025-05-29,2025,Outpatient,136.0
Nephrology,2025-05-29,2025,Outpatient,3804.0
Neurology,2025-05-29,2025,Outpatient,21393.0
Neurosurgery,2025-05-29,2025,Outpatient,10400.0
Obstetrics,2025-05-29,2025,Outpatient,56.0
Oncology,2025-05-29,2025,Outpatient,585.0
Ophthalmology,2025-05-29,2025,Outpatient,36811.0
Orthopaedics,2025-05-29,2025,Outpatient,63897.0
Otolaryngology (ENT),2025-05-29,2025,Outpatient,34863.0
Paed Cardiology,2025-05-29,2025,Outpatient,28.0
Paediatric Neurology,2025-05-29,2025,Outpatient,34.0
Paediatrics,2025-05-29,2025,Outpatient,161.0
Pain Relief,2025-05-29,2025,Outpatient,14264.0
Pathology,2025-05-29,2025,Outpatient,198.0
Plastic Surgery,2025-05-29,2025,Outpatient,13339.0
Psychiatry,2025-05-29,2025,Outpatient,495.0
Radiotherapy,2025-05-29,2025,Outpatient,45.0
Respiratory Medicine,2025-05-29,2025,Outpatient,25132.0
Rheumatology,2025-05-29,2025,Outpatient,12605.0
Small Volume Specialties,2025-05-29,2025,Outpatient,581.0
Urology,2025-05-29,2025,Outpatient,22713.0
Vascular Surgery,2025-05-29,2025,Outpatient,12685.0
Cardio-Thoracic Surgery,2025-05-29,2025,Outpatient,25.0
Clinical (Medical) Genetics,2025-05-29,2025,Outpatient,84.0
Clinical Immunology,2025-05-29,2025,Outpatient,823.0
Dental Surgery,2025-05-29,2025,Outpatient,396.0
Dermatology,2025-05-29,2025,Outpatient,4034.0
Developmental Paediatrics,2025-05-29,2025,Outpatient,635.0
General Surgery,2025-05-29,2025,Outpatient,1066.0
Gynaecology,2025-05-29,2025,Outpatient,655.0
Haematology,2025-05-29,2025,Outpatient,27.0
Immunology,2025-05-29,2025,Outpatient,356.0
Maxillo-Facial,2025-05-29,2025,Outpatient,349.0
Ophthalmology,2025-05-29,2025,Outpatient,3348.0
Orthopaedics,2025-05-29,2025,Outpatient,2381.0
Otolaryngology (ENT),2025-05-29,2025,Outpatient,8448.0
Paed Cardiology,2025-05-29,2025,Outpatient,3263.0
Paed Endocrinology,2025-05-29,2025,Outpatient,732.0
Paed Gastro-Enterol,2025-05-29,2025,Outpatient,1048.0
Paed Haematology,2025-05-29,2025,Outpatient,321.0
Paed Nephrology,2025-05-29,2025,Outpatient,549.0
Paed Orthopaedic,2025-05-29,2025,Outpatient,3520.0
Paediatric Dermatology,2025-05-29,2025,Outpatient,6580.0
Paediatric ENT,2025-05-29,2025,Outpatient,5782.0
Paediatric Infectious Diseases,2025-05-29,2025,Outpatient,38.0
Paediatric Neurology,2025-05-29,2025,Outpatient,1770.0
Paediatric Neurosurgery,2025-05-29,2025,Outpatient,64.0
Paediatric Respiratory Medicine,2025-05-29,2025,Outpatient,1580.0
Paediatric Surgery,2025-05-29,2025,Outpatient,1661.0
Paediatric Urology,2025-05-29,2025,Outpatient,1739.0
Paediatrics,2025-05-29,2025,Outpatient,18301.0
Pain Relief,2025-05-29,2025,Outpatient,63.0
Plastic Surgery,2025-05-29,2025,Outpatient,1250.0
Rheumatology,2025-05-29,2025,Outpatient,625.0
Small Volume Specialties,2025-05-29,2025,Outpatient,663.0
Urology,2025-05-29,2025,Outpatient,2000.0
Anaesthetics,2025-06-26,2025,Outpatient,68.0
Breast Surgery,2025-06-26,2025,Outpatient,2999.0
Cardio-Thoracic Surgery,2025-06-26,2025,Outpatient,420.0
Cardiology,2025-06-26,2025,Outpatient,39323.0
Chemical Pathology,2025-06-26,2025,Outpatient,95.0
Clinical (Medical) Genetics,2025-06-26,2025,Outpatient,2863.0
Clinical Immunology,2025-06-26,2025,Outpatient,3880.0
Dermatology,2025-06-26,2025,Outpatient,56104.0
Diabetes Mellitus,2025-06-26,2025,Outpatient,1790.0
Endocrinology,2025-06-26,2025,Outpatient,21250.0
Gastro-Enterology,2025-06-26,2025,Outpatient,18916.0
Gastro-Intestinal Surgery,2025-06-26,2025,Outpatient,694.0
General Medicine,2025-06-26,2025,Outpatient,11711.0
General Surgery,2025-06-26,2025,Outpatient,32941.0
Geriatric Medicine,2025-06-26,2025,Outpatient,4439.0
Gynaecology,2025-06-26,2025,Outpatient,31675.0
Haematology,2025-06-26,2025,Outpatient,11193.0
Hepato-Biliary Surgery,2025-06-26,2025,Outpatient,178.0
Infectious Diseases,2025-06-26,2025,Outpatient,1352.0
Maxillo-Facial,2025-06-26,2025,Outpatient,2851.0
Metabolic Medicine,2025-06-26,2025,Outpatient,145.0
Nephrology,2025-06-26,2025,Outpatient,3872.0
Neurology,2025-06-26,2025,Outpatient,21959.0
Neurosurgery,2025-06-26,2025,Outpatient,11124.0
Obstetrics,2025-06-26,2025,Outpatient,46.0
Oncology,2025-06-26,2025,Outpatient,686.0
Ophthalmology,2025-06-26,2025,Outpatient,37498.0
Orthopaedics,2025-06-26,2025,Outpatient,65569.0
Otolaryngology (ENT),2025-06-26,2025,Outpatient,35533.0
Paed Cardiology,2025-06-26,2025,Outpatient,29.0
Paediatric Neurology,2025-06-26,2025,Outpatient,21.0
Paediatrics,2025-06-26,2025,Outpatient,159.0
Pain Relief,2025-06-26,2025,Outpatient,14598.0
Pathology,2025-06-26,2025,Outpatient,179.0
Plastic Surgery,2025-06-26,2025,Outpatient,14444.0
Psychiatry,2025-06-26,2025,Outpatient,558.0
Radiology,2025-06-26,2025,Outpatient,26.0
Radiotherapy,2025-06-26,2025,Outpatient,55.0
Respiratory Medicine,2025-06-26,2025,Outpatient,25418.0
Rheumatology,2025-06-26,2025,Outpatient,13155.0
Small Volume Specialties,2025-06-26,2025,Outpatient,447.0
Urology,2025-06-26,2025,Outpatient,23232.0
Vascular Surgery,2025-06-26,2025,Outpatient,13002.0
Cardio-Thoracic Surgery,2025-06-26,2025,Outpatient,22.0
Clinical (Medical) Genetics,2025-06-26,2025,Outpatient,67.0
Clinical Immunology,2025-06-26,2025,Outpatient,838.0
Dental Surgery,2025-06-26,2025,Outpatient,401.0
Dermatology,2025-06-26,2025,Outpatient,3997.0
Developmental Paediatrics,2025-06-26,2025,Outpatient,657.0
General Surgery,2025-06-26,2025,Outpatient,1036.0
Gynaecology,2025-06-26,2025,Outpatient,608.0
Haematology,2025-06-26,2025,Outpatient,23.0
Immunology,2025-06-26,2025,Outpatient,354.0
Maxillo-Facial,2025-06-26,2025,Outpatient,326.0
Ophthalmology,2025-06-26,2025,Outpatient,3367.0
Orthopaedics,2025-06-26,2025,Outpatient,2407.0
Otolaryngology (ENT),2025-06-26,2025,Outpatient,8437.0
Paed Cardiology,2025-06-26,2025,Outpatient,3154.0
Paed Endocrinology,2025-06-26,2025,Outpatient,765.0
Paed Gastro-Enterol,2025-06-26,2025,Outpatient,985.0
Paed Haematology,2025-06-26,2025,Outpatient,316.0
Paed Metabolic Medicine,2025-06-26,2025,Outpatient,22.0
Paed Nephrology,2025-06-26,2025,Outpatient,549.0
Paed Orthopaedic,2025-06-26,2025,Outpatient,3513.0
Paediatric Dermatology,2025-06-26,2025,Outpatient,6786.0
Paediatric ENT,2025-06-26,2025,Outpatient,5658.0
Paediatric Infectious Diseases,2025-06-26,2025,Outpatient,24.0
Paediatric Neurology,2025-06-26,2025,Outpatient,1731.0
Paediatric Neurosurgery,2025-06-26,2025,Outpatient,58.0
Paediatric Respiratory Medicine,2025-06-26,2025,Outpatient,1575.0
Paediatric Surgery,2025-06-26,2025,Outpatient,1563.0
Paediatric Urology,2025-06-26,2025,Outpatient,1832.0
Paediatrics,2025-06-26,2025,Outpatient,18080.0
Pain Relief,2025-06-26,2025,Outpatient,65.0
Plastic Surgery,2025-06-26,2025,Outpatient,1309.0
Rheumatology,2025-06-26,2025,Outpatient,630.0
Small Volume Specialties,2025-06-26,2025,Outpatient,696.0
Urology,2025-06-26,2025,Outpatient,2043.0
Anaesthetics,2025-07-31,2025,Outpatient,51.0
Breast Surgery,2025-07-31,2025,Outpatient,3385.0
Cardio-Thoracic Surgery,2025-07-31,2025,Outpatient,399.0
Cardiology,2025-07-31,2025,Outpatient,40418.0
Chemical Pathology,2025-07-31,2025,Outpatient,103.0
Clinical (Medical) Genetics,2025-07-31,2025,Outpatient,2918.0
Clinical Immunology,2025-07-31,2025,Outpatient,3902.0
Dermatology,2025-07-31,2025,Outpatient,58457.0
Diabetes Mellitus,2025-07-31,2025,Outpatient,1862.0
Endocrinology,2025-07-31,2025,Outpatient,21777.0
Gastro-Enterology,2025-07-31,2025,Outpatient,20044.0
Gastro-Intestinal Surgery,2025-07-31,2025,Outpatient,810.0
General Medicine,2025-07-31,2025,Outpatient,12091.0
General Surgery,2025-07-31,2025,Outpatient,33090.0
Geriatric Medicine,2025-07-31,2025,Outpatient,4440.0
Gynaecology,2025-07-31,2025,Outpatient,32848.0
Haematology,2025-07-31,2025,Outpatient,11566.0
Hepato-Biliary Surgery,2025-07-31,2025,Outpatient,180.0
Infectious Diseases,2025-07-31,2025,Outpatient,1319.0
Maxillo-Facial,2025-07-31,2025,Outpatient,3180.0
Metabolic Medicine,2025-07-31,2025,Outpatient,134.0
Nephrology,2025-07-31,2025,Outpatient,4004.0
Neurology,2025-07-31,2025,Outpatient,22252.0
Neurosurgery,2025-07-31,2025,Outpatient,11324.0
Obstetrics,2025-07-31,2025,Outpatient,114.0
Oncology,2025-07-31,2025,Outpatient,723.0
Ophthalmology,2025-07-31,2025,Outpatient,37661.0
Orthopaedics,2025-07-31,2025,Outpatient,67970.0
Otolaryngology (ENT),2025-07-31,2025,Outpatient,35291.0
Paed Cardiology,2025-07-31,2025,Outpatient,28.0
Paediatrics,2025-07-31,2025,Outpatient,166.0
Pain Relief,2025-07-31,2025,Outpatient,14830.0
Pathology,2025-07-31,2025,Outpatient,196.0
Plastic Surgery,2025-07-31,2025,Outpatient,15444.0
Psychiatry,2025-07-31,2025,Outpatient,509.0
Radiotherapy,2025-07-31,2025,Outpatient,47.0
Respiratory Medicine,2025-07-31,2025,Outpatient,25704.0
Rheumatology,2025-07-31,2025,Outpatient,13183.0
Small Volume Specialties,2025-07-31,2025,Outpatient,628.0
Urology,2025-07-31,2025,Outpatient,24216.0
Vascular Surgery,2025-07-31,2025,Outpatient,14054.0
Cardio-Thoracic Surgery,2025-07-31,2025,Outpatient,21.0
Clinical (Medical) Genetics,2025-07-31,2025,Outpatient,59.0
Clinical Immunology,2025-07-31,2025,Outpatient,824.0
Dental Surgery,2025-07-31,2025,Outpatient,411.0
Dermatology,2025-07-31,2025,Outpatient,3622.0
Developmental Paediatrics,2025-07-31,2025,Outpatient,650.0
General Surgery,2025-07-31,2025,Outpatient,1043.0
Gynaecology,2025-07-31,2025,Outpatient,566.0
Haematology,2025-07-31,2025,Outpatient,23.0
Immunology,2025-07-31,2025,Outpatient,341.0
Maxillo-Facial,2025-07-31,2025,Outpatient,360.0
Ophthalmology,2025-07-31,2025,Outpatient,3356.0
Orthopaedics,2025-07-31,2025,Outpatient,2387.0
Otolaryngology (ENT),2025-07-31,2025,Outpatient,8292.0
Paed Cardiology,2025-07-31,2025,Outpatient,3181.0
Paed Endocrinology,2025-07-31,2025,Outpatient,786.0
Paed Gastro-Enterol,2025-07-31,2025,Outpatient,1008.0
Paed Haematology,2025-07-31,2025,Outpatient,301.0
Paed Metabolic Medicine,2025-07-31,2025,Outpatient,25.0
Paed Nephrology,2025-07-31,2025,Outpatient,563.0
Paed Orthopaedic,2025-07-31,2025,Outpatient,3458.0
Paediatric Dermatology,2025-07-31,2025,Outpatient,7287.0
Paediatric ENT,2025-07-31,2025,Outpatient,5266.0
Paediatric Infectious Diseases,2025-07-31,2025,Outpatient,29.0
Paediatric Neurology,2025-07-31,2025,Outpatient,1786.0
Paediatric Neurosurgery,2025-07-31,2025,Outpatient,65.0
Paediatric Respiratory Medicine,2025-07-31,2025,Outpatient,1507.0
Paediatric Surgery,2025-07-31,2025,Outpatient,1843.0
Paediatric Urology,2025-07-31,2025,Outpatient,1473.0
Paediatrics,2025-07-31,2025,Outpatient,17760.0
Pain Relief,2025-07-31,2025,Outpatient,67.0
Plastic Surgery,2025-07-31,2025,Outpatient,1327.0
Rheumatology,2025-07-31,2025,Outpatient,653.0
Small Volume Specialties,2025-07-31,2025,Outpatient,732.0
Urology,2025-07-31,2025,Outpatient,2082.0
Anaesthetics,2025-08-28,2025,Outpatient,40.0
Breast Surgery,2025-08-28,2025,Outpatient,3638.0
Cardio-Thoracic Surgery,2025-08-28,2025,Outpatient,431.0
Cardiology,2025-08-28,2025,Outpatient,40873.0
Chemical Pathology,2025-08-28,2025,Outpatient,82.0
Clinical (Medical) Genetics,2025-08-28,2025,Outpatient,3033.0
Clinical Immunology,2025-08-28,2025,Outpatient,3842.0
Dermatology,2025-08-28,2025,Outpatient,59628.0
Diabetes Mellitus,2025-08-28,2025,Outpatient,1877.0
Endocrinology,2025-08-28,2025,Outpatient,22372.0
Gastro-Enterology,2025-08-28,2025,Outpatient,20227.0
Gastro-Intestinal Surgery,2025-08-28,2025,Outpatient,904.0
General Medicine,2025-08-28,2025,Outpatient,12248.0
General Surgery,2025-08-28,2025,Outpatient,33159.0
Geriatric Medicine,2025-08-28,2025,Outpatient,4501.0
Gynaecology,2025-08-28,2025,Outpatient,34081.0
Haematology,2025-08-28,2025,Outpatient,11764.0
Hepato-Biliary Surgery,2025-08-28,2025,Outpatient,175.0
Infectious Diseases,2025-08-28,2025,Outpatient,1381.0
Maxillo-Facial,2025-08-28,2025,Outpatient,3240.0
Metabolic Medicine,2025-08-28,2025,Outpatient,129.0
Nephrology,2025-08-28,2025,Outpatient,4067.0
Neurology,2025-08-28,2025,Outpatient,22651.0
Neurosurgery,2025-08-28,2025,Outpatient,11147.0
Obstetrics,2025-08-28,2025,Outpatient,114.0
Oncology,2025-08-28,2025,Outpatient,810.0
Ophthalmology,2025-08-28,2025,Outpatient,37571.0
Orthopaedics,2025-08-28,2025,Outpatient,69260.0
Otolaryngology (ENT),2025-08-28,2025,Outpatient,35502.0
Paed Cardiology,2025-08-28,2025,Outpatient,29.0
Paediatrics,2025-08-28,2025,Outpatient,128.0
Pain Relief,2025-08-28,2025,Outpatient,15089.0
Pathology,2025-08-28,2025,Outpatient,188.0
Plastic Surgery,2025-08-28,2025,Outpatient,15637.0
Psychiatry,2025-08-28,2025,Outpatient,559.0
Radiotherapy,2025-08-28,2025,Outpatient,58.0
Respiratory Medicine,2025-08-28,2025,Outpatient,25775.0
Rheumatology,2025-08-28,2025,Outpatient,13699.0
Small Volume Specialties,2025-08-28,2025,Outpatient,567.0
Urology,2025-08-28,2025,Outpatient,24545.0
Vascular Surgery,2025-08-28,2025,Outpatient,14762.0
Cardio-Thoracic Surgery,2025-08-28,2025,Outpatient,24.0
Clinical (Medical) Genetics,2025-08-28,2025,Outpatient,57.0
Clinical Immunology,2025-08-28,2025,Outpatient,832.0
Dental Surgery,2025-08-28,2025,Outpatient,434.0
Dermatology,2025-08-28,2025,Outpatient,3618.0
Developmental Paediatrics,2025-08-28,2025,Outpatient,650.0
General Surgery,2025-08-28,2025,Outpatient,1031.0
Gynaecology,2025-08-28,2025,Outpatient,567.0
Immunology,2025-08-28,2025,Outpatient,379.0
Maxillo-Facial,2025-08-28,2025,Outpatient,365.0
Ophthalmology,2025-08-28,2025,Outpatient,3418.0
Orthopaedics,2025-08-28,2025,Outpatient,2388.0
Otolaryngology (ENT),2025-08-28,2025,Outpatient,8277.0
Paed Cardiology,2025-08-28,2025,Outpatient,3284.0
Paed Endocrinology,2025-08-28,2025,Outpatient,801.0
Paed Gastro-Enterol,2025-08-28,2025,Outpatient,950.0
Paed Haematology,2025-08-28,2025,Outpatient,362.0
Paed Nephrology,2025-08-28,2025,Outpatient,536.0
Paed Orthopaedic,2025-08-28,2025,Outpatient,3501.0
Paediatric Dermatology,2025-08-28,2025,Outpatient,7389.0
Paediatric ENT,2025-08-28,2025,Outpatient,5236.0
Paediatric Infectious Diseases,2025-08-28,2025,Outpatient,33.0
Paediatric Neurology,2025-08-28,2025,Outpatient,1773.0
Paediatric Neurosurgery,2025-08-28,2025,Outpatient,79.0
Paediatric Respiratory Medicine,2025-08-28,2025,Outpatient,1457.0
Paediatric Surgery,2025-08-28,2025,Outpatient,1732.0
Paediatric Urology,2025-08-28,2025,Outpatient,1533.0
Paediatrics,2025-08-28,2025,Outpatient,17612.0
Pain Relief,2025-08-28,2025,Outpatient,65.0
Plastic Surgery,2025-08-28,2025,Outpatient,1351.0
Rheumatology,2025-08-28,2025,Outpatient,651.0
Small Volume Specialties,2025-08-28,2025,Outpatient,709.0
Urology,2025-08-28,2025,Outpatient,2128.0
Anaesthetics,2025-09-25,2025,Outpatient,61.0
Breast Surgery,2025-09-25,2025,Outpatient,3843.0
Cardio-Thoracic Surgery,2025-09-25,2025,Outpatient,435.0
Cardiology,2025-09-25,2025,Outpatient,41093.0
Chemical Pathology,2025-09-25,2025,Outpatient,75.0
Clinical (Medical) Genetics,2025-09-25,2025,Outpatient,3133.0
Clinical Immunology,2025-09-25,2025,Outpatient,3713.0
Clinical Neurophysiology,2025-09-25,2025,Outpatient,34.0
Dermatology,2025-09-25,2025,Outpatient,60239.0
Diabetes Mellitus,2025-09-25,2025,Outpatient,1875.0
Endocrinology,2025-09-25,2025,Outpatient,22517.0
Gastro-Enterology,2025-09-25,2025,Outpatient,20500.0
Gastro-Intestinal Surgery,2025-09-25,2025,Outpatient,919.0
General Medicine,2025-09-25,2025,Outpatient,12150.0
General Surgery,2025-09-25,2025,Outpatient,32885.0
Geriatric Medicine,2025-09-25,2025,Outpatient,4588.0
Gynaecology,2025-09-25,2025,Outpatient,34401.0
Haematology,2025-09-25,2025,Outpatient,11836.0
Hepato-Biliary Surgery,2025-09-25,2025,Outpatient,170.0
Infectious Diseases,2025-09-25,2025,Outpatient,1222.0
Maxillo-Facial,2025-09-25,2025,Outpatient,3348.0
Metabolic Medicine,2025-09-25,2025,Outpatient,129.0
Nephrology,2025-09-25,2025,Outpatient,4016.0
Neurology,2025-09-25,2025,Outpatient,22718.0
Neurosurgery,2025-09-25,2025,Outpatient,11355.0
Obstetrics,2025-09-25,2025,Outpatient,103.0
Oncology,2025-09-25,2025,Outpatient,713.0
Ophthalmology,2025-09-25,2025,Outpatient,37596.0
Orthopaedics,2025-09-25,2025,Outpatient,70471.0
Otolaryngology (ENT),2025-09-25,2025,Outpatient,35816.0
Paed Cardiology,2025-09-25,2025,Outpatient,26.0
Paediatrics,2025-09-25,2025,Outpatient,172.0
Pain Relief,2025-09-25,2025,Outpatient,15537.0
Pathology,2025-09-25,2025,Outpatient,184.0
Plastic Surgery,2025-09-25,2025,Outpatient,16411.0
Psychiatry,2025-09-25,2025,Outpatient,523.0
Radiotherapy,2025-09-25,2025,Outpatient,47.0
Respiratory Medicine,2025-09-25,2025,Outpatient,26021.0
Rheumatology,2025-09-25,2025,Outpatient,13827.0
Small Volume Specialties,2025-09-25,2025,Outpatient,617.0
Urology,2025-09-25,2025,Outpatient,24173.0
Vascular Surgery,2025-09-25,2025,Outpatient,14969.0
Cardio-Thoracic Surgery,2025-09-25,2025,Outpatient,22.0
Clinical (Medical) Genetics,2025-09-25,2025,Outpatient,53.0
Clinical Immunology,2025-09-25,2025,Outpatient,770.0
Dental Surgery,2025-09-25,2025,Outpatient,409.0
Dermatology,2025-09-25,2025,Outpatient,3611.0
Developmental Paediatrics,2025-09-25,2025,Outpatient,590.0
General Surgery,2025-09-25,2025,Outpatient,1070.0
Gynaecology,2025-09-25,2025,Outpatient,608.0
Immunology,2025-09-25,2025,Outpatient,368.0
Maxillo-Facial,2025-09-25,2025,Outpatient,354.0
Ophthalmology,2025-09-25,2025,Outpatient,3364.0
Orthopaedics,2025-09-25,2025,Outpatient,2340.0
Otolaryngology (ENT),2025-09-25,2025,Outpatient,7940.0
Paed Cardiology,2025-09-25,2025,Outpatient,3375.0
Paed Endocrinology,2025-09-25,2025,Outpatient,800.0
Paed Gastro-Enterol,2025-09-25,2025,Outpatient,937.0
Paed Haematology,2025-09-25,2025,Outpatient,351.0
Paed Metabolic Medicine,2025-09-25,2025,Outpatient,22.0
Paed Nephrology,2025-09-25,2025,Outpatient,516.0
Paed Orthopaedic,2025-09-25,2025,Outpatient,3452.0
Paediatric Anaesthetics,2025-09-25,2025,Outpatient,27.0
Paediatric Dermatology,2025-09-25,2025,Outpatient,7268.0
Paediatric ENT,2025-09-25,2025,Outpatient,5077.0
Paediatric Infectious Diseases,2025-09-25,2025,Outpatient,45.0
Paediatric Neurology,2025-09-25,2025,Outpatient,1742.0
Paediatric Neurosurgery,2025-09-25,2025,Outpatient,75.0
Paediatric Respiratory Medicine,2025-09-25,2025,Outpatient,1358.0
Paediatric Surgery,2025-09-25,2025,Outpatient,1617.0
Paediatric Urology,2025-09-25,2025,Outpatient,1611.0
Paediatrics,2025-09-25,2025,Outpatient,17400.0
Pain Relief,2025-09-25,2025,Outpatient,54.0
Plastic Surgery,2025-09-25,2025,Outpatient,1328.0
Rheumatology,2025-09-25,2025,Outpatient,674.0
Small Volume Specialties,2025-09-25,2025,Outpatient,647.0
Urology,2025-09-25,2025,Outpatient,2166.0
Vascular Surgery,2025-09-25,2025,Outpatient,23.0
Anaesthetics,2025-10-30,2025,Outpatient,61.0
Breast Surgery,2025-10-30,2025,Outpatient,3267.0
Breast Surgery,2025-10-30,2025,Outpatient,1093.0
Cardio-Thoracic Surgery,2025-10-30,2025,Outpatient,455.0
Cardiology,2025-10-30,2025,Outpatient,38724.0
Cardiology,2025-10-30,2025,Outpatient,2360.0
Chemical Pathology,2025-10-30,2025,Outpatient,72.0
Clinical (Medical) Genetics,2025-10-30,2025,Outpatient,2878.0
Clinical Immunology,2025-10-30,2025,Outpatient,1417.0
Clinical Immunology,2025-10-30,2025,Outpatient,2179.0
Dermatology,2025-10-30,2025,Outpatient,4997.0
Dermatology,2025-10-30,2025,Outpatient,54248.0
Diabetes Mellitus,2025-10-30,2025,Outpatient,1735.0
Endocrinology,2025-10-30,2025,Outpatient,20459.0
Endocrinology,2025-10-30,2025,Outpatient,2345.0
Gastro-Enterology,2025-10-30,2025,Outpatient,1241.0
Gastro-Enterology,2025-10-30,2025,Outpatient,19059.0
Gastro-Intestinal Surgery,2025-10-30,2025,Outpatient,954.0
General Medicine,2025-10-30,2025,Outpatient,12109.0
General Surgery,2025-10-30,2025,Outpatient,31783.0
General Surgery,2025-10-30,2025,Outpatient,795.0
Geriatric Medicine,2025-10-30,2025,Outpatient,368.0
Geriatric Medicine,2025-10-30,2025,Outpatient,4236.0
Gynaecology,2025-10-30,2025,Outpatient,889.0
Gynaecology,2025-10-30,2025,Outpatient,34149.0
Haematology,2025-10-30,2025,Outpatient,9979.0
Haematology,2025-10-30,2025,Outpatient,1574.0
Hepato-Biliary Surgery,2025-10-30,2025,Outpatient,169.0
Infectious Diseases,2025-10-30,2025,Outpatient,1024.0
Infectious Diseases,2025-10-30,2025,Outpatient,35.0
Maxillo-Facial,2025-10-30,2025,Outpatient,3284.0
Maxillo-Facial,2025-10-30,2025,Outpatient,56.0
Metabolic Medicine,2025-10-30,2025,Outpatient,144.0
Nephrology,2025-10-30,2025,Outpatient,206.0
Nephrology,2025-10-30,2025,Outpatient,3902.0
Neurology,2025-10-30,2025,Outpatient,18163.0
Neurology,2025-10-30,2025,Outpatient,5379.0
Neurosurgery,2025-10-30,2025,Outpatient,5088.0
Neurosurgery,2025-10-30,2025,Outpatient,6014.0
Obstetrics,2025-10-30,2025,Outpatient,92.0
Oncology,2025-10-30,2025,Outpatient,42.0
Oncology,2025-10-30,2025,Outpatient,768.0
Ophthalmology,2025-10-30,2025,Outpatient,37206.0
Ophthalmology,2025-10-30,2025,Outpatient,1005.0
Orthopaedics,2025-10-30,2025,Outpatient,3496.0
Orthopaedics,2025-10-30,2025,Outpatient,67610.0
Otolaryngology (ENT),2025-10-30,2025,Outpatient,32552.0
Otolaryngology (ENT),2025-10-30,2025,Outpatient,2967.0
Paed Cardiology,2025-10-30,2025,Outpatient,27.0
Paediatrics,2025-10-30,2025,Outpatient,184.0
Pain Relief,2025-10-30,2025,Outpatient,13325.0
Pain Relief,2025-10-30,2025,Outpatient,2200.0
Pathology,2025-10-30,2025,Outpatient,198.0
Plastic Surgery,2025-10-30,2025,Outpatient,13743.0
Plastic Surgery,2025-10-30,2025,Outpatient,2805.0
Psychiatry,2025-10-30,2025,Outpatient,551.0
Psychiatry,2025-10-30,2025,Outpatient,22.0
Radiotherapy,2025-10-30,2025,Outpatient,36.0
Respiratory Medicine,2025-10-30,2025,Outpatient,24201.0
Respiratory Medicine,2025-10-30,2025,Outpatient,1761.0
Rheumatology,2025-10-30,2025,Outpatient,576.0
Rheumatology,2025-10-30,2025,Outpatient,13239.0
Small Volume Specialties,2025-10-30,2025,Outpatient,9.0
Small Volume Specialties,2025-10-30,2025,Outpatient,669.0
Urology,2025-10-30,2025,Outpatient,21291.0
Urology,2025-10-30,2025,Outpatient,3505.0
Vascular Surgery,2025-10-30,2025,Outpatient,1632.0
Vascular Surgery,2025-10-30,2025,Outpatient,13268.0
Clinical (Medical) Genetics,2025-10-30,2025,Outpatient,46.0
Clinical Immunology,2025-10-30,2025,Outpatient,727.0
Dental Surgery,2025-10-30,2025,Outpatient,358.0
Dermatology,2025-10-30,2025,Outpatient,3504.0
Developmental Paediatrics,2025-10-30,2025,Outpatient,591.0
General Surgery,2025-10-30,2025,Outpatient,1058.0
Gynaecology,2025-10-30,2025,Outpatient,620.0
Immunology,2025-10-30,2025,Outpatient,343.0
Maxillo-Facial,2025-10-30,2025,Outpatient,339.0
Neurology,2025-10-30,2025,Outpatient,21.0
Ophthalmology,2025-10-30,2025,Outpatient,3307.0
Orthopaedics,2025-10-30,2025,Outpatient,2301.0
Otolaryngology (ENT),2025-10-30,2025,Outpatient,7756.0
Paed Cardiology,2025-10-30,2025,Outpatient,3563.0
Paed Endocrinology,2025-10-30,2025,Outpatient,821.0
Paed Gastro-Enterol,2025-10-30,2025,Outpatient,897.0
Paed Haematology,2025-10-30,2025,Outpatient,356.0
Paed Metabolic Medicine,2025-10-30,2025,Outpatient,21.0
Paed Nephrology,2025-10-30,2025,Outpatient,524.0
Paed Orthopaedic,2025-10-30,2025,Outpatient,3411.0
Paediatric Anaesthetics,2025-10-30,2025,Outpatient,27.0
Paediatric Dermatology,2025-10-30,2025,Outpatient,7246.0
Paediatric ENT,2025-10-30,2025,Outpatient,4817.0
Paediatric Infectious Diseases,2025-10-30,2025,Outpatient,46.0
Paediatric Neurology,2025-10-30,2025,Outpatient,1709.0
Paediatric Neurosurgery,2025-10-30,2025,Outpatient,56.0
Paediatric Respiratory Medicine,2025-10-30,2025,Outpatient,1331.0
Paediatric Surgery,2025-10-30,2025,Outpatient,1539.0
Paediatric Urology,2025-10-30,2025,Outpatient,1623.0
Paediatrics,2025-10-30,2025,Outpatient,17286.0
Pain Relief,2025-10-30,2025,Outpatient,47.0
Plastic Surgery,2025-10-30,2025,Outpatient,1298.0
Rheumatology,2025-10-30,2025,Outpatient,681.0
Small Volume Specialties,2025-10-30,2025,Outpatient,595.0
Small Volume Specialties,2025-10-30,2025,Outpatient,51.0
Urology,2025-10-30,2025,Outpatient,2169.0
Anaesthetics,2025-11-27,2025,Outpatient,28.0
Breast Surgery,2025-11-27,2025,Outpatient,2900.0
Breast Surgery,2025-11-27,2025,Outpatient,958.0
Cardio-Thoracic Surgery,2025-11-27,2025,Outpatient,450.0
Cardiology,2025-11-27,2025,Outpatient,38449.0
Cardiology,2025-11-27,2025,Outpatient,2367.0
Chemical Pathology,2025-11-27,2025,Outpatient,83.0
Clinical (Medical) Genetics,2025-11-27,2025,Outpatient,2835.0
Clinical Immunology,2025-11-27,2025,Outpatient,2135.0
Clinical Immunology,2025-11-27,2025,Outpatient,1461.0
Dermatology,2025-11-27,2025,Outpatient,5018.0
Dermatology,2025-11-27,2025,Outpatient,53695.0
Diabetes Mellitus,2025-11-27,2025,Outpatient,1695.0
Endocrinology,2025-11-27,2025,Outpatient,20391.0
Endocrinology,2025-11-27,2025,Outpatient,2280.0
Gastro-Enterology,2025-11-27,2025,Outpatient,1066.0
Gastro-Enterology,2025-11-27,2025,Outpatient,19201.0
Gastro-Intestinal Surgery,2025-11-27,2025,Outpatient,1018.0
General Medicine,2025-11-27,2025,Outpatient,12041.0
General Surgery,2025-11-27,2025,Outpatient,31538.0
General Surgery,2025-11-27,2025,Outpatient,802.0
Geriatric Medicine,2025-11-27,2025,Outpatient,604.0
Geriatric Medicine,2025-11-27,2025,Outpatient,4253.0
Gynaecology,2025-11-27,2025,Outpatient,35181.0
Gynaecology,2025-11-27,2025,Outpatient,850.0
Haematology,2025-11-27,2025,Outpatient,1503.0
Haematology,2025-11-27,2025,Outpatient,9976.0
Hepato-Biliary Surgery,2025-11-27,2025,Outpatient,178.0
Infectious Diseases,2025-11-27,2025,Outpatient,951.0
Infectious Diseases,2025-11-27,2025,Outpatient,24.0
Maxillo-Facial,2025-11-27,2025,Outpatient,64.0
Maxillo-Facial,2025-11-27,2025,Outpatient,2919.0
Metabolic Medicine,2025-11-27,2025,Outpatient,147.0
Nephrology,2025-11-27,2025,Outpatient,3817.0
Nephrology,2025-11-27,2025,Outpatient,277.0
Neurology,2025-11-27,2025,Outpatient,5579.0
Neurology,2025-11-27,2025,Outpatient,18240.0
Neurosurgery,2025-11-27,2025,Outpatient,4954.0
Neurosurgery,2025-11-27,2025,Outpatient,6236.0
Obstetrics,2025-11-27,2025,Outpatient,126.0
Oncology,2025-11-27,2025,Outpatient,764.0
Oncology,2025-11-27,2025,Outpatient,61.0
Ophthalmology,2025-11-27,2025,Outpatient,1013.0
Ophthalmology,2025-11-27,2025,Outpatient,37283.0
Orthopaedics,2025-11-27,2025,Outpatient,67205.0
Orthopaedics,2025-11-27,2025,Outpatient,3454.0
Otolaryngology (ENT),2025-11-27,2025,Outpatient,3285.0
Otolaryngology (ENT),2025-11-27,2025,Outpatient,32302.0
Paed Cardiology,2025-11-27,2025,Outpatient,34.0
Paediatrics,2025-11-27,2025,Outpatient,183.0
Pain Relief,2025-11-27,2025,Outpatient,13684.0
Pain Relief,2025-11-27,2025,Outpatient,2291.0
Pathology,2025-11-27,2025,Outpatient,192.0
Plastic Surgery,2025-11-27,2025,Outpatient,13100.0
Plastic Surgery,2025-11-27,2025,Outpatient,2821.0
Psychiatry,2025-11-27,2025,Outpatient,26.0
Psychiatry,2025-11-27,2025,Outpatient,532.0
Radiotherapy,2025-11-27,2025,Outpatient,40.0
Respiratory Medicine,2025-11-27,2025,Outpatient,23876.0
Respiratory Medicine,2025-11-27,2025,Outpatient,1732.0
Rheumatology,2025-11-27,2025,Outpatient,622.0
Rheumatology,2025-11-27,2025,Outpatient,13073.0
Small Volume Specialties,2025-11-27,2025,Outpatient,678.0
Small Volume Specialties,2025-11-27,2025,Outpatient,2.0
Urology,2025-11-27,2025,Outpatient,3760.0
Urology,2025-11-27,2025,Outpatient,21034.0
Vascular Surgery,2025-11-27,2025,Outpatient,12787.0
Vascular Surgery,2025-11-27,2025,Outpatient,1611.0
Cardio-Thoracic Surgery,2025-11-27,2025,Outpatient,24.0
Clinical (Medical) Genetics,2025-11-27,2025,Outpatient,31.0
Clinical Immunology,2025-11-27,2025,Outpatient,722.0
Dental Surgery,2025-11-27,2025,Outpatient,330.0
Dermatology,2025-11-27,2025,Outpatient,3525.0
Developmental Paediatrics,2025-11-27,2025,Outpatient,581.0
General Surgery,2025-11-27,2025,Outpatient,1054.0
Gynaecology,2025-11-27,2025,Outpatient,607.0
Immunology,2025-11-27,2025,Outpatient,309.0
Maxillo-Facial,2025-11-27,2025,Outpatient,336.0
Ophthalmology,2025-11-27,2025,Outpatient,3288.0
Orthopaedics,2025-11-27,2025,Outpatient,2249.0
Otolaryngology (ENT),2025-11-27,2025,Outpatient,7502.0
Otolaryngology (ENT),2025-11-27,2025,Outpatient,22.0
Paed Cardiology,2025-11-27,2025,Outpatient,3659.0
Paed Endocrinology,2025-11-27,2025,Outpatient,788.0
Paed Gastro-Enterol,2025-11-27,2025,Outpatient,789.0
Paed Haematology,2025-11-27,2025,Outpatient,358.0
Paed Nephrology,2025-11-27,2025,Outpatient,526.0
Paed Orthopaedic,2025-11-27,2025,Outpatient,3297.0
Paediatric Anaesthetics,2025-11-27,2025,Outpatient,61.0
Paediatric Dermatology,2025-11-27,2025,Outpatient,7111.0
Paediatric ENT,2025-11-27,2025,Outpatient,4535.0
Paediatric Infectious Diseases,2025-11-27,2025,Outpatient,51.0
Paediatric Neurology,2025-11-27,2025,Outpatient,1703.0
Paediatric Neurosurgery,2025-11-27,2025,Outpatient,48.0
Paediatric Respiratory Medicine,2025-11-27,2025,Outpatient,1272.0
Paediatric Surgery,2025-11-27,2025,Outpatient,1529.0
Paediatric Urology,2025-11-27,2025,Outpatient,1413.0
Paediatrics,2025-11-27,2025,Outpatient,17616.0
Pain Relief,2025-11-27,2025,Outpatient,46.0
Plastic Surgery,2025-11-27,2025,Outpatient,1289.0
Rheumatology,2025-11-27,2025,Outpatient,647.0
Small Volume Specialties,2025-11-27,2025,Outpatient,623.0
Small Volume Specialties,2025-11-27,2025,Outpatient,30.0
Urology,2025-11-27,2025,Outpatient,2112.0
Breast Surgery,2025-12-18,2025,Outpatient,4755.0
Cardio-Thoracic Surgery,2025-12-18,2025,Outpatient,454.0
Cardiology,2025-12-18,2025,Outpatient,39803.0
Chemical Pathology,2025-12-18,2025,Outpatient,283.0
Clinical (Medical) Genetics,2025-12-18,2025,Outpatient,2912.0
Clinical Immunology,2025-12-18,2025,Outpatient,3405.0
Dermatology,2025-12-18,2025,Outpatient,56894.0
Diabetes Mellitus,2025-12-18,2025,Outpatient,1677.0
Endocrinology,2025-12-18,2025,Outpatient,21958.0
Gastro-Enterology,2025-12-18,2025,Outpatient,19770.0
Gastro-Intestinal Surgery,2025-12-18,2025,Outpatient,1031.0
General Medicine,2025-12-18,2025,Outpatient,11909.0
General Surgery,2025-12-18,2025,Outpatient,30026.0
Geriatric Medicine,2025-12-18,2025,Outpatient,4891.0
Gynaecology,2025-12-18,2025,Outpatient,35552.0
Haematology,2025-12-18,2025,Outpatient,11259.0
Hepato-Biliary Surgery,2025-12-18,2025,Outpatient,171.0
Immunology,2025-12-18,2025,Outpatient,38.0
Infectious Diseases,2025-12-18,2025,Outpatient,906.0
Maxillo-Facial,2025-12-18,2025,Outpatient,2956.0
Metabolic Medicine,2025-12-18,2025,Outpatient,146.0
Nephrology,2025-12-18,2025,Outpatient,4048.0
Neurology,2025-12-18,2025,Outpatient,23407.0
Neurosurgery,2025-12-18,2025,Outpatient,10023.0
Obstetrics,2025-12-18,2025,Outpatient,106.0
Oncology,2025-12-18,2025,Outpatient,829.0
Ophthalmology,2025-12-18,2025,Outpatient,38021.0
Orthopaedics,2025-12-18,2025,Outpatient,70262.0
Otolaryngology (ENT),2025-12-18,2025,Outpatient,34578.0
Paed Cardiology,2025-12-18,2025,Outpatient,35.0
Paediatrics,2025-12-18,2025,Outpatient,209.0
Pain Relief,2025-12-18,2025,Outpatient,16300.0
Plastic Surgery,2025-12-18,2025,Outpatient,15591.0
Psychiatry,2025-12-18,2025,Outpatient,604.0
Radiology,2025-12-18,2025,Outpatient,21.0
Radiotherapy,2025-12-18,2025,Outpatient,35.0
Respiratory Medicine,2025-12-18,2025,Outpatient,25336.0
Rheumatology,2025-12-18,2025,Outpatient,13549.0
Small Volume Specialties,2025-12-18,2025,Outpatient,653.0
Urology,2025-12-18,2025,Outpatient,24405.0
Vascular Surgery,2025-12-18,2025,Outpatient,13749.0
Clinical Immunology,2025-12-18,2025,Outpatient,725.0
Dental Surgery,2025-12-18,2025,Outpatient,317.0
Dermatology,2025-12-18,2025,Outpatient,3517.0
Developmental Paediatrics,2025-12-18,2025,Outpatient,621.0
General Surgery,2025-12-18,2025,Outpatient,972.0
Gynaecology,2025-12-18,2025,Outpatient,643.0
Immunology,2025-12-18,2025,Outpatient,266.0
Maxillo-Facial,2025-12-18,2025,Outpatient,325.0
Ophthalmology,2025-12-18,2025,Outpatient,3484.0
Orthopaedics,2025-12-18,2025,Outpatient,2221.0
Otolaryngology (ENT),2025-12-18,2025,Outpatient,7428.0
Paed Cardiology,2025-12-18,2025,Outpatient,3649.0
Paed Endocrinology,2025-12-18,2025,Outpatient,770.0
Paed Gastro-Enterol,2025-12-18,2025,Outpatient,800.0
Paed Haematology,2025-12-18,2025,Outpatient,323.0
Paed Metabolic Medicine,2025-12-18,2025,Outpatient,24.0
Paed Nephrology,2025-12-18,2025,Outpatient,486.0
Paed Orthopaedic,2025-12-18,2025,Outpatient,3271.0
Paediatric Dermatology,2025-12-18,2025,Outpatient,7144.0
Paediatric ENT,2025-12-18,2025,Outpatient,4508.0
Paediatric Infectious Diseases,2025-12-18,2025,Outpatient,45.0
Paediatric Neurology,2025-12-18,2025,Outpatient,1713.0
Paediatric Neurosurgery,2025-12-18,2025,Outpatient,42.0
Paediatric Respiratory Medicine,2025-12-18,2025,Outpatient,1268.0
Paediatric Surgery,2025-12-18,2025,Outpatient,1289.0
Paediatric Urology,2025-12-18,2025,Outpatient,1428.0
Paediatrics,2025-12-18,2025,Outpatient,17486.0
Pain Relief,2025-12-18,2025,Outpatient,43.0
Plastic Surgery,2025-12-18,2025,Outpatient,1252.0
Rheumatology,2025-12-18,2025,Outpatient,606.0
Small Volume Specialties,2025-12-18,2025,Outpatient,673.0
Urology,2025-12-18,2025,Outpatient,2070.0
Vascular Surgery,2025-12-18,2025,Outpatient,23.0
Breast Surgery,2026-01-29,2026,Outpatient,994.0
Breast Surgery,2026-01-29,2026,Outpatient,4511.0
Cardio-Thoracic Surgery,2026-01-29,2026,Outpatient,487.0
Cardiology,2026-01-29,2026,Outpatient,39197.0
Cardiology,2026-01-29,2026,Outpatient,2430.0
Chemical Pathology,2026-01-29,2026,Outpatient,300.0
Clinical (Medical) Genetics,2026-01-29,2026,Outpatient,2963.0
Clinical Immunology,2026-01-29,2026,Outpatient,2233.0
Clinical Immunology,2026-01-29,2026,Outpatient,1345.0
Dermatology,2026-01-29,2026,Outpatient,52761.0
Dermatology,2026-01-29,2026,Outpatient,4663.0
Diabetes Mellitus,2026-01-29,2026,Outpatient,1686.0
Endocrinology,2026-01-29,2026,Outpatient,20350.0
Endocrinology,2026-01-29,2026,Outpatient,1830.0
Gastro-Enterology,2026-01-29,2026,Outpatient,1054.0
Gastro-Enterology,2026-01-29,2026,Outpatient,19089.0
Gastro-Intestinal Surgery,2026-01-29,2026,Outpatient,1093.0
General Medicine,2026-01-29,2026,Outpatient,12095.0
General Surgery,2026-01-29,2026,Outpatient,820.0
General Surgery,2026-01-29,2026,Outpatient,30054.0
Geriatric Medicine,2026-01-29,2026,Outpatient,641.0
Geriatric Medicine,2026-01-29,2026,Outpatient,4485.0
Gynaecology,2026-01-29,2026,Outpatient,35936.0
Gynaecology,2026-01-29,2026,Outpatient,744.0
Haematology,2026-01-29,2026,Outpatient,1440.0
Haematology,2026-01-29,2026,Outpatient,10096.0
Hepato-Biliary Surgery,2026-01-29,2026,Outpatient,177.0
Immunology,2026-01-29,2026,Outpatient,67.0
Infectious Diseases,2026-01-29,2026,Outpatient,876.0
Maxillo-Facial,2026-01-29,2026,Outpatient,59.0
Maxillo-Facial,2026-01-29,2026,Outpatient,3113.0
Metabolic Medicine,2026-01-29,2026,Outpatient,145.0
Nephrology,2026-01-29,2026,Outpatient,321.0
Nephrology,2026-01-29,2026,Outpatient,3909.0
Neurology,2026-01-29,2026,Outpatient,5840.0
Neurology,2026-01-29,2026,Outpatient,18826.0
Neurosurgery,2026-01-29,2026,Outpatient,5886.0
Neurosurgery,2026-01-29,2026,Outpatient,4497.0
Obstetrics,2026-01-29,2026,Outpatient,119.0
Oncology,2026-01-29,2026,Outpatient,717.0
Oncology,2026-01-29,2026,Outpatient,79.0
Ophthalmology,2026-01-29,2026,Outpatient,37865.0
Ophthalmology,2026-01-29,2026,Outpatient,1003.0
Orthopaedics,2026-01-29,2026,Outpatient,68670.0
Orthopaedics,2026-01-29,2026,Outpatient,3958.0
Otolaryngology (ENT),2026-01-29,2026,Outpatient,32127.0
Otolaryngology (ENT),2026-01-29,2026,Outpatient,3868.0
Paed Cardiology,2026-01-29,2026,Outpatient,36.0
Paediatric Dermatology,2026-01-29,2026,Outpatient,22.0
Paediatrics,2026-01-29,2026,Outpatient,212.0
Pain Relief,2026-01-29,2026,Outpatient,14748.0
Pain Relief,2026-01-29,2026,Outpatient,2165.0
Plastic Surgery,2026-01-29,2026,Outpatient,2926.0
Plastic Surgery,2026-01-29,2026,Outpatient,13294.0
Psychiatry,2026-01-29,2026,Outpatient,570.0
Psychiatry,2026-01-29,2026,Outpatient,43.0
Radiology,2026-01-29,2026,Outpatient,23.0
Radiotherapy,2026-01-29,2026,Outpatient,33.0
Respiratory Medicine,2026-01-29,2026,Outpatient,24525.0
Respiratory Medicine,2026-01-29,2026,Outpatient,1847.0
Rheumatology,2026-01-29,2026,Outpatient,13153.0
Rheumatology,2026-01-29,2026,Outpatient,635.0
Small Volume Specialties,2026-01-29,2026,Outpatient,603.0
Small Volume Specialties,2026-01-29,2026,Outpatient,10.0
Urology,2026-01-29,2026,Outpatient,4456.0
Urology,2026-01-29,2026,Outpatient,21453.0
Vascular Surgery,2026-01-29,2026,Outpatient,1560.0
Vascular Surgery,2026-01-29,2026,Outpatient,12486.0
Cardio-Thoracic Surgery,2026-01-29,2026,Outpatient,27.0
Clinical (Medical) Genetics,2026-01-29,2026,Outpatient,33.0
Clinical Immunology,2026-01-29,2026,Outpatient,751.0
Dental Surgery,2026-01-29,2026,Outpatient,318.0
Dermatology,2026-01-29,2026,Outpatient,3560.0
Developmental Paediatrics,2026-01-29,2026,Outpatient,608.0
General Surgery,2026-01-29,2026,Outpatient,966.0
Gynaecology,2026-01-29,2026,Outpatient,682.0
Immunology,2026-01-29,2026,Outpatient,249.0
Maxillo-Facial,2026-01-29,2026,Outpatient,342.0
Ophthalmology,2026-01-29,2026,Outpatient,3910.0
Orthopaedics,2026-01-29,2026,Outpatient,2184.0
Otolaryngology (ENT),2026-01-29,2026,Outpatient,7592.0
Otolaryngology (ENT),2026-01-29,2026,Outpatient,28.0
Paed Cardiology,2026-01-29,2026,Outpatient,3895.0
Paed Endocrinology,2026-01-29,2026,Outpatient,772.0
Paed Gastro-Enterol,2026-01-29,2026,Outpatient,819.0
Paed Haematology,2026-01-29,2026,Outpatient,350.0
Paed Metabolic Medicine,2026-01-29,2026,Outpatient,26.0
Paed Nephrology,2026-01-29,2026,Outpatient,492.0
Paed Orthopaedic,2026-01-29,2026,Outpatient,3390.0
Paediatric Anaesthetics,2026-01-29,2026,Outpatient,21.0
Paediatric Dermatology,2026-01-29,2026,Outpatient,7354.0
Paediatric ENT,2026-01-29,2026,Outpatient,4459.0
Paediatric Infectious Diseases,2026-01-29,2026,Outpatient,46.0
Paediatric Neurology,2026-01-29,2026,Outpatient,1759.0
Paediatric Neurosurgery,2026-01-29,2026,Outpatient,41.0
Paediatric Respiratory Medicine,2026-01-29,2026,Outpatient,1292.0
Paediatric Surgery,2026-01-29,2026,Outpatient,1271.0
Paediatric Urology,2026-01-29,2026,Outpatient,1471.0
Paediatrics,2026-01-29,2026,Outpatient,18155.0
Pain Relief,2026-01-29,2026,Outpatient,44.0
Plastic Surgery,2026-01-29,2026,Outpatient,1148.0
Rheumatology,2026-01-29,2026,Outpatient,579.0
Small Volume Specialties,2026-01-29,2026,Outpatient,31.0
Small Volume Specialties,2026-01-29,2026,Outpatient,570.0
Urology,2026-01-29,2026,Outpatient,2132.0
Vascular Surgery,2026-01-29,2026,Outpatient,21.0
Breast Surgery,2026-02-26,2026,Outpatient,6204.0
Cardio-Thoracic Surgery,2026-02-26,2026,Outpatient,496.0
Cardiology,2026-02-26,2026,Outpatient,41730.0
Chemical Pathology,2026-02-26,2026,Outpatient,325.0
Clinical (Medical) Genetics,2026-02-26,2026,Outpatient,3114.0
Clinical Immunology,2026-02-26,2026,Outpatient,3648.0
Dermatology,2026-02-26,2026,Outpatient,57109.0
Diabetes Mellitus,2026-02-26,2026,Outpatient,1654.0
Endocrinology,2026-02-26,2026,Outpatient,22521.0
Gastro-Enterology,2026-02-26,2026,Outpatient,20823.0
Gastro-Intestinal Surgery,2026-02-26,2026,Outpatient,1221.0
General Medicine,2026-02-26,2026,Outpatient,12423.0
General Surgery,2026-02-26,2026,Outpatient,30588.0
Geriatric Medicine,2026-02-26,2026,Outpatient,5166.0
Gynaecology,2026-02-26,2026,Outpatient,37258.0
Haematology,2026-02-26,2026,Outpatient,11879.0
Hepato-Biliary Surgery,2026-02-26,2026,Outpatient,180.0
Immunology,2026-02-26,2026,Outpatient,84.0
Infectious Diseases,2026-02-26,2026,Outpatient,901.0
Maxillo-Facial,2026-02-26,2026,Outpatient,3080.0
Metabolic Medicine,2026-02-26,2026,Outpatient,151.0
Nephrology,2026-02-26,2026,Outpatient,4309.0
Neurology,2026-02-26,2026,Outpatient,24773.0
Neurosurgery,2026-02-26,2026,Outpatient,11430.0
Obstetrics,2026-02-26,2026,Outpatient,130.0
Oncology,2026-02-26,2026,Outpatient,901.0
Ophthalmology,2026-02-26,2026,Outpatient,39610.0
Orthopaedics,2026-02-26,2026,Outpatient,74373.0
Otolaryngology (ENT),2026-02-26,2026,Outpatient,36777.0
Paed Cardiology,2026-02-26,2026,Outpatient,34.0
Paediatrics,2026-02-26,2026,Outpatient,204.0
Pain Relief,2026-02-26,2026,Outpatient,17445.0
Plastic Surgery,2026-02-26,2026,Outpatient,16451.0
Psychiatry,2026-02-26,2026,Outpatient,624.0
Radiology,2026-02-26,2026,Outpatient,24.0
Radiotherapy,2026-02-26,2026,Outpatient,38.0
Respiratory Medicine,2026-02-26,2026,Outpatient,27384.0
Rheumatology,2026-02-26,2026,Outpatient,14213.0
Small Volume Specialties,2026-02-26,2026,Outpatient,608.0
Urology,2026-02-26,2026,Outpatient,25920.0
Vascular Surgery,2026-02-26,2026,Outpatient,13914.0
Cardio-Thoracic Surgery,2026-02-26,2026,Outpatient,20.0
Clinical (Medical) Genetics,2026-02-26,2026,Outpatient,21.0
Clinical Immunology,2026-02-26,2026,Outpatient,820.0
Dental Surgery,2026-02-26,2026,Outpatient,311.0
Dermatology,2026-02-26,2026,Outpatient,3601.0
Developmental Paediatrics,2026-02-26,2026,Outpatient,647.0
General Surgery,2026-02-26,2026,Outpatient,936.0
Gynaecology,2026-02-26,2026,Outpatient,713.0
Immunology,2026-02-26,2026,Outpatient,239.0
Maxillo-Facial,2026-02-26,2026,Outpatient,332.0
Ophthalmology,2026-02-26,2026,Outpatient,4038.0
Orthopaedics,2026-02-26,2026,Outpatient,2189.0
Otolaryngology (ENT),2026-02-26,2026,Outpatient,7807.0
Paed Cardiology,2026-02-26,2026,Outpatient,3917.0
Paed Endocrinology,2026-02-26,2026,Outpatient,757.0
Paed Gastro-Enterol,2026-02-26,2026,Outpatient,838.0
Paed Haematology,2026-02-26,2026,Outpatient,320.0
Paed Metabolic Medicine,2026-02-26,2026,Outpatient,26.0
Paed Nephrology,2026-02-26,2026,Outpatient,505.0
Paed Orthopaedic,2026-02-26,2026,Outpatient,3414.0
Paediatric Dermatology,2026-02-26,2026,Outpatient,7210.0
Paediatric ENT,2026-02-26,2026,Outpatient,4409.0
Paediatric Infectious Diseases,2026-02-26,2026,Outpatient,54.0
Paediatric Neurology,2026-02-26,2026,Outpatient,1740.0
Paediatric Neurosurgery,2026-02-26,2026,Outpatient,37.0
Paediatric Respiratory Medicine,2026-02-26,2026,Outpatient,1345.0
Paediatric Surgery,2026-02-26,2026,Outpatient,1330.0
Paediatric Urology,2026-02-26,2026,Outpatient,1509.0
Paediatrics,2026-02-26,2026,Outpatient,18735.0
Pain Relief,2026-02-26,2026,Outpatient,41.0
Plastic Surgery,2026-02-26,2026,Outpatient,1184.0
Rheumatology,2026-02-26,2026,Outpatient,630.0
Small Volume Specialties,2026-02-26,2026,Outpatient,597.0
Urology,2026-02-26,2026,Outpatient,2172.0
